scheme,n_folds,accuracy_test,accuracy_test_std,f1_macro_test,f1_macro_test_std,f1_weighted_test,f1_weighted_test_std,roc_auc_test,roc_auc_test_std,n_test
CV1,5,0.7456957354990748,0.016396715757421944,0.7451282982920535,0.016653724231933734,0.7459059032171865,0.016112083158978795,0.8220428915531963,0.008896746972797175,2976
