drug,inchikey,level,dim_0,dim_1,dim_2,dim_3,dim_4,dim_5,dim_6,dim_7,dim_8,dim_9,dim_10,dim_11,dim_12,dim_13,dim_14,dim_15,dim_16,dim_17,dim_18,dim_19,dim_20,dim_21,dim_22,dim_23,dim_24,dim_25,dim_26,dim_27,dim_28,dim_29,dim_30,dim_31,dim_32,dim_33,dim_34,dim_35,dim_36,dim_37,dim_38,dim_39,dim_40,dim_41,dim_42,dim_43,dim_44,dim_45,dim_46,dim_47,dim_48,dim_49,dim_50,dim_51,dim_52,dim_53,dim_54,dim_55,dim_56,dim_57,dim_58,dim_59,dim_60,dim_61,dim_62,dim_63,dim_64,dim_65,dim_66,dim_67,dim_68,dim_69,dim_70,dim_71,dim_72,dim_73,dim_74,dim_75,dim_76,dim_77,dim_78,dim_79,dim_80,dim_81,dim_82,dim_83,dim_84,dim_85,dim_86,dim_87,dim_88,dim_89,dim_90,dim_91,dim_92,dim_93,dim_94,dim_95,dim_96,dim_97,dim_98,dim_99,dim_100,dim_101,dim_102,dim_103,dim_104,dim_105,dim_106,dim_107,dim_108,dim_109,dim_110,dim_111,dim_112,dim_113,dim_114,dim_115,dim_116,dim_117,dim_118,dim_119,dim_120,dim_121,dim_122,dim_123,dim_124,dim_125,dim_126,dim_127
a22,LZTCFLDZLBOLDW-UHFFFAOYSA-N,A4,0.089737304,-0.089737147,-0.089737304,0.089737304,0.089737304,-0.089737304,0.089737304,-0.089737304,0.076444283,0.089737304,-0.089432202,-0.089737304,0.089737304,-0.089091145,-0.089737304,0.089728385,0.089737304,0.089737304,0.089737304,0.089737304,0.089737214,0.089674555,0.089737304,-0.089737304,0.089737304,-0.089737304,-0.089737229,0.086162597,0.089737304,0.089737304,0.08973714,0.089737304,-0.089711696,-0.089737207,-0.089737304,0.089737304,0.089736894,-0.089725859,0.089737304,0.089737304,0.089737304,0.088325575,0.089737304,0.089737304,0.089737304,-0.089737304,0.089737304,-0.089737304,0.089737304,0.089737304,0.089737304,0.089619271,-0.089735165,0.089737304,-0.089737304,0.089737304,0.089737289,-0.08313825,0.089737304,0.089737304,0.089737304,0.089737304,0.089737259,0.089737304,0.054606188,-0.089669779,-0.089737304,-0.089737304,-0.089737304,-0.089737304,-0.089737304,0.08930099,0.089737304,0.089737304,0.089737304,-0.088895805,0.08973714,-0.059468735,-0.089737304,0.089737304,0.086143397,-0.089737274,-0.089737304,0.089737304,0.089703992,0.088224232,-0.089737304,0.089737304,-0.089737304,-0.089704201,0.089735821,0.089737304,-0.089737304,0.089737304,0.089737304,-0.089737251,0.089737304,0.088493153,0.088242054,-0.089737304,0.089737304,-0.089737304,-0.051492855,-0.089737304,0.089737304,-0.088950023,-0.089737304,0.089737304,0.089737304,-0.089737304,0.089370675,-0.084006801,-0.089737304,-0.087088339,-0.089656368,-0.089737304,-0.089737304,0.089737304,-0.019864451,-0.089737304,0.089737304,0.089737304,0.089737304,-0.087857082,-0.089737304,-0.089697175,-0.089737304,-0.089737229
acetylsalicylicacid,BSYNRYMUTXBXSQ-UHFFFAOYSA-N,A4,-0.067347437,-0.087024927,-0.025344962,0.096639141,-0.096963711,-0.027352273,0.078646332,0.096935503,0.091518924,0.096876748,-0.093076766,-0.09195751,-0.094832681,-0.093434222,0.087467752,0.07509651,-0.095635556,0.096965909,-0.096951403,-0.084998585,-0.038267687,-0.068681329,-0.091228202,-0.096953683,0.095450111,0.079420917,-0.09338627,-0.096617803,-0.095139451,0.090909526,0.061889779,0.096969046,0.0969707,0.09578371,-0.053812075,-0.096016854,0.096969359,-0.096876934,-0.096884452,0.075774506,-0.091027461,0.096968152,0.096257709,0.013288972,0.096426889,-0.096972644,-0.094978705,-0.096971214,0.083611175,-0.09367986,0.091329843,-0.028413896,0.09032882,0.095402442,-0.094722703,-0.068415388,-0.09576875,0.084753469,-0.096585773,-0.058009405,-0.081205547,0.092650354,0.030689899,-0.090194657,-0.096891366,0.076728545,-0.094687246,-0.094408423,0.086042993,0.095664322,0.093716547,0.094847083,-0.0720843,-0.07751397,0.096964918,-0.096973285,-0.096090727,0.0841759,-0.092272118,-0.084464222,-0.096944109,-0.096965961,0.096962593,-0.096720174,0.093587965,0.066631578,0.094923988,-0.096128494,0.093807526,-0.096973293,-0.087178595,-0.096875653,-0.095485687,-0.096914172,0.0607531,-0.093876585,0.095510349,-0.083639883,-0.096799396,0.094165467,-0.094775721,-0.096968122,-0.095552027,-0.096963964,0.096933544,-0.082773432,-0.09696041,-0.09696807,-0.018449485,-0.093068935,-0.087790661,0.096268117,0.096696138,0.0968839,-0.050025944,-0.096762754,-0.096026555,0.09696351,-0.096973315,0.096640766,0.096966587,0.046659928,-0.096730269,0.096963868,0.095698975,0.045519352,-0.096954741,-0.096281216
amikacin,LKCWBDHBTVXHDL-RMDFUYIESA-N,A4,0.089703247,-0.089703247,0.089015104,0.089703247,0.089703247,0.089703247,-0.089703247,-0.089703247,-0.089703247,0.089703247,0.089703247,-0.089703247,-0.089703247,0.089703247,-0.089703247,0.089703247,-0.089703247,0.089703247,-0.089703247,0.089703247,-0.076090917,-0.089703247,0.089703247,-0.089703247,-0.089703247,-0.089379258,-0.089703247,0.089703247,0.089703247,-0.089649342,-0.089703247,0.089703247,0.089697443,-0.089703247,0.089692727,-0.089703247,-0.089703247,-0.089703247,-0.089703247,0.089703247,0.089703202,0.089702919,-0.089703247,0.089703247,-0.089703247,0.089703247,0.089703247,-0.089703247,-0.061965249,0.089703247,-0.086588196,-0.089703247,0.04913754,0.089703247,0.089703247,-0.089703247,-0.053418498,-0.08805088,-0.089702621,-0.089703247,0.089567155,-0.089703187,-0.089703247,-0.089703247,-0.089703247,-0.089703247,0.089703247,-0.089703247,0.089703247,0.089703247,-0.077770434,-0.089703247,-0.089703247,0.089692309,-0.089703247,0.089703247,-0.086854219,0.089703247,0.089703247,0.089703247,0.089703247,0.089698702,0.089662217,-0.089703247,-0.089703247,-0.089703247,0.048638713,0.089703247,0.089703247,0.089703247,-0.089703247,-0.089703247,0.083033241,-0.089703247,-0.089703247,0.076208547,0.089641303,-0.089703247,0.089703247,0.089703247,-0.089703247,0.089703247,0.089703247,0.089703247,0.089703247,-0.089703247,-0.089703247,-0.089703247,0.089703247,-0.089703247,-0.089703247,0.089703247,-0.089703247,-0.089703247,-0.089703247,-0.089703247,0.089703247,-0.089703247,-0.089703247,-0.089703172,0.089703247,-0.089703247,0.089658372,0.089585595,-0.089703247,0.089703247,0.089703247,-0.089703247
aminosalicylate sodium,GMUQJDAYXZXBOT-UHFFFAOYSA-M,A4,-0.090843312,-0.090843312,-0.090843312,0.090843312,-0.090843312,-0.090843312,0.090843312,-0.088988721,-0.090840772,0.050656356,0.090843312,-0.090843312,-0.090843312,-0.090843312,0.090827569,-0.007441218,0.090834513,-0.083504923,-0.082172565,0.090843312,-0.090843312,-0.090843312,-0.089607835,-0.09073852,0.090843223,-0.090842657,-0.090842113,-0.081726953,0.090843312,-0.090843312,-0.090843178,0.090843312,0.090843312,-0.090842754,0.090843312,0.087408267,-0.04164419,-0.09083125,0.090843268,-0.090843312,0.090843312,0.090609923,-0.084166832,0.090843312,0.090842679,-0.090843312,0.09001331,-0.090843312,0.090843312,0.090843312,0.090843298,0.090843312,0.090843312,0.090843163,-0.084217861,0.090797134,0.090843312,-0.066610992,0.090840608,0.090843216,0.090827838,0.090843283,-0.090843312,-0.090842493,-0.090843312,-0.090843312,0.090843223,0.053579159,0.090843312,-0.090824068,0.090843312,0.090843312,0.089478821,-0.09035255,0.090843134,-0.090843312,-0.089016974,0.090843111,0.073063791,0.090843312,-0.090843312,-0.090843312,0.090500109,-0.090843312,0.090843312,-0.090843149,0.090843312,0.090843312,-0.090835132,-0.08880651,0.0896006,-0.090843312,-0.067727968,-0.090843268,0.090843312,-0.090843312,0.090134904,-0.090842746,-0.090841204,0.085045449,-0.090843312,-0.090843312,0.065892152,-0.090843312,-0.070783935,-0.090839639,-0.090843312,-0.090843312,0.076723121,-0.090840511,-0.090843312,-0.090843312,0.090843312,-0.090843312,0.09084139,0.090841539,0.090453863,0.090843312,-0.090843312,0.090843178,0.090843283,-0.090843312,-0.090843312,0.090843312,-0.090843312,-0.090843216,-0.090843312,-0.090841383
aminosalicylic acid,WUBBRNOQWQTFEX-UHFFFAOYSA-N,A4,0.090151154,-0.090151154,-0.090151154,0.090151154,0.090151154,-0.090151154,0.090151154,-0.090151154,-0.090151154,-0.01042985,0.090151154,-0.090151154,-0.090151154,0.090117633,-0.090151154,0.090151154,0.090151154,0.090151154,0.090151154,0.090151154,0.090150125,-0.085817941,0.090151154,-0.090151154,0.090099357,-0.090151154,-0.087316394,-0.090151154,0.090151154,0.090151154,-0.090151154,0.090151154,0.090151154,-0.090151154,0.090151154,0.08342132,-0.090151154,-0.090151154,-0.090151154,0.090151154,0.090151154,0.090151154,0.08874128,0.090151154,0.090150967,0.090151124,0.090151154,-0.090151154,0.090151154,0.090151154,0.090151154,-0.088306226,-0.090151154,0.08638832,0.090151154,0.090151154,-0.090151154,0.090151154,-0.090097815,-0.090151154,0.089450419,0.090050496,-0.090151154,-0.090146087,-0.090151154,0.090151004,-0.090151154,-0.090151154,-0.090151154,0.090151072,0.090151154,-0.090151154,-0.090151154,0.090151154,0.090151154,-0.090151154,-0.090150766,0.090151154,0.090151154,0.090151154,-0.090151154,-0.090151154,0.090151154,-0.090151154,0.090151154,-0.090151154,-0.090151154,0.090151154,0.090151154,-0.047685869,-0.090151154,-0.090151154,-0.069101125,0.090018943,0.090151086,-0.090151154,-0.000531843,-0.090150028,-0.082646959,0.09005855,-0.090151154,-0.090151154,-0.090151154,-0.090151154,0.070739403,-0.090150565,-0.090151154,-0.090151154,0.090151154,-0.090151154,-0.090151154,0.090151154,-0.090151154,-0.090151154,-0.090151154,-0.090151154,-0.089798138,-0.090022229,-0.090151154,0.089911275,0.090151154,-0.090151109,-0.090151154,0.090151154,-0.090151154,0.040410858,0.090151154,-0.090151154
amoxicillin,LSQZJLSUYDQPKJ-NJBDSQKTSA-N,A4,-0.104846239,-0.049723439,0.093500905,-0.104436405,-0.0202653,-0.077345848,-0.101540878,0.100428045,0.023622414,0.047315102,-0.098690026,0.096899323,-0.104435883,0.105124928,0.023072386,-0.022358865,-0.070790671,0.066349655,-0.022791466,0.091080181,-0.099340938,0.095046476,0.105141059,0.100995198,0.095473997,0.017911196,-0.041548565,-0.105019234,-0.102835849,-0.022019999,-0.105104461,-0.073695496,-0.097276375,0.104967773,-0.10178344,-0.102724887,0.104736514,0.105102055,-0.063143298,-0.080706984,0.104091026,0.01830256,-0.059588183,-0.087386817,-0.088659376,-0.022158712,0.086163618,0.01380329,0.104490384,0.093805693,-0.100282028,0.104081362,0.045980968,-0.086644061,0.105107278,0.097996496,0.045186341,-0.006045227,0.105079196,0.031970672,0.10485515,-0.104854569,-0.098123178,-0.105046272,-0.104828693,-0.099030092,0.10258235,0.105142221,0.085052669,0.10489215,-0.011263571,0.049861223,0.091849484,0.104673035,-0.104898334,0.104743466,-0.050236624,-0.104890928,-0.085524708,-0.103387304,-0.104698442,-0.105037071,0.100430459,-0.102348365,-0.103557341,-0.099296756,0.09993726,-0.069792524,0.105143167,0.105106629,-0.105130166,-0.08083047,0.104365446,-0.104911476,0.076432146,0.080017604,-0.103733823,0.011431525,0.082908817,0.105142504,0.073763907,0.103992246,0.085831918,0.104922622,-0.067615502,0.104875602,0.083914384,0.097024478,0.001914364,0.090436451,0.091138691,-0.10369394,-0.091119744,-0.105075479,0.104529046,-0.100495018,0.102246895,-0.104909562,0.000717188,0.104406372,-0.02497017,-0.101344794,0.10362839,-0.060691442,0.085974216,-0.105027266,-0.102596253,0.097430207
ampicillin,AVKUERGKIZMTKX-NJBDSQKTSA-N,A4,-0.103473023,-0.038117588,0.08579807,-0.103638098,-0.061332267,-0.092132322,-0.099904917,0.101152338,0.084057748,0.053580821,-0.098519087,0.102983691,-0.103204831,0.103880733,-0.007217649,-0.035363477,-0.084186904,0.090429477,0.034872159,0.100329302,-0.091897205,0.095504239,0.103900075,0.099794254,0.095297202,0.061904997,-0.017957658,-0.103869393,-0.103399053,-0.076722182,-0.103846848,-0.042839527,-0.09775535,0.103787705,-0.099261872,-0.09559451,0.10194765,0.103751168,-0.0871794,-0.097473256,0.102391459,-0.017647294,-0.079528116,-0.098377116,-0.099496119,0.026080584,0.077506661,0.032721791,0.102993704,0.07870765,-0.097873509,0.1034979,0.027573695,-0.055931795,0.103886887,0.067552254,-0.031256832,-0.074219696,0.103834137,-0.011665487,0.103695109,-0.103592202,-0.018777885,-0.103798628,-0.100764476,-0.082343362,0.099479817,0.103902496,0.001534851,0.103799537,0.08486931,0.013759105,0.09414804,0.103080325,-0.097661048,0.100926578,-0.025924711,-0.103674248,-0.072853886,-0.100812398,-0.103274606,-0.10344509,0.087294988,-0.102805875,-0.102526471,-0.098991752,0.095219538,-0.093922749,0.103899263,0.103571095,-0.103893109,-0.08416564,0.103006475,-0.101658955,-0.025228364,0.099315479,-0.101294406,0.034484558,0.024572114,0.103903301,0.077151068,0.103779361,0.094265871,0.103372432,-0.072045512,0.101778582,0.102861419,0.102025315,0.03175398,0.081027441,0.097927183,-0.101479456,-0.082006581,-0.103798658,0.103570305,-0.101208627,0.101444565,-0.102926224,0.06788224,0.103686273,-0.05098575,-0.10276223,0.101924405,-0.089592613,0.093824334,-0.103708275,-0.09646824,0.094924606
anisomycin,YKJYKKNCCRKFSL-RDBSUJKOSA-N,A4,0.089560375,-0.089560375,0.089560375,0.089560375,0.089560375,0.089560375,-0.0837887,-0.089560375,0.089560375,0.089560375,0.089560375,-0.089560375,-0.089560375,0.089560375,-0.089560375,0.089560375,-0.089560375,0.089560375,-0.089560375,0.089560345,0.089540914,-0.089560226,0.089560375,-0.089560375,-0.089560375,-0.072926231,-0.089560375,-0.088849477,0.089560375,-0.089535251,-0.089560375,0.089560375,0.089560375,-0.089560375,0.089560375,-0.089560375,-0.089560375,-0.089560375,-0.089560375,0.089560375,0.089560278,0.089560375,0.089249991,0.089353748,-0.089560375,0.089560375,-0.089535512,-0.089560375,-0.089560375,0.089560375,0.089560375,-0.089560375,-0.000616039,0.089560375,0.089560375,-0.089560375,-0.089560375,-0.088924579,-0.089560375,-0.089560375,-0.089560375,-0.083328977,-0.085072972,-0.089560375,-0.089560375,0.089560375,0.08956036,-0.089560375,-0.088782549,0.078081273,0.089560375,-0.089560375,-0.089560375,-0.079842456,-0.089560375,0.089560375,-0.089560375,0.089560375,0.089560375,0.089560375,0.089560375,-0.085659586,0.089560375,-0.089560375,-0.089560375,-0.089560375,-0.089560375,0.089560375,0.089558996,0.089560345,-0.089560375,-0.089560375,-0.089560375,0.089207575,-0.089560375,0.089560375,0.08698269,-0.089560375,-0.089525983,0.089560375,-0.089560375,0.089560375,0.08955881,-0.089543134,0.089560375,-0.089560375,-0.089560375,-0.089560375,0.089560375,-0.089560375,-0.089560375,0.089560129,-0.089560375,-0.089560375,-0.089560375,-0.089560375,0.089560375,-0.089560375,-0.089560375,0.089560375,0.089560375,-0.089560375,-0.013324835,0.089559898,-0.089553952,0.089560375,0.089560375,-0.089560375
ansamicin,ATEBXHFBFRCZMA-VXTBVIBXSA-N,A4,0.087347083,0.10090293,0.006666553,0.098392837,0.061109696,0.100949124,-0.091834664,-0.086160183,-0.094173513,0.00812033,-0.097627833,0.098971307,-0.083844841,0.100950181,-0.100942858,0.100945644,-0.100934543,0.100950539,0.100950383,-0.061397199,0.031260855,0.100917213,0.100855306,-0.025453042,-0.051111247,0.100916527,0.10093797,-0.100935951,0.04557512,-0.099924155,-0.100950539,-0.100869581,0.096508294,0.023153029,-0.028206907,-0.082199171,-0.099633127,-0.030601669,0.100735664,-0.093863629,-0.049897086,-0.099694468,-0.100931324,0.074095465,0.078415528,-0.097519889,0.100950278,-0.100949846,-0.100945741,-0.047033202,0.068684109,-0.100867786,-0.100950539,0.099130899,0.095951065,-0.100950465,-0.097214244,0.100735344,0.100937217,0.100523308,-0.017665131,0.100941576,0.040811092,-0.100882001,-0.100950539,0.100921258,0.053440277,0.100848302,-0.079508945,0.040697586,0.100944951,0.004574317,0.047989175,0.100889474,0.097313121,-0.100950301,-0.099161506,-0.09205959,-0.081920646,0.077496275,0.060848869,-0.037191175,-0.100842282,-0.03770851,-0.100948647,-0.040524632,0.098767638,-0.100950539,0.085305087,-0.091876037,-0.100950539,-0.100945391,0.100949615,-0.094133988,-0.095661759,0.098205671,-0.100933798,-0.09499485,0.088006079,0.100950539,0.100817449,0.100945674,0.100098848,0.100950122,0.100950539,-0.10082303,0.099892683,0.100936525,0.100744329,-0.100948982,0.035431497,0.100920878,0.100548372,-0.100950465,0.003338804,-0.100938782,0.100945257,-0.100012064,-0.076429553,0.065662563,-0.100948244,-0.100950524,0.100636214,-0.10095048,-0.099173352,0.086852573,-0.003495912,-0.09202598
aphidicolin,NOFOAYPPHIUXJR-APNQCZIXSA-N,A4,0.090735227,-0.091257781,-0.091257572,0.091257781,0.091257781,0.091257647,0.073368534,-0.091257729,-0.089697339,-0.090064459,0.091257781,0.091257781,-0.077446125,0.091257781,-0.091257781,0.091225289,-0.091257781,0.091257781,-0.090616643,-0.091214947,-0.091257781,0.091257781,0.091257781,-0.091257781,0.091257587,0.091257699,-0.091257781,-0.091257781,-0.091257781,-0.091257781,-0.091257781,-0.089213416,-0.091257781,-0.091257781,-0.091254123,-0.091257349,-0.091257781,-0.091257781,-0.091257781,-0.091257781,-0.091243304,0.091257781,0.091256946,0.091249928,-0.091257781,0.091053613,0.008062629,-0.091257781,-0.091257781,-0.091257781,-0.091257781,-0.091257781,0.078685641,0.091257781,0.091257758,-0.091257781,-0.091257781,-0.091257244,0.091257781,-0.091243014,-0.091257781,0.091257781,-0.049793959,-0.091257781,-0.038122945,0.091257706,-0.090848193,-0.091222569,0.090829909,-0.091256782,-0.090848655,-0.091257781,0.087333567,-0.057644956,-0.091257781,0.091257781,-0.091257781,0.091257781,0.059415422,-0.090492047,0.091257781,0.091257781,0.091257781,-0.091257781,-0.091257781,0.091018274,-0.091257781,-0.091257781,0.091257736,0.026193194,-0.091257781,-0.091257781,0.091257781,0.091257766,0.090828396,0.091257781,-0.091257781,0.091257289,0.091257781,0.091257781,0.09125609,0.091257781,0.080510549,0.091257781,0.091257781,-0.091257781,0.071123004,0.083156653,-0.091249496,-0.021478064,-0.091257781,0.091257781,0.091257356,-0.091257781,-0.091257781,-0.091257781,0.091257781,-0.091257781,-0.091253884,0.090812497,-0.070721418,-0.091257781,0.091257684,-0.091257781,-0.091257781,0.091257781,0.091257781,-0.091257781
apramycin,XZNUGFQTQHRASN-XQENGBIVSA-N,A4,0.089635223,-0.089635223,0.087363489,0.089635223,0.089635223,0.089635223,-0.089635223,-0.089635223,-0.089635223,0.089635223,0.089635223,-0.089635223,-0.089635223,0.089635223,-0.089635223,0.089635223,-0.089635223,0.089635223,-0.089635223,0.089635223,0.068486132,-0.089635223,0.089635223,-0.089635223,-0.089635223,-0.089385957,-0.089635223,0.089635223,0.089635223,-0.089589797,-0.089635223,0.089635223,0.089635223,-0.089635223,0.089635223,-0.089635223,-0.089635223,-0.089635223,-0.089635223,0.089635223,0.089633025,0.089635223,-0.089633554,0.089635223,-0.089635223,0.089635223,0.089635223,-0.089635223,-0.062025391,0.089635223,-0.08595252,-0.089635223,-0.089627266,0.089635223,0.089635223,-0.089635223,-0.089629665,-0.087771431,-0.089635223,-0.089635223,-0.081519611,-0.089634947,-0.089635223,-0.089635223,-0.089635223,-0.089635223,0.089635223,-0.089635223,0.089635223,0.089635223,0.088068217,-0.089635223,-0.089635223,-0.026101936,-0.089635223,0.089635223,-0.089273505,0.089635223,0.089635223,0.089635223,0.089635223,0.088773951,0.089633174,-0.089635223,-0.089635223,-0.089635223,-0.089495242,0.089635223,0.089635223,0.089635223,-0.089635223,-0.089635223,0.062810838,-0.089570768,-0.089635223,0.082160778,-0.08795017,-0.089635223,0.089635223,0.089635223,-0.089635223,0.089635223,0.089635223,0.089635223,0.089635223,-0.089635223,-0.089635223,-0.089635223,0.089635223,-0.089635223,-0.089635223,0.089635223,-0.089635223,-0.089635223,-0.089635223,-0.089635223,0.089635223,-0.089635223,-0.089635223,-0.08962182,0.089635223,-0.089635223,-0.05956265,0.089590341,-0.089635223,0.089635223,0.089635223,-0.089635223
aspoxicillin,BHELIUBJHYAEDK-OAIUPTLZSA-N,A4,-0.103497446,-0.06691613,0.091157243,-0.10339205,0.102889061,-0.035235625,-0.103188567,0.092788972,-0.100482985,0.053217843,-0.103087887,0.096133381,-0.101839319,0.10351038,0.068391368,-0.091574349,-0.084732972,-0.00063552,-0.090226479,0.023854518,-0.102383889,0.102923371,0.103516661,0.030323403,0.093675472,0.094646305,-0.001516605,-0.093863189,-0.102979496,0.098592788,-0.103509657,0.01449254,-0.093852639,0.089509092,-0.103261538,-0.097652808,0.103459232,0.103515975,0.061522216,-0.066491924,0.098791741,-0.034037184,-0.10265135,-0.070885196,-0.05463279,-0.103221029,0.100383036,-0.100651659,0.103148855,0.103480622,-0.103412829,-0.075677268,0.026483448,-0.084939569,0.103290007,0.10327328,0.036301624,0.00216666,0.103508599,0.060877919,0.103073336,-0.103364401,-0.103469931,-0.103515089,-0.103511736,-0.102177911,0.103412621,0.103511438,0.10331089,0.102880754,-0.096552677,0.089075364,-0.016884034,0.10351032,-0.103516504,0.103507578,0.042263802,-0.103419431,-0.088030159,-0.10309504,-0.097978547,-0.103484333,0.103074603,-0.103182539,-0.061193217,0.013200227,0.103428453,-0.017457057,0.103516676,0.103516474,-0.103515826,-0.099733777,0.103492923,-0.103514791,0.092628181,-0.016832279,-0.102401733,-0.098950677,0.100072809,0.103465252,0.102169104,0.103125237,0.029894447,0.103483707,-0.030790541,0.103457972,0.05195507,0.072167575,0.013775244,0.08550436,0.087100111,-0.060340203,-0.103495367,-0.10351564,0.102764249,-0.084816985,0.103394307,-0.103513546,-0.04906268,0.062202387,-0.081098147,-0.093440965,0.102515474,0.052331705,0.032650076,-0.103505909,-0.093393289,0.088246308
atovaquone,BSJMWHQBCZFXBR-UHFFFAOYSA-N,A4,0.089805275,-0.089805275,0.089805275,0.089805275,0.089805275,0.089805275,-0.089805275,0.089805275,0.089805275,-0.089780927,-0.089805275,-0.089805275,-0.089805275,0.089805275,-0.089805275,-0.089805275,-0.089805275,0.089805275,-0.089805275,-0.089805275,0.089805275,-0.089407548,-0.089805275,0.089805275,0.089805275,-0.089775212,0.08852078,0.089805275,-0.089805275,0.089805275,0.089786589,0.089805275,0.089805275,-0.089805275,0.060191069,-0.089805275,0.089805275,-0.089805275,-0.089805275,0.089805275,-0.089805275,0.089805275,0.089805275,-0.089805275,0.089805275,-0.089805275,0.089805275,-0.089805275,0.089805275,-0.089805275,0.089804806,0.072759949,0.089805275,0.089805275,0.089805275,-0.089805275,-0.089805275,0.0111723,-0.089805193,-0.089805275,-0.089805275,0.024643552,0.089805275,0.089708515,-0.089805275,-0.020388318,-0.089805275,-0.089473568,-0.089805275,0.089805275,-0.089805275,0.089805275,0.088218369,-0.089805275,0.089805275,-0.089805275,-0.089805275,-0.089805275,0.089805275,-0.089805275,-0.089805275,-0.089805275,0.089805275,0.089805275,0.089805275,0.089805275,-0.089805275,-0.089805275,0.089805275,-0.089805275,-0.089805275,-0.089805275,0.089805275,-0.089805275,-0.089805275,-0.089798428,0.089805275,0.088498048,0.089805275,0.089805275,-0.089340322,-0.089805275,-0.089805275,0.08972872,0.089805275,0.089805275,-0.089805275,-0.089805275,0.089805275,0.089803666,-0.089805275,0.089805275,0.089805275,0.089805275,0.089805275,-0.089805275,-0.089805275,-0.089265585,-0.089805275,0.089805275,-0.089805275,-0.089805275,0.089805275,0.089805275,0.089805275,0.089800537,0.089713342,-0.084411032
auranofin,AUJRCFUBUPVWSZ-XTZHGVARSA-M,A4,-0.090442993,-0.090442993,-0.090442993,0.087802447,-0.090441979,0.090442993,0.090442993,0.089257009,-0.090323187,0.090442993,0.090442993,-0.09043961,-0.090257823,-0.089896053,0.090442993,-0.090442993,-0.090442993,0.090442993,-0.090442993,-0.083695099,-0.045564268,-0.045960378,-0.090442993,-0.090442993,-0.055872127,0.090442993,-0.084084652,-0.090442993,0.090356462,-0.090442993,0.090442993,0.090442993,0.090442993,0.089354888,0.090442993,0.090442955,0.090442993,-0.090442203,-0.090442993,0.001000534,-0.090442285,-0.090352163,0.090442993,0.090442993,-0.090442993,-0.090442993,-0.090442993,-0.090442993,0.077003367,-0.090442993,-0.035032187,0.084215164,0.090442948,0.090442993,-0.090439945,-0.090442993,0.090442993,-0.09024775,0.087479547,0.086102486,0.088403545,-0.090442933,-0.08730907,-0.089242347,-0.090442993,0.090442993,-0.090442993,0.090399012,0.090442993,-0.090442993,-0.090438358,-0.078120098,-0.090442993,-0.090442993,0.090442993,-0.090442993,0.090442993,-0.090442993,-0.090442993,-0.090399459,0.090442941,-0.090442993,0.090216272,-0.090442993,0.090442702,0.090442993,0.090442993,-0.090442963,-0.090442993,-0.090442993,0.090442993,-0.090442993,0.08569409,-0.090442993,0.090442993,-0.090442963,-0.090442993,-0.090442993,0.090429537,0.090442993,-0.090442993,-0.090442993,-0.090442993,-0.090442993,0.090442993,-0.090442993,-0.090442993,-0.090442993,-0.090442993,-0.090442993,-0.090442993,-0.090442896,0.090442993,0.090442993,0.090442993,0.090442993,-0.090442993,0.090442993,-0.090442993,0.089543842,0.090442993,-0.090442993,-0.090442993,0.090442993,0.090442993,0.090442993,-0.090442993,0.07616695
avilamycin,XIRGHRXBGGPPKY-OTPQUNEMSA-N,A4,0.090301506,-0.022013372,0.090301402,0.090301506,-0.090300277,0.090301506,-0.090301454,0.090301506,0.082261756,0.090301506,-0.090286642,0.090115644,-0.090301506,0.090301506,-0.090301506,-0.090301506,-0.090301506,0.090301506,-0.090301506,-0.089955062,0.090301506,0.090301506,-0.090301506,-0.090301506,0.090301484,0.090296328,-0.013041189,-0.090301506,-0.090301506,0.082505122,-0.090301506,0.052721687,0.090301506,0.090301506,-0.090301506,-0.090301208,0.090301506,-0.090301506,-0.090301506,0.090301298,-0.090301506,0.090301506,0.089025624,-0.090301506,0.090301506,-0.090301506,0.090301506,-0.090301506,0.090301506,-0.090301506,0.090301506,-0.090301506,-0.090301506,0.090301506,0.090301506,-0.090301506,0.083181784,-0.090258487,0.090301506,-0.090301506,-0.090301506,0.090301506,0.090300709,-0.090301506,-0.090301506,0.090301506,-0.090301506,-0.090108134,-0.090301268,0.090301506,-0.090301506,0.090301506,0.054263648,-0.090301506,0.090301506,-0.090301506,-0.079606362,-0.090301506,-0.090301506,-0.090301506,-0.090043418,-0.09030088,-0.09027078,-0.090184338,-0.071107686,0.090301506,0.090301506,-0.090301506,-0.090300821,-0.090301506,-0.090301506,-0.090301506,0.090301506,-0.090301506,-0.090301506,0.060150951,0.090301506,0.090301506,0.090301506,0.090301506,-0.090301506,0.090301111,-0.090301506,0.090301506,0.090301506,-0.090301506,-0.090301506,-0.090301506,0.090301506,-0.088508457,-0.090301506,0.090301506,0.090301506,0.069957882,0.089971587,-0.090232193,-0.090301506,0.090301506,-0.090301506,0.090301506,-0.090301506,-0.090301506,0.090301506,-0.090301506,0.090301506,0.090301506,-0.090299703,-0.090301506
azithromycin,MQTOSJVFKKJCRP-BICOPXKESA-N,A4,-0.092638195,0.0926871,0.092687085,-0.074926287,-0.0926871,0.0926871,0.080390312,-0.0926871,0.092687078,0.0926871,0.090997584,0.0926871,0.0926871,0.0926871,0.0926871,0.0926871,-0.092686482,0.0926871,-0.085345201,0.0926871,0.067550406,0.0926871,0.0926871,-0.0926871,-0.0926871,0.0926871,-0.090823263,-0.092685893,-0.092213206,-0.0926871,-0.0926871,0.0926871,0.092673473,-0.09185835,-0.08108031,0.092444815,-0.0926871,-0.091952644,-0.036573809,0.022728179,-0.083099782,-0.0926871,-0.092631392,-0.092662796,-0.092685081,0.0926871,-0.044777684,-0.0926871,-0.0926871,0.0926871,0.092568025,0.092526309,-0.0926871,0.0926871,-0.0926871,-0.0926871,-0.0926871,-0.0926871,-0.092686713,-0.0926871,-0.0926871,0.0926871,0.0926871,0.0926871,-0.0926871,0.0926871,0.0926871,0.0926871,0.0926871,-0.0926871,0.0926871,-0.0926871,-0.092677049,0.075314559,-0.0926871,0.030604919,-0.0926871,0.092669092,-0.0926871,-0.0926871,0.0926871,0.007658769,0.046464074,-0.0926871,-0.0926871,0.092685595,0.0926871,-0.0926871,0.064114116,0.014312699,-0.0926871,-0.0926871,0.092546657,-0.092687055,-0.030321507,0.0926871,0.086922169,-0.0926871,-0.0926871,0.0926871,-0.092050865,0.0926871,-0.091745116,0.0926871,0.0926871,-0.092686705,0.092686974,0.092668653,-0.070683517,0.092679888,0.087727733,0.0926871,0.0926871,-0.0926871,0.00232505,-0.0926871,0.0926871,-0.091877893,-0.0926871,0.0926871,-0.09236259,-0.085970908,0.092687003,-0.092528269,0.090087503,0.0926871,0.0926871,-0.0926871
azlocillin,JTWOMNBEOCYFNV-NFFDBFGFSA-N,A4,-0.103185117,-0.054474838,0.099211589,-0.105707705,-0.102762535,-0.105859183,-0.10593605,0.106355935,0.09516748,0.073756605,-0.101445168,0.106144346,-0.10543026,0.10179083,-0.102262944,-0.004161524,-0.104025438,-0.043562654,0.004909956,0.106001779,-0.026806643,0.003512179,0.106346615,0.105989948,0.071526319,-0.063176878,0.035989508,-0.106364392,-0.106222592,0.051738441,-0.087863311,-0.091906883,-0.104132369,0.106197983,-0.074366353,0.003558098,0.085420921,0.105810352,-0.095960282,0.072171479,0.082301639,-0.086654469,-0.047051575,-0.074143812,-0.099222414,-0.011028233,-0.021609228,0.106082015,0.106152713,-0.033595357,-0.097959273,0.105022892,0.047912378,-0.103222013,0.106342226,0.075517736,-0.090384677,0.057850841,0.104781359,0.00508015,0.106153205,-0.104337849,0.074288771,-0.10636089,-0.077703215,-0.084792979,-0.016660418,0.106373593,-0.099572234,0.106346183,0.104696453,0.075845145,0.102301672,0.102706075,0.093636885,0.009936645,0.071911223,-0.105932079,-0.105591193,-0.101368219,-0.106275216,-0.105789296,-0.018568605,-0.10603486,-0.097393759,-0.104204036,0.054284994,-0.106307,0.103689335,0.1057394,-0.106342986,-0.096882828,0.104618244,0.021358259,-0.105750382,0.104917087,-0.105712518,0.007777289,0.090334214,0.106374577,0.074310318,0.097212479,0.073060416,0.105972849,-0.101274908,0.068838395,0.105762914,0.106331155,0.00858109,-0.082797728,0.095708072,-0.105304629,-0.030020185,-0.092684783,0.10551554,-0.012540246,0.09960328,-0.056697834,0.105627649,0.106148042,-0.089590989,-0.105034947,0.045779277,-0.103076167,0.101511054,-0.106284544,-0.103089333,0.051060297
aztreonam,WZPBZJONDBGPKJ-VEHQQRBSSA-N,A4,-0.099083379,0.066900663,0.110009536,-0.110424675,-0.048724789,-0.057120308,-0.105565071,0.109197699,-0.065697603,0.012189649,-0.106654711,0.098838411,-0.021576056,0.063028187,0.085836321,-0.035568606,0.092527047,-0.064118072,-0.105840251,-0.106118552,-0.108814098,0.067520767,0.108606279,0.062864743,-0.011483327,0.046279967,0.096212462,-0.010933608,-0.093507983,0.090091154,-0.103971608,0.090142481,-0.040520743,0.106741369,-0.103666104,-0.023675369,0.110293441,0.110718101,0.10933245,-0.091225013,0.076596156,-0.101565443,-0.101978183,-0.08302515,0.108874306,-0.082884401,0.100946471,0.096744105,0.087681547,0.110673465,-0.097575128,0.010112197,0.100852892,-0.097288392,-0.025420131,0.095804669,0.00188329,0.082207337,0.10937275,0.00614567,-0.00376361,-0.08146432,-0.109223366,-0.11057961,-0.109358758,-0.102561511,0.108892106,0.109171137,0.108089954,0.103508823,-0.097266026,0.072275244,0.110000946,0.110678606,-0.110704161,0.089098766,0.021762993,-0.109541155,0.00727797,-0.104383886,-0.082532808,-0.106290631,0.063823476,-0.104299739,0.077075318,-0.08190307,0.110644132,-0.101420462,0.11071299,0.110028982,-0.105724059,-0.110319592,-0.0432362,-0.109064072,-0.091606781,-0.0457623,-0.04433696,-0.106365427,0.108409353,0.07638555,0.094099388,0.093517773,0.002326452,0.110387318,-0.010929952,0.110162996,0.066605061,0.016760649,0.064366415,0.021434797,0.108518042,-0.051287945,-0.105656169,-0.110626347,0.10414885,0.025654666,0.07816565,-0.068746388,-0.105540015,0.101061299,0.095835045,0.108857043,0.007229235,0.093947187,-0.096150763,-0.110635512,-0.109834075,0.105922364
bacitracin,CLKOFPXJLQSYAH-ABRJDSQDSA-N,A4,0.091974728,0.091964386,-0.091969386,-0.091977187,-0.091977187,0.091977187,0.091967471,0.091977187,0.091977187,0.091977187,-0.084740862,-0.091977187,0.091977187,-0.091977187,0.091977187,-0.091977187,-0.091757327,-0.091977142,-0.091977045,0.091977187,0.087152824,-0.091977187,0.091977187,0.08763434,-0.091977097,0.091973186,-0.091974556,0.091970734,-0.091977015,0.091977187,-0.091977187,-0.091975771,0.091973387,-0.091966718,-0.091975816,-0.007315809,0.091977187,0.091976374,0.091977187,-0.09197399,0.0175352,-0.091975369,-0.091977187,0.086175643,0.083356582,-0.091935411,0.091977187,-0.091976918,0.091962062,0.091977187,-0.091977187,0.090038918,0.091977187,0.091977187,-0.09197668,-0.029700644,0.091977187,0.072242007,-0.091976851,-0.091977187,-0.091953687,0.016618636,-0.000798683,0.09196987,-0.091977187,-0.091977187,0.091977187,0.091977187,0.091977187,0.060283083,0.083353594,0.021183096,-0.050577685,-0.091442674,-0.091977187,0.091977187,-0.081875309,-0.091977187,0.091977187,0.091977187,0.091977187,0.091976874,-0.090771377,0.091977112,-0.091977187,-0.091925688,0.091977187,0.091976561,0.091951378,0.091977187,0.091977187,0.091887176,0.091355398,-0.091977187,0.091975443,0.091977187,0.091977187,-0.091976583,0.09197697,0.091977187,0.091977187,0.091977187,0.091977187,0.091977187,-0.091977157,0.091977149,-0.080138698,-0.060557183,-0.091948703,0.091977187,0.091977187,0.091977187,-0.091977187,-0.091977187,0.091977187,-0.091977187,0.091947459,-0.091976866,-0.091974504,0.086648792,-0.091977187,0.091977187,0.091977187,0.091977187,0.091977187,-0.091976061,0.076021485,0.091977187
bafilomycin a1,XDHNQDDQEHDUTM-JQWOJBOSSA-N,A4,0.007654613,0.093740433,0.09365651,0.093740389,-0.067696013,0.093740463,0.08293853,-0.093740463,0.093740463,0.093739606,0.079123884,0.093736976,-0.093739688,0.093740463,-0.093731537,0.093740463,-0.091516539,0.093740463,0.093739599,0.092749313,0.080029547,0.093676731,0.093740463,-0.028579252,-0.093739934,0.093727872,-0.091858722,-0.093739718,0.05356916,-0.093740463,-0.093740463,0.093630835,0.093633987,0.055283304,0.093725413,-0.09315934,-0.093740463,-0.093740433,-0.093140058,-0.093736492,0.093669116,0.082488738,0.070339665,-0.093740389,-0.093739361,0.093740463,0.074495681,-0.093740463,-0.093740463,-0.093625255,0.093729742,0.093734518,-0.093740463,0.093740463,0.093739741,-0.093740463,-0.093740374,-0.056379322,0.09358307,-0.093740433,-0.093740374,0.093740068,0.093740463,0.016247712,-0.093740463,0.093740463,0.093430951,0.093740463,0.037051644,-0.009103883,0.093733929,-0.093723081,0.092721917,-0.075355485,0.093657427,-0.093720682,-0.093740463,0.091436639,0.058216989,-0.090463541,0.093739949,0.022398399,0.093730792,-0.093739301,-0.093740463,0.093254223,0.090447217,-0.093740463,0.093740337,-0.093739256,-0.093740463,-0.093740463,0.093734883,-0.093734361,-0.090910688,0.093740463,-0.093579128,0.065013506,-0.093739919,0.093740463,-0.093715772,0.093740463,0.093722031,0.093739919,0.093740463,-0.093738064,0.093720526,0.093546942,0.093508035,-0.093730778,-0.093627095,0.093740195,0.093740463,-0.093740463,-0.093552105,-0.093740463,0.093641408,0.007597812,-0.093725227,0.093740463,0.064161666,-0.093740463,0.093736291,-0.093740463,0.038625211,0.093740463,0.093740463,-0.093740359
bafilomycin b1,KFUFLYSBMNNJTF-MZYUNMTESA-N,A4,-0.095038109,0.097283982,0.072647884,0.096987225,-0.069442555,0.097283266,0.078752831,-0.097266927,0.094388604,0.096086726,-0.096317522,-0.083729096,-0.09728232,0.097284012,-0.041079704,0.097284012,-0.046265293,0.097284012,0.097284012,-0.014276642,0.097263388,0.092363566,0.09723442,0.059660506,-0.096328221,0.09057641,0.097251579,-0.097258888,0.09528257,-0.097281225,-0.097274706,-0.055229407,0.097283468,0.097017854,0.094989076,-0.065644719,-0.092065565,-0.094238676,0.096662886,-0.073680736,0.096150935,-0.097193174,0.079798259,-0.097277969,0.073986217,0.097278707,0.097144112,-0.097284012,-0.097230047,-0.096510135,0.096902698,0.096772,-0.097284012,0.092882752,0.097276136,-0.097284012,-0.097129181,0.097259775,0.097206764,-0.078652039,-0.094442785,0.097186789,0.096525379,0.00852959,-0.097284012,0.097284012,0.086344376,0.09728273,-0.096920848,-0.002992504,0.097205319,-0.035879578,0.089716367,-0.05586639,0.097281672,-0.097284012,-0.097216941,0.058286294,0.010872631,-0.074269049,0.048306655,-0.096293107,-0.060388725,-0.043939389,-0.097283795,0.091710545,-0.003758106,-0.097283088,0.097282432,-0.097247772,-0.097281367,-0.097273275,0.097283594,-0.097282976,-0.074442409,-0.015556036,-0.097256549,0.036292821,-0.096205771,0.097284012,-0.07219509,0.097043127,0.09704987,0.088236183,0.097284012,-0.097007185,0.095584303,0.096275859,0.096320987,-0.097277619,-0.057039976,0.097018063,0.097261384,-0.097283088,0.097110957,-0.097284012,0.095326126,0.092291176,-0.094826631,0.097283393,-0.094342083,-0.09725333,0.096049003,-0.09703467,-0.046559878,0.097248413,0.097274728,-0.097260565
bal-30072,KLFSEZJCLYBFKQ-WXYNYTDUSA-N,A4,-0.106556259,0.10007146,0.106675126,-0.107012473,-0.07148198,-0.064994313,-0.100759879,0.10420689,-0.059247624,-0.027564324,-0.107571453,0.087922364,-0.016476847,0.09242747,0.089039937,-0.004370697,0.097714461,-0.036204144,-0.101093397,-0.095155068,-0.106670931,0.101439007,0.107451044,0.061745886,-0.047738053,-0.036772963,0.097695157,-0.089591391,-0.037979741,0.085589655,-0.100963883,0.043035105,-0.055893052,0.106912591,-0.101917744,-0.057354897,0.107762024,0.108007483,0.1072997,-0.068851903,0.087933682,-0.072830059,-0.09660884,-0.076185189,0.105128855,-0.076562516,0.098458134,0.059474997,0.106504209,0.107904017,-0.101112835,0.089103296,0.074388139,-0.105599739,0.032337684,0.105944276,0.020716818,0.101140857,0.107829221,0.012830647,0.019516692,-0.091382183,-0.107743748,-0.107835583,-0.106044702,-0.103495672,0.106154844,0.106211349,0.103714921,0.106017791,-0.104406253,0.094888926,0.107766703,0.107999049,-0.107982278,0.102893621,0.049452297,-0.107670881,-0.068506598,-0.106668524,-0.098060995,-0.107736595,0.084699988,-0.105637416,-0.034365434,-0.06466952,0.107779555,-0.099482313,0.108024009,0.107362919,-0.106162831,-0.105652235,0.017889902,-0.107512206,-0.073061869,-0.079443768,-0.072895221,-0.093812026,0.106462106,0.068884455,0.094368055,0.054536358,0.067551017,0.107765235,-0.056474183,0.10796196,0.019688044,0.072566077,0.053305849,0.091062076,0.106792487,-0.070323646,-0.106249578,-0.107445084,0.1029488,0.028012725,0.008373818,-0.067911737,-0.102411427,0.082615569,0.101890117,0.107014611,0.026320467,0.055231594,-0.077413104,-0.107992768,-0.107815847,0.102009974
bedaquiline,QUIJNHUBAXPXFS-XLJNKUFUSA-N,A4,-0.088827513,-0.088827513,0.088827513,0.088827513,0.088827513,-0.088827498,-0.088827513,0.088827513,0.088797823,-0.088827513,-0.088827513,0.088827513,-0.088827513,0.032270893,-0.088827513,-0.088827513,0.088827513,0.088827513,-0.088827513,-0.088827513,0.088827513,0.086612895,-0.088827513,0.088827513,-0.088827513,0.088100918,0.088827513,0.088827513,-0.088827513,0.088827513,-0.088827513,0.078065246,0.088827513,-0.088827513,0.088827513,0.088827416,0.088827513,-0.088827513,0.088827513,0.088827513,-0.088827513,0.088827513,-0.088827513,-0.088827513,0.088827513,-0.088827513,-0.088827163,-0.088827513,0.088827513,-0.088827513,-0.088827513,-0.088827513,-0.088009596,-0.088827513,-0.088827513,0.088827513,-0.088827513,-0.088827513,-0.088827513,0.088827513,-0.088827513,-0.088827513,-0.088827513,0.088827513,0.088827513,0.088827513,-0.088827513,-0.088827513,0.088827088,0.088827513,-0.088827513,0.088827513,-0.088827513,-0.088827513,0.088827513,-0.088827513,-0.088827513,-0.088827513,-0.088827513,-0.088827513,0.088827513,-0.088812418,0.088827513,0.088827513,-0.088826068,0.088827513,-0.088827513,-0.088187948,0.088827513,-0.088827513,-0.088827513,-0.087468781,0.088827513,-0.088827513,-0.087515578,-0.088817328,0.088827513,-0.088827513,0.088827513,-0.088827513,-0.088827357,0.088827513,-0.088827513,0.088827319,0.088827513,0.088827513,-0.088827513,0.088827513,-0.088827513,0.088827513,0.088827513,0.088484734,0.088827513,0.088827513,0.088827513,-0.088827513,0.088827513,-0.088827513,0.088827513,0.088827513,-0.088827513,0.088827513,0.088827513,0.088827513,0.088827513,-0.088827513,0.088827513,0.088827513
benzalkonium,VVZBFOKBSDGVGZ-UHFFFAOYSA-N,A4,-0.064357407,0.089261323,-0.068432197,0.089261122,0.089260548,0.089261323,0.089260392,-0.089261323,0.089250304,0.069878452,0.089261323,0.089261323,-0.089261323,0.089261323,0.089261323,-0.089261323,0.089261323,0.089261323,-0.089261323,-0.089255415,0.089261323,-0.089261323,-0.089261323,-0.089261323,-0.089261323,0.089261323,-0.089261323,0.089261323,-0.089261323,-0.089261323,0.089261323,0.089261323,0.089261323,-0.089261167,0.089260429,0.089261323,0.089261323,-0.08579953,-0.089261323,0.089261323,-0.089261323,-0.089260451,0.089261323,-0.089149863,-0.089261323,-0.089261323,-0.089261323,-0.089261323,-0.089261323,-0.089261323,-0.089261323,0.089261323,0.089261323,-0.048824549,-0.089261323,-0.089261323,0.089261323,-0.089247175,-0.089261323,0.089261323,0.089261323,-0.089261323,0.07585834,0.089261323,-0.089261323,0.089261323,-0.089261323,0.089261323,0.089261323,-0.089261323,-0.089261323,0.089247644,-0.089261323,-0.088998049,0.089261323,-0.089261323,-0.08925999,-0.089261323,-0.089261323,-0.089261323,0.089261323,-0.089261323,0.089261323,-0.082535081,-0.089261323,0.089261323,0.089261323,0.089258224,0.089261323,-0.089261323,0.089261323,-0.089261323,0.089244895,-0.089261323,0.089261323,-0.089261323,-0.089236319,-0.089261323,0.089261323,-0.089261323,-0.089261323,0.089261323,-0.089261323,-0.089261323,0.089261323,-0.089187779,-0.089261323,-0.089261323,-0.089261323,0.089261323,0.089261323,-0.089261323,0.089261323,0.089261323,0.089261323,0.089261323,-0.089261323,-0.089258522,-0.089261323,0.089261323,0.089261323,0.089261323,-0.089261323,0.089261323,0.089261323,0.089261323,-0.089261323,0.089261323
benzocaine,BLFLLBZGZJTVJG-UHFFFAOYSA-N,A4,-0.089141265,-0.089141265,-0.089141265,-0.088569649,0.089137428,0.089141265,0.089141265,-0.089141265,0.089137867,0.089141265,0.089141265,-0.089141265,-0.089141265,0.089141183,0.089141265,0.089141265,-0.089141198,0.089141265,-0.089141265,0.089141265,0.089141265,-0.089141265,0.089141265,-0.089141265,-0.089141265,-0.089140579,-0.089141265,-0.089141265,0.089141265,-0.089141265,-0.089141265,0.089141265,0.089141265,-0.089141265,0.089141265,0.089141265,-0.089141265,-0.089141265,0.089141265,-0.089141265,0.089141265,-0.089141265,0.089141265,0.089141265,0.089141265,0.006923655,0.089141265,-0.089141265,0.089141265,0.089141265,-0.088699177,0.089141265,-0.037083786,0.089141265,-0.089141265,-0.089141265,0.089141265,-0.089141265,-0.080808997,-0.089138515,-0.089141265,0.089141265,-0.089141265,0.089141265,-0.089141265,-0.08913555,0.089133412,0.089141265,0.089141265,-0.089141265,0.089141265,0.089141265,-0.089141265,-0.089141265,0.089141265,-0.089141265,-0.089141265,0.089141265,-0.089141265,-0.089141265,0.089141265,-0.089141265,-0.088740699,-0.089141183,0.089141265,0.089141265,0.089141265,0.089141265,-0.089141265,0.089141265,0.089141265,-0.084149741,0.089140169,-0.089141265,0.089141265,-0.089141265,0.089110993,-0.089141265,0.089141265,0.089141265,-0.089141265,-0.089141265,-0.089141265,-0.089141265,0.089141265,-0.089141034,-0.089141265,-0.089141265,0.089141265,0.089141265,-0.089141265,-0.089141116,0.089141265,-0.089141265,0.089141265,0.089141265,-0.089141265,0.089141265,-0.089141265,0.089141265,0.089141265,0.088638887,-0.089141265,0.089141265,-0.089141265,0.089141265,-0.089095905,-0.089141265
benzylpenicillin,JGSARLDLIJGVTE-MBNYWOFBSA-N,A4,0.0965278,0.078512385,0.090619266,-0.096529506,-0.096520834,-0.096533343,-0.09651345,0.096533611,0.081619881,-0.093296379,-0.096438266,0.096503034,-0.096533842,0.096384346,-0.09653376,-0.096473761,0.09396933,0.042793207,0.085341893,0.096519373,0.09652961,-0.095724098,-0.096478418,0.096532114,0.074014515,-0.095408484,-0.094524637,-0.096111514,-0.096533842,-0.095438935,-0.068105131,-0.096533842,0.056322049,0.096523128,-0.096452862,0.095666125,-0.022779293,0.096131064,-0.096428894,0.018202635,0.095101237,-0.089022905,-0.08977966,-0.060571317,-0.043854546,0.096525669,0.093995459,0.096533842,0.096346274,-0.096533164,0.09652286,0.096533455,0.080175877,-0.096440278,0.096533842,-0.092785485,-0.081761338,-0.096504316,-0.084103726,-0.096414559,0.096533813,-0.09409821,0.096533842,-0.034065627,0.086522572,-0.095779195,0.066347577,0.096533842,-0.096488252,0.096527472,0.092185609,0.04548404,0.096532948,0.094901778,0.096533045,-0.096421584,0.079634182,-0.096443579,-0.012848728,0.096519202,-0.021663947,0.09593261,-0.096527331,-0.0727816,-0.093743131,-0.096529804,-0.096367553,-0.096531153,0.0880851,-0.096518978,-0.09653379,-0.096153758,0.095604591,0.09650179,-0.096533842,-0.012369067,0.096153297,0.070168197,0.086530365,0.096533842,-0.096500248,0.09652435,0.005567974,0.096533842,-0.040625356,-0.096532822,0.09653379,0.09652663,0.096377611,-0.082567096,0.096533589,-0.058581561,0.096533842,-0.074941926,0.096480235,-0.096454196,-0.025881246,0.095507361,0.096102007,0.096532829,-0.096496977,-0.095980234,-0.091665812,-0.096530713,0.088572226,0.070253968,0.096192218,-0.069795117
berberine,YBHILYKTIRIUTE-UHFFFAOYSA-N,A4,0.09084601,-0.09084601,-0.09084601,0.09084601,-0.086256541,0.09084601,0.090845913,0.090775266,0.09045361,-0.09084601,0.09084601,-0.09084601,-0.09084601,-0.09084601,-0.090814754,-0.09084601,-0.09084601,0.09084601,-0.09084601,-0.09084601,0.09081655,-0.09084601,-0.09084601,-0.09084601,0.09084601,0.09084601,-0.09084601,-0.09084601,-0.054715704,-0.090804718,-0.090138294,0.09084601,0.09084601,-0.04256225,0.09084598,0.075483546,0.09084601,-0.09084601,-0.09084601,-0.090840355,-0.09084601,0.09084601,-0.065968461,0.09084601,0.090845935,-0.09084601,-0.090845972,-0.09084601,0.09084601,-0.09084601,0.090845764,-0.084226355,0.090845019,0.09084601,0.09084601,-0.09084601,0.09084601,0.090845644,0.09084601,0.090015434,-0.09084601,-0.090845942,-0.09084601,-0.09084601,-0.09084601,0.029630775,-0.09084601,0.000778862,0.09084601,-0.090845719,-0.09084601,0.09084601,-0.09084601,-0.09084601,0.09084601,-0.09084601,0.09084601,-0.09084601,-0.090838939,-0.090845793,-0.09084601,-0.09084601,-0.090745069,0.087267511,0.09084601,0.09084601,0.09084601,-0.09084601,-0.09084601,-0.09084601,-0.090845712,-0.09084601,0.09084601,-0.09084601,0.09084601,0.090845741,-0.09084601,-0.09084601,0.09084601,0.09084601,-0.09084601,0.090342999,-0.068297893,-0.090841584,0.09084601,-0.09084601,-0.09084601,-0.09084601,0.069904067,0.083413944,-0.09084601,-0.090687163,0.09084601,0.09084601,0.090845518,0.090844296,-0.09084601,0.09084601,-0.09084601,0.090843268,0.070694558,-0.09084601,0.0871033,-0.047753371,0.09084601,0.084410936,-0.09084601,0.089767195
besifloxacin,QFFGVLORLPOAEC-SNVBAGLBSA-N,A4,-0.096798316,-0.096745245,-0.096796989,0.096797921,-0.080661483,-0.082385935,0.096611142,-0.014548323,-0.081129596,-0.096769042,-0.096798316,0.00399649,0.09151534,-0.061895337,-0.096033387,-0.096548721,0.096766822,0.058127109,0.096798256,-0.025166346,0.096798316,0.030693576,0.094672397,0.014396219,0.096791975,-0.096798114,0.096795559,0.005229129,0.095784768,-0.095373504,-0.096507207,-0.095261872,-0.094341397,-0.09672989,0.096797481,-0.089630574,-0.096670151,-0.096796498,0.096780807,-0.096610293,0.001902117,0.096781008,-0.063014738,0.093152821,0.094926916,0.094826356,0.096798316,0.034427196,0.095917135,-0.09679807,0.08616098,0.096204393,-0.09678413,-0.091495283,-0.095535375,0.092274159,0.095492095,0.096194036,0.09666805,0.09670382,-0.092835359,0.096798316,-0.096777923,0.096553952,0.096787885,-0.096798316,0.096438296,-0.093619548,-0.095432095,0.041488785,-0.090738341,0.090627559,0.096795768,0.091975592,0.088272505,0.096797377,0.095784061,0.096797876,-0.094894499,-0.092492864,-0.096676826,-0.095024236,-0.090071559,0.096793152,0.0019302,0.096795827,-0.096797511,0.09519273,-0.044128604,-0.09657196,-0.096797079,0.096798316,0.096742541,0.096025169,0.096797995,-0.096771464,-0.068670996,0.096724972,0.096552849,-0.096797489,-0.084482461,-0.096764266,-0.015146966,0.096797153,0.094113983,0.084580749,-0.090796173,0.096790053,-0.09635742,0.096798316,0.091579221,-0.096721388,0.096749105,-0.066232398,-0.072887175,0.092233367,0.096767358,-0.063504219,0.095798641,-0.027273199,-0.078922562,-0.014680768,-0.096727781,-0.096701361,-0.096798278,-0.096797399,0.096796542,0.096791774
bleomycin,OYVAGSVQBOHSSS-WXFSZRTFSA-O,A4,0.028223181,0.091217406,0.09239687,-0.092397138,-0.076588869,0.092311755,-0.092397071,0.092395447,0.091278791,0.092396967,-0.092226624,0.092224278,-0.092179708,-0.032570597,0.092397138,-0.092397138,-0.092396073,-0.09239392,-0.092231952,-0.089263819,-0.079395741,0.064977914,0.092397138,0.092395753,-0.092375919,0.092315599,0.019133596,0.092397138,-0.092397138,0.092397138,-0.092397138,0.092397138,0.091974624,-0.0923969,-0.092397138,-0.090050988,0.092395246,0.092397138,0.092186801,-0.092397086,0.086430289,-0.092397138,-0.092397138,-0.092396908,0.092397138,-0.092397138,0.092397138,-0.092396565,0.092397138,0.092397138,-0.092397138,-0.092397138,0.092397138,0.080185577,0.070255391,0.092397138,0.092397004,0.070275389,-0.092391513,-0.092344485,0.059083465,-0.091461003,-0.092397138,-0.092397138,-0.092397138,-0.092397138,0.092397138,0.092397138,0.092397138,0.092245616,-0.092396736,0.088901907,0.082107194,0.092396781,-0.092397138,0.092395589,0.09239462,-0.092397138,0.092352219,0.064738765,0.092397138,-0.022378473,-0.092393637,-0.092397109,0.083405793,0.092396833,0.092397138,-0.092396833,0.092397138,0.092397138,0.030683029,-0.092397086,0.092397138,-0.092397138,-0.092396662,-0.092385344,0.092397138,-0.092397138,0.092397064,0.091781974,0.092397109,0.092397138,-0.083749421,0.092397138,-0.091293454,0.092313305,0.090131566,-0.038234055,0.092341095,-0.092122376,-0.077952281,0.092397138,-0.092397138,-0.092397138,0.092397012,-0.092397138,0.092112325,-0.092397138,0.079295866,0.085459493,-0.092397086,0.092397138,0.092397138,0.092397116,-0.092381775,-0.092286848,-0.071721405,0.092394508
caffeine,RYYVLZVUVIJVGH-UHFFFAOYSA-N,A4,0.089265443,-0.08926443,-0.089265443,0.089265443,0.089265443,0.089265443,0.089265443,-0.089265443,0.089265443,-0.089265443,0.089265443,-0.089265443,-0.089265443,0.089265443,-0.089265443,-0.089265443,-0.089265443,0.089265443,-0.089265414,-0.044716649,0.089265443,-0.089265399,-0.089265443,-0.089265443,0.089265443,-0.089265443,-0.089265443,0.089265443,-0.089265443,0.089265443,0.089265443,0.089265443,0.089265443,-0.089265443,-0.089265443,0.089265443,0.089265443,-0.089265443,-0.089265443,0.089265443,-0.089265443,0.089265443,-0.089265443,-0.089265443,0.089265443,-0.089265443,-0.089265443,-0.089265443,0.089265443,-0.089265443,-0.089265443,-0.089265443,0.089265443,0.089265443,-0.089265443,0.089265443,0.089265443,0.089265443,-0.089265443,-0.088783041,-0.089265443,-0.089265443,-0.089265443,0.04524748,-0.089265443,0.089265443,-0.089265443,0.089265443,0.089265443,0.089265443,-0.089265443,0.089265443,-0.089265443,-0.089265443,0.089265443,-0.089265443,-0.089265443,-0.089265443,0.089265443,-0.089265443,-0.089265443,-0.089265443,0.089265443,0.089265443,0.089265443,0.089265443,0.089265443,-0.089260988,0.089265443,0.089265406,-0.089265443,-0.089265443,0.089265443,-0.089265443,0.089265443,-0.089265443,-0.089265443,-0.089265443,0.089265443,0.089265443,-0.089265443,-0.089265443,-0.089265443,-0.089265443,0.089265443,0.089265443,-0.089265443,-0.089265443,-0.089265443,0.089265443,-0.089265443,0.089265443,0.089265443,0.089265443,0.000319464,0.089265421,-0.089265443,-0.089265443,-0.089265443,0.089265443,-0.089265443,-0.089265443,-0.089265443,0.089265443,0.089265443,0.089265369,-0.089265443,-0.089265443
capreomycin,VCOPTHOUUNAYKQ-WBTCAYNUSA-N,A4,-0.093502499,0.093599066,0.0749963,-0.093600675,0.093476601,0.093598954,-0.09359622,-0.06820213,0.092566013,0.047274947,-0.093592957,-0.093572147,-0.093600608,0.093600675,0.093600675,-0.093600675,-0.093600601,-0.09355738,-0.066589773,0.070306912,-0.047520436,0.022293018,0.093600675,0.093553111,0.055479504,0.093599416,0.070008799,0.093595646,-0.093568929,0.093593292,-0.093600675,-0.093222909,0.092567652,-0.092553653,-0.093600549,-0.093572915,0.093600601,0.093600675,0.093413398,-0.093448199,-0.092435509,-0.093600675,-0.093600675,-0.062800534,0.093557104,-0.093600675,0.093600675,-0.093600675,0.093551375,0.093600675,-0.093600579,-0.093600675,0.093600422,0.026225585,0.09359058,0.093600675,0.093600675,0.02948501,-0.093599424,-0.092699543,0.036356937,-0.093579084,-0.093600675,-0.093599752,-0.093600675,-0.093600675,0.093600675,0.093600675,0.093600623,0.093600675,-0.093600377,0.092007428,-0.093561985,0.093593806,-0.093600675,0.093600675,0.054532528,-0.093600675,0.093600422,0.092716821,0.093600675,-0.093547739,0.031623997,-0.093593739,0.092933245,0.092858098,0.093600675,-0.093576208,0.093600675,0.093600675,-0.093588181,-0.093496867,0.093600675,-0.093600675,-0.076071583,-0.092806123,-0.091024905,-0.093536928,0.093600214,0.093600675,0.093600675,0.093600675,0.093584403,0.093600675,0.03972847,0.093600601,0.092922524,0.090294018,0.093599074,-0.055012543,0.016339494,0.093600675,-0.093600675,-0.093600675,0.093597241,-0.093600117,0.093600675,-0.093600675,0.092363194,-0.091897815,-0.093600675,0.092619643,0.093600675,0.093599819,-0.09298484,-0.093536168,0.069545001,0.088612132
carbenicillin,FPPNZSSZRUTDAP-UWFZAAFLSA-N,A4,-0.089705646,-0.066644125,0.099273466,-0.102071434,-0.099258065,-0.102034703,-0.100066163,0.102459088,0.101135612,0.090452977,-0.090747833,0.102387019,-0.10204339,0.102255523,-0.093165271,-0.05767737,-0.065338053,0.038497046,-0.079682,0.100522302,-0.08848577,0.037001416,0.102432445,0.101210296,0.097342715,0.064022526,-0.027259581,-0.102493003,-0.102494046,-0.076936014,-0.102095872,-0.091705516,-0.100461997,0.102483593,-0.096393518,0.044093709,0.096694291,0.102347024,-0.101263218,-0.094567142,0.09384618,-0.009777319,0.017942561,-0.081321418,-0.096726403,0.084051281,-0.011246232,0.101142794,0.101331435,-0.032528933,-0.077599861,0.102465622,0.086699307,-0.07550256,0.10243208,0.013649162,-0.08975096,-0.067838237,0.100418814,-0.070157282,0.102286696,-0.100970834,0.101660863,-0.10189151,-0.068208568,-0.017971573,0.06745635,0.102507934,-0.096404992,0.102451563,0.099554963,-0.061737988,0.101164207,0.101155087,0.077469364,0.066913866,-0.074314691,-0.102381922,-0.089082547,-0.090116389,-0.102318592,-0.098125823,0.013488846,-0.100820735,-0.100896031,-0.101414755,0.066675678,-0.102076076,0.102323718,0.092611745,-0.102505259,-0.100901283,0.097767897,-0.029068902,-0.101181574,0.102345996,-0.101144135,0.079056598,0.040019624,0.102508798,0.090922527,0.102311872,0.069852091,0.102018543,0.014088372,0.078309022,0.102179982,0.102362856,0.052097429,-0.019996323,0.101413891,-0.101261742,0.085867912,-0.100556925,0.102267586,-0.097366542,0.097896308,-0.082089782,0.099113405,0.102465965,-0.086480178,-0.10107439,0.095561713,-0.097463109,0.100196205,-0.101645209,-0.092455119,0.06311243
cccp,UGTJLJZQQFGTJD-UHFFFAOYSA-N,A4,0.039975204,0.088769875,0.09201663,0.09201663,-0.09201663,0.092016451,0.090027079,-0.09201663,0.09201663,0.092011347,0.09201663,-0.09201663,-0.087991513,0.091968313,-0.09201663,-0.032733563,0.09201663,-0.09201663,0.09201663,-0.091811694,-0.09201663,0.09201663,-0.091988273,0.09201663,-0.09201663,0.092016265,-0.09201663,0.091863617,-0.091664456,0.089295201,0.09201663,0.09201663,-0.09201663,0.053786352,-0.062565908,-0.09201663,0.09201663,-0.09201663,-0.056975715,0.092016317,-0.092009507,-0.09201663,-0.092016593,0.09201654,0.09201663,0.091500849,0.091927975,0.09201663,0.091886818,-0.092015818,0.067075208,-0.092016459,0.092007034,0.09112937,0.09201663,0.09201663,0.09201663,-0.091997951,-0.092016593,0.09201663,-0.083183572,-0.089260168,0.09201663,-0.09201663,0.09201663,0.090471484,0.070954859,0.067974225,-0.091999136,-0.057501398,0.081880353,0.09201663,-0.091990978,-0.09201663,-0.089248113,-0.09201663,-0.09201663,0.091999032,0.092012309,0.082656153,-0.09201663,-0.043466691,-0.092014551,0.09201663,0.090426981,-0.09201663,-0.09201663,0.05446608,-0.09201663,0.09201663,0.09201663,-0.092013977,0.091304272,-0.091989659,-0.018866867,0.09201663,0.09201663,-0.09201663,-0.09201663,-0.092011653,0.09201663,-0.09201663,-0.090344071,-0.09201663,-0.09201663,-0.09164992,0.092016205,0.09201663,0.091593221,-0.091886625,-0.09201663,0.09201663,0.09201663,0.09201663,0.09201663,-0.092009068,0.091780722,-0.09201663,-0.091606833,-0.09201663,0.092014447,0.091997385,-0.052808359,0.09201663,-0.09201663,-0.09201663,-0.09201663,0.080335379
cefaclor,QYIYFLOTGYLRGG-GPCCPHFNSA-N,A4,-0.106713921,0.104454517,0.089180395,-0.104568794,0.041252002,-0.105517857,-0.089251667,-0.030037647,0.032011677,-0.105346747,-0.107062317,-0.015048411,-0.107060596,0.107143819,0.074302904,0.095271103,0.029800711,0.106131256,0.106689662,0.033138137,0.072163649,0.052815579,0.104370318,0.073744282,0.083183601,-0.098469406,0.106731832,-0.107046798,0.016896237,-0.105291925,-0.076150872,0.02792735,0.03572933,0.105320431,-0.076641165,-0.091711402,0.106689431,0.107163474,0.106461391,-0.082387015,0.10167215,-0.00264536,-0.10439416,-0.106711276,-0.071275577,-0.023095176,0.098255083,-0.007353905,0.068440601,0.095049441,-0.007482597,0.103067413,-0.04080043,-0.105875455,0.107179351,0.051616244,-0.092671938,0.07789629,0.107167199,0.106083855,0.106097758,-0.106118143,-0.05418561,-0.107155144,-0.101271175,0.002025644,0.030230146,0.107165426,-0.098726824,0.107050002,0.091239788,0.099200003,0.099380098,0.106082149,-0.09864679,-0.034631632,0.07605581,-0.106886819,0.099071063,-0.091823727,-0.107180201,-0.10655871,0.098278843,-0.104535006,-0.067462377,-0.106646329,-0.064540222,-0.105192587,0.107179344,0.106834956,-0.106546953,-0.10338714,0.031170631,-0.092400603,-0.038621854,0.086018614,-0.105896376,0.083989561,-0.104288414,0.10718096,0.094252333,0.101239897,0.105741762,0.094309546,-0.105581008,0.107118592,0.106891558,0.106108971,0.106896803,0.040480025,0.100351833,-0.037661802,-0.105841517,-0.105778098,0.073857911,-0.103902444,0.064414814,-0.068956204,-0.038080018,0.107075222,0.093518153,-0.022346511,0.085697554,-0.008326327,0.061477806,-0.107178286,-0.106292866,0.084693678
cefadroxil,BOEGTKLJZSQCCD-UEKVPHQBSA-N,A4,-0.102377683,0.07169953,0.092760026,-0.101852439,0.098872535,-0.09570346,-0.098926075,-0.059588976,-0.037436817,-0.09386868,-0.100899078,-0.080818623,-0.102675833,0.102690995,0.076859683,0.10114672,0.029196536,0.097880036,0.099948928,0.071182549,0.06057195,-0.06355311,0.102403149,0.084840745,0.037675418,-0.092101984,0.101397686,-0.102358162,0.029305141,-0.096911065,-0.096192092,0.076638356,0.094735503,0.101829097,-0.099600993,-0.101312026,0.102639169,0.102691114,0.102555871,-0.100793004,0.1025576,-0.046751689,-0.102241844,-0.10267327,-0.086323649,-0.005414668,0.102402583,-0.071339585,0.010483041,0.102605671,0.033098042,0.042827353,0.060904708,-0.100737259,0.102690816,-0.088759847,-0.079811409,0.01427473,0.102655992,0.102176562,0.101773024,-0.095394179,-0.101200446,-0.102692015,-0.102506734,0.057839964,0.099390037,0.10269013,0.020624779,0.102610007,0.098089822,0.089027569,0.070367351,0.100517526,-0.101977512,-0.072369158,0.043453924,-0.101313002,0.098426878,-0.09743128,-0.102691524,-0.102604456,0.081591561,-0.100326501,0.062127654,-0.102173999,0.036132924,-0.101894587,0.102692984,0.102687865,-0.10188926,-0.101859726,0.088116668,-0.102427147,0.086972959,0.086357497,-0.100448258,0.072396576,-0.098000966,0.102692701,0.092518359,0.102290563,0.097483024,0.099059917,-0.094185084,0.102374099,0.102647342,0.092766501,0.102689222,-0.057352401,0.007925801,-0.066915743,-0.099692434,-0.102688812,0.072701521,-0.097733296,0.101498067,-0.100689448,-0.097550221,0.102521256,0.041603707,0.013963096,0.048284497,0.068852648,0.096837826,-0.102692813,-0.100741945,0.033336774
cefalexin,ZAIPMKNFIOOWCQ-UEKVPHQBSA-N,A4,-0.102322519,0.081308752,0.081351317,-0.101433456,0.101175107,-0.097656354,-0.094059117,-0.069236696,-0.087814309,-0.099906959,-0.102166601,-0.065872431,-0.102415174,0.102440901,0.085973211,0.097370774,0.026826749,0.098145746,0.100995973,0.084876925,0.024384132,0.045620438,0.102260783,0.062225617,0.05123904,-0.096559256,0.100851648,-0.102326959,0.063946843,-0.085113056,-0.099541903,0.013540963,0.087460309,0.101279669,-0.099400967,-0.098458454,0.102380604,0.102440439,0.101872794,-0.09761674,0.101257488,-0.009734652,-0.101887107,-0.102325797,-0.090605438,-0.088596575,0.101047486,-0.095739774,0.074748449,0.102037899,-0.04526367,0.059803344,-0.046927422,-0.101714812,0.102442183,0.051026478,-0.049689759,0.070002787,0.102432147,0.101526082,0.10182111,-0.101158403,-0.101852201,-0.102439001,-0.101945877,-0.035316117,0.099523433,0.102435403,0.00351945,0.10227488,0.079306431,0.099387296,0.04990723,0.101178907,-0.102185011,0.01973564,0.063561767,-0.100963078,0.091563068,-0.098681264,-0.102441996,-0.102388173,0.097969957,-0.100060776,0.038036458,-0.101769045,0.017967723,-0.093641207,0.102442957,0.102440536,-0.102240808,-0.100147136,0.098249674,-0.102189638,0.096749119,0.03698219,-0.101848073,0.078960173,-0.098799221,0.102442704,0.096223421,0.101544783,0.095385239,0.09999492,-0.09583357,0.102393098,0.102146737,0.092602141,0.102402158,0.03809977,0.044891562,-0.084957033,-0.101738967,-0.10242372,0.084618665,-0.083898149,0.099863976,-0.10183645,-0.091229506,0.101377413,0.039284926,-0.035088733,0.086979747,0.080879785,0.076565586,-0.102442615,-0.101433381,0.018051572
cefaloridine,CZTQZXZIADLWOZ-CRAIPNDOSA-N,A4,0.046028618,0.046480138,-0.101405412,-0.102321811,-0.100615233,-0.096107736,-0.097859368,-0.063361786,-0.003899362,-0.102375217,0.085072093,-0.096753679,-0.102508768,0.102332085,0.098782487,-0.097210079,0.097841121,0.102024563,0.10012652,0.094487377,0.102027066,-0.102502316,-0.102505311,0.102095194,0.05804649,-0.102300011,0.093025431,-0.101933539,-0.091370106,-0.102509916,0.076802008,-0.096281677,-0.088711634,0.082132146,0.014913154,-0.042824775,0.099206857,0.102509536,0.102200001,-0.101318061,0.102450319,0.0311657,0.038009558,0.099124148,-0.102487884,-0.03254744,-0.065438047,0.102507316,-0.079138204,-0.055259384,0.102514692,0.102506742,0.101357915,-0.100633636,0.102515437,-0.102483436,0.047987264,-0.038496308,0.088268854,0.102360137,0.102510981,-0.102501206,0.10123311,-0.101365745,-0.102051474,-0.100650176,0.034267429,0.102515489,0.072321571,0.056793626,0.101103619,-0.039683212,0.10226316,0.018894469,0.080884762,-0.102514707,0.10109099,-0.102512248,0.102308914,0.102507696,-0.102084801,-0.038676638,0.03612487,0.095428124,0.068156563,-0.102446996,0.093082346,-0.099398427,0.102501035,0.053296365,-0.051501848,-0.100855038,-0.102433935,0.090149388,0.091922015,0.100073509,-0.102175422,0.102443352,-0.059122294,0.102515317,0.071341723,0.036737546,0.102259234,0.101683758,-0.036618628,-0.102343239,0.102515288,-0.072266482,-0.061141014,-0.050629262,0.102335185,-0.073075034,0.102515213,-0.055400107,0.101318195,-0.083631724,0.098252848,0.101969965,-0.100538723,0.102504864,-0.096642502,-0.096319474,-0.093991056,0.054366667,0.083620705,-0.101173855,-0.075414285,-0.083089046
cefalothin,XIURVHNZVLADCM-IUODEOHRSA-N,A4,0.089762613,0.09607739,0.020299364,-0.096079595,-0.060188245,-0.092167459,-0.095276371,-0.008120864,0.086228073,-0.0960823,-0.094010785,-0.095833465,-0.096112803,0.096112803,-0.081530958,0.086165547,0.021498313,0.096112758,0.09611246,-0.017612446,0.096112639,-0.095970862,-0.09524741,0.095721081,0.032448061,-0.095884122,0.096084595,-0.095972285,-0.093834601,-0.096112579,0.093035296,-0.094493859,-0.052363828,0.089988194,-0.077454358,-0.08198373,0.088146843,0.096085288,0.096109197,-0.072655722,0.095988125,-0.040802795,-0.065254822,-0.096106529,-0.088217229,0.085090756,0.092726134,0.095636465,-0.096020855,-0.095667094,0.096112639,0.096108824,-0.088929586,-0.095178224,0.096112803,-0.096112765,-0.084499978,-0.074957848,0.096060179,0.094413027,0.096108176,-0.09579251,0.096112721,-0.096099213,-0.094690681,0.078129523,-0.09567146,0.096112803,-0.09610036,0.096049324,0.09610384,0.088991344,0.096102551,-0.065794542,0.094868563,-0.096112713,0.084437974,-0.096061364,0.096110031,0.096070327,-0.096112713,0.09396895,-0.019131372,0.093083426,-0.093378603,-0.096112348,-0.096060313,-0.096106969,0.096112773,-0.080669045,-0.094998531,-0.091948785,-0.095499791,0.084204338,-0.09508808,0.095458806,-0.095302351,0.096080251,-0.096073002,0.096112803,-0.090240769,0.093500689,0.096111156,0.08927051,-0.076660231,-0.089060962,0.096112803,0.059251197,0.096084222,-0.081647307,0.09518227,0.095967218,0.095792286,-0.095319629,0.088915788,-0.096111752,0.063315228,0.092007034,-0.051637501,0.096112803,-0.092893302,-0.096020527,0.091099761,-0.094626613,0.092636779,-0.095962316,0.018770179,-0.024275122
cefamezin,MLYYVTUWGNIJIB-BXKDBHETSA-N,A4,0.098491587,0.089474127,0.097768605,-0.092586279,-0.099138185,0.098046392,-0.099162988,0.099082842,0.099149115,-0.029648604,0.085729934,0.064470753,0.099163242,-0.098588392,-0.098484784,0.087628812,-0.099163242,-0.098986506,0.082325459,0.098251164,0.096383683,-0.098864503,-0.099161215,-0.099162333,0.022288943,-0.09373264,0.097988725,-0.099080637,-0.096623451,-0.025384743,0.099163406,0.09915483,-0.099163406,0.007711868,-0.098626986,-0.097949989,0.082632296,0.099132597,0.09557014,0.017879648,-0.093769602,-0.087088302,-0.09894596,0.09916199,-0.092517607,-0.099086717,0.066931434,0.099163406,-0.098940127,-0.019538458,0.094977587,-0.099162146,-0.099028051,-0.058855291,0.043583844,-0.099161848,-0.099157766,0.099136479,-0.092991307,0.099162064,-0.09748885,-0.071098097,0.098771535,-0.099163406,-0.096760809,-0.046182033,-0.099159628,0.099103719,-0.022594051,0.09852387,-0.05390276,0.02754163,-0.097997449,0.000548745,0.099139683,-0.099163406,0.093963198,0.029928267,-0.098891273,-0.098978169,-0.099108748,0.098557442,-0.099163227,-0.099160105,0.092873022,-0.072385043,-0.04408652,-0.099163406,-0.084054172,0.096266381,0.045354292,-0.040621758,-0.099163309,0.066469237,-0.099120498,0.098879948,-0.096588969,-0.030095588,0.099124074,-0.074718282,0.099163406,0.008840993,0.09630134,0.09916319,-0.099163018,-0.099119589,0.099163406,0.099163331,0.099076368,-0.099163406,-0.051735353,-0.098486833,-0.074684583,-0.065145381,-0.096254565,0.09256772,0.092889883,0.098999619,0.049555715,0.08747381,-0.096795157,-0.0980976,-0.099163145,-0.099163406,0.099104993,-0.099163339,-0.099162221,0.098819666
cefapirin,UQLLWWBDSUHNEB-CZUORRHYSA-N,A4,0.078563318,0.095740281,0.095549211,-0.078225285,0.063003704,0.097351402,-0.096904293,0.097835824,0.09736681,0.068437241,0.093350612,-0.09599667,0.09550935,-0.03222046,-0.097645,0.076464392,-0.0973721,0.097721852,0.097853452,-0.040296692,0.097787999,-0.095319249,-0.097882666,0.076804221,0.097061411,-0.097288363,0.097880423,-0.097870953,-0.070035391,0.093902573,0.097839125,0.079037651,-0.014398712,-0.066494949,-0.048875712,-0.091010377,-0.028461507,0.097881727,0.097751312,0.086478665,-0.090907767,-0.09557642,0.029902888,0.097753346,0.071155995,-0.086455032,0.096220054,0.097861998,-0.09787441,-0.025439126,0.096336804,0.091118082,-0.09786433,-0.088756517,0.097845107,-0.097825244,-0.089732319,0.097286463,-0.07188233,0.097880043,0.097196683,0.084248737,0.096828379,-0.097849831,-0.097882874,0.096346267,-0.097882919,0.095963396,0.047068246,0.096554898,0.087466404,0.044626899,0.072257407,-0.086926073,0.097713098,-0.097882919,0.097721264,-0.097825982,0.094198719,0.094190039,-0.097424313,0.097882763,-0.097882658,0.097879708,-0.080159061,-0.097702213,-0.092967182,-0.097882919,-0.093248136,-0.092654996,-0.068868048,-0.020390173,-0.090692736,-0.07333906,-0.094081141,0.097822733,-0.097873427,-0.039534692,0.092341363,0.097882919,0.097882301,-0.075428374,0.096269019,0.097877905,0.093476519,-0.097470455,0.097882919,0.097842649,0.097251669,-0.097882919,0.086307116,-0.054442372,-0.022469385,-0.097096108,-0.09049619,-0.095532328,-0.057964012,0.097587526,0.086877212,0.083073884,-0.097878568,-0.096998982,0.095718727,-0.097882755,0.087727629,-0.097678512,-0.097882822,0.097299479
cefdinir,RTXOFQZKPXMALH-PRHODGIISA-N,A4,-0.099957317,0.024618948,0.101512589,-0.101470426,0.098400138,-0.100509189,-0.092991754,0.05712093,0.065732375,-0.094677627,-0.100268729,0.050347336,-0.097561702,0.101576947,0.081241108,0.080387518,0.097898424,0.056294013,-0.094834857,-0.063131213,-0.099697642,0.059049454,0.101057418,-0.021397179,0.094638988,0.073669568,0.100260168,-0.101451173,-0.098019704,-0.0620309,-0.101513408,0.030983372,0.051332287,0.101470299,-0.101533592,-0.052214988,0.101595104,0.101595573,0.101184629,-0.101541169,0.101108529,-0.090102062,-0.100711845,-0.100415409,0.060019612,-0.092268124,0.10125903,0.009337055,-0.081238702,0.101410769,0.017248163,0.097579889,0.101197489,-0.095318787,0.101485945,0.083547838,-0.075838603,-0.067418039,0.101592638,0.101363517,0.100657038,-0.089623921,-0.100839533,-0.10158705,-0.10063386,-0.013534911,0.100717694,0.101570405,0.053578123,0.100837879,0.061817903,-0.04199101,0.095016561,0.101594135,-0.101576649,0.040485699,-0.030810857,-0.101563744,0.090159439,-0.101348624,-0.101595275,-0.101223357,0.088681899,-0.089369729,0.100315012,-0.100834295,0.099830166,-0.093318582,0.101595573,0.101595461,-0.101592667,-0.101589791,0.020455649,-0.101498246,0.09987098,0.099393897,-0.100008182,-0.017956557,-0.05873692,0.101568103,0.101447389,0.101372078,0.031438563,0.101451598,0.048256341,0.101570673,0.101578236,0.100805603,0.101583637,0.053783007,0.101425469,-0.098315947,-0.067292854,-0.101594418,0.10056939,-0.065892592,0.100265034,-0.092340633,-0.099571414,0.093046293,0.057280727,0.080561116,0.097858638,0.093550563,0.071152709,-0.101595521,-0.101486415,0.089448936
cefepime,HVFLCNVBZFFHBT-ZKDACBOMSA-N,A4,-0.080913752,-0.00488257,0.105437815,-0.105689563,-0.100651719,-0.098791614,-0.069901466,0.105637684,0.094604582,0.075171128,-0.080711901,0.102181777,-0.017103521,0.103521347,-0.027214989,0.063990332,0.104061119,-0.073443718,-0.104939416,0.019862501,-0.105445035,-0.034344595,0.068929851,0.094415963,0.046491213,-0.055415101,0.097839139,-0.105619669,-0.09839692,-0.028998395,-0.105605811,-0.100136049,-0.03218624,0.105713353,-0.1018003,-0.004804467,0.105697364,0.10571935,0.102306075,-0.104844123,0.09820202,-0.103794634,-0.0330915,-0.027106965,0.096403182,-0.030143574,0.103415012,0.105692282,-0.052581675,0.10419371,-0.039275486,0.104906812,0.105419189,-0.095673867,0.064706177,0.052856628,0.070164986,0.040682312,0.105017856,0.103317998,0.10214971,-0.02655549,-0.076789871,-0.105437249,-0.104275063,-0.023201279,0.105292879,0.105674833,0.096758239,0.104445122,0.081788063,-0.097637735,0.105403766,0.105712943,-0.10520342,-0.087281831,-0.056002483,-0.105703309,-0.029741272,-0.086926565,-0.105425589,-0.105707057,-0.016815042,-0.065718301,0.082207546,-0.105334885,0.10571561,-0.100814693,0.105710618,0.105685823,-0.104694031,-0.105711959,-0.085924737,-0.102157682,0.01200936,0.102969609,-0.103964344,-0.064703479,0.103592858,0.105560385,0.10557051,0.105195299,0.095603779,0.105714105,0.08428704,0.099751562,0.10432113,0.105516776,0.101930119,0.020659937,0.105712682,-0.105578147,0.101561636,-0.105704196,0.105650634,0.100973859,0.105610095,-0.034374282,-0.102485098,0.103507586,-0.017019773,0.050472513,0.066822104,0.081156947,-0.010906835,-0.105715543,-0.105628185,0.092859551
cefiderocol,DBPPRLRVDVJOCL-FQRUVTKNSA-N,A4,-0.100824557,0.083434336,0.104318134,-0.104291953,-0.073064715,-0.065906666,-0.10220702,0.104313113,0.067874283,0.077441722,-0.101871558,0.103672691,0.078068718,0.100085005,-0.013313402,0.067030795,0.067187533,-0.083241232,-0.103903919,-0.068060748,-0.10270527,0.08938317,0.103897087,0.07730034,0.025072256,0.0474061,0.102077812,-0.103880279,-0.100987516,0.096398428,-0.103295699,-0.018356266,-0.099078484,0.104406901,-0.104244068,-0.049877819,0.104417711,0.104464851,0.101973966,-0.091282278,0.075646691,-0.102406435,-0.081324458,-0.033302739,0.103618264,-0.097390302,0.099666625,0.10216517,0.098613232,0.103295729,-0.097915336,0.068207696,0.092987426,-0.09302666,-0.055195689,0.096182995,-0.001495774,0.090541415,0.104091883,0.063519761,0.061091576,-0.026157448,-0.102576979,-0.104377143,-0.103509195,-0.083995365,0.103482813,0.103671864,0.064152442,0.103915513,-0.076059155,0.010802133,0.104356386,0.104464151,-0.104286432,0.040441141,-0.002817808,-0.104346365,-0.102627143,-0.10438735,-0.102324106,-0.104364194,-0.01767322,-0.101291418,0.081477679,-0.051832777,0.104444146,-0.104236916,0.104464099,0.104226336,-0.104367413,-0.104258917,0.020873943,-0.104194321,-0.095337085,-0.013362391,-0.101692714,-0.095132843,0.10417258,0.097788997,0.104210779,0.089779966,0.060178801,0.104454637,0.087591849,0.103201039,0.09865284,0.104244441,0.076851845,0.054253682,0.104401819,-0.103044547,-0.069374844,-0.104353681,0.104365349,0.097014807,0.101147354,-0.061258912,-0.087662779,0.073478535,0.033818517,0.090353541,0.068981744,-0.019375566,-0.061870247,-0.104461677,-0.104294762,0.095155142
cefixime,OKBVVJOGVLARMR-QSWIMTSFSA-N,A4,-0.097520292,0.043333847,0.106008135,-0.106036678,0.074982077,-0.097448841,-0.079024613,0.094764434,0.084516093,-0.026807453,-0.096120633,0.076298311,-0.08499185,0.10592746,0.053298626,0.091543466,0.093096472,0.012353458,-0.094824247,-0.038181741,-0.100248374,-0.030928729,0.101903565,0.056105282,0.092610903,0.047539022,0.101979449,-0.105665229,-0.099484496,-0.043923333,-0.105959587,0.005105444,0.02963363,0.105879605,-0.105996005,-0.068056144,0.106269591,0.106281079,0.104906775,-0.105718143,0.103425004,-0.10006649,-0.09660653,-0.09956,0.067029081,-0.084930077,0.104948923,0.090606801,-0.089760207,0.10583511,0.013028047,0.100769743,0.104676008,-0.090402462,0.104052737,0.030087339,-0.020123012,-0.010713718,0.106166609,0.105449975,0.104152784,-0.060595594,-0.099922709,-0.106157243,-0.105282709,0.053028695,0.102046572,0.106158108,0.062103808,0.104835078,0.085570611,-0.063707009,0.101724908,0.106257141,-0.106131956,-0.033282112,-0.064942144,-0.105950437,0.037626863,-0.100974783,-0.106266908,-0.105632059,0.048992526,-0.052237313,0.098008491,-0.104867876,0.105558172,-0.101682663,0.10628099,0.10627608,-0.106142715,-0.106252134,-0.01899088,-0.105789699,0.095555834,0.10397841,-0.103045911,-0.0267327,0.011571472,0.106233396,0.106084317,0.105203457,0.051666725,0.106091633,0.072262332,0.105947375,0.106115848,0.105741136,0.10614568,-0.00061256,0.105969273,-0.103381924,-0.000569179,-0.106276147,0.104671724,-0.013305963,0.103896245,-0.074231058,-0.099292606,0.101154052,0.034889489,0.084582582,0.098575071,0.085562594,0.072290614,-0.10627944,-0.106050193,0.094441809
cefmetazole,SNBUBQHDYVFSQF-HIFRSBDPSA-N,A4,0.062479291,0.004371583,0.099205159,-0.064606607,-0.099191211,0.056112707,-0.099204399,0.097982287,0.09902408,0.099198133,0.099156737,-0.088306569,0.099196903,-0.043708265,-0.098775774,0.083119065,-0.099204361,-0.099202827,0.079312049,-0.098306067,-0.014290673,-0.069019049,-0.099185407,0.099122539,0.027363457,-0.099203199,0.098994769,-0.099198394,-0.091687381,0.064676359,0.099205524,0.099012889,-0.099205524,0.098820291,-0.098892994,-0.099176913,-0.098819956,0.099190414,-0.030483738,0.035021838,-0.067691341,-0.099205524,0.012360128,0.09913218,-0.076148108,-0.092322163,0.068056636,0.09920533,0.089561343,0.096679084,0.020887753,-0.099146627,-0.086809479,-0.097386993,0.093377531,-0.072857559,0.093861066,0.099204607,-0.099156454,0.096237347,-0.090456791,0.088899933,0.022985587,-0.099205524,-0.099205457,0.09584108,-0.099202432,0.099200651,0.015382812,0.098342285,-0.099202022,-0.050473232,0.098748118,-0.096299753,0.059327006,-0.099117406,0.098372288,-0.081768461,-0.098442703,-0.099186607,-0.030702651,0.095617443,-0.099205494,-0.096292704,0.099191882,0.068098836,0.099197485,-0.099205524,-0.097624645,0.033483483,0.099189609,0.02075546,0.094635732,0.047767669,-0.099205524,0.083233304,-0.09919966,-0.093951724,0.098743744,0.081664056,0.09897764,-0.099204309,-0.061796099,0.099205524,-0.083549693,-0.090319589,0.099205524,0.099205524,0.099072315,-0.099205524,-0.099203989,-0.099205464,-0.099199973,-0.099072263,-0.09583091,0.099174164,-0.028236561,0.098954462,0.099205166,-0.085614644,-0.098822564,-0.07790783,-0.094112359,-0.099205203,0.097819366,-0.099193059,-0.099205457,0.099105984
cefminox,JSDXOWVAHXDYCU-VXSYNFHWSA-N,A4,-0.096830003,-0.035767831,0.098101214,-0.096443549,-0.032277863,-0.073300265,-0.098136529,0.098095715,-0.009314467,0.094759755,0.064903721,0.085714877,0.097944506,-0.070363097,0.092214726,0.08226224,-0.098147556,-0.098034024,0.097164229,-0.095805958,0.098075531,-0.092536837,0.091305375,0.097998761,0.052855503,-0.098107636,0.098143555,-0.096981332,-0.082336552,0.070061058,0.098133728,0.098145694,-0.098034054,0.096953586,-0.097901404,-0.098143265,-0.009303273,0.098147593,0.097040936,-0.097516879,0.018927075,-0.09814778,-0.095663451,-0.095454589,0.09464106,-0.085123532,0.097181156,0.089154258,0.098077461,0.09814775,-0.098136954,-0.098146357,0.060216576,-0.097973101,0.057752039,-0.098102294,-0.090652473,0.085894182,-0.068627954,0.092289031,-0.093763381,0.069634914,-0.098140121,-0.098147981,-0.098147981,0.096139729,-0.096871622,0.098123781,0.073745355,0.098044835,-0.097541369,0.096517235,0.089842029,-0.03945167,-0.096271835,-0.094796084,0.097167395,0.013102211,-0.098070867,-0.098147921,0.016061345,-0.0219825,-0.098147936,-0.098120868,0.098126493,0.098070122,0.098135114,-0.098147981,0.098076396,0.055914287,0.095015891,-0.068077698,0.098145895,-0.083667047,-0.098147884,-0.097799204,-0.097465701,0.018069727,0.098072529,0.084668785,0.097609974,0.081110604,-0.093578495,0.098138243,-0.087289594,0.006660173,0.098147348,0.097969785,0.098146819,-0.098147981,-0.098144889,-0.09778855,-0.098147981,-0.098147064,0.0104962,0.089548826,0.091907524,-0.041322205,0.098115951,0.096292503,-0.096347049,0.083828956,-0.095696323,-0.098144121,0.08118283,-0.098146729,-0.098143853,0.098146461
cefoperazone,GCFBRXLSHGKWDP-XCGNWRKASA-N,A4,0.084460214,0.023359133,0.096515469,-0.096082643,-0.096513383,0.081326611,-0.096516699,0.096492127,0.096225709,0.096363865,0.096312299,0.011365503,0.096517272,-0.0962511,-0.080158301,0.086245358,-0.096517272,-0.096444838,0.040238716,-0.092909724,0.096508801,-0.088904142,-0.096515015,-0.073675871,0.06270352,-0.096513525,0.096517183,-0.096516147,-0.004809586,0.034030076,0.096517272,0.096491054,-0.096517272,0.096502386,-0.096246541,-0.096461408,-0.094835289,0.096516348,0.072756574,-0.091416515,-0.090958625,-0.09651722,-0.082823619,0.096459456,-0.093198843,-0.095441133,0.085217461,0.096516795,0.045404725,0.096236035,-0.070629336,-0.096513264,-0.095817663,-0.090818711,-0.089266293,-0.096516714,-0.095612958,0.096513703,-0.09162046,0.092737548,-0.094852865,0.092959024,-0.051381372,-0.096517272,-0.096517272,0.096373156,-0.096517175,0.096516021,-0.021701999,0.096112467,-0.096487895,-0.07798554,0.028923327,-0.094557218,0.096482314,-0.096517272,0.096516103,-0.086196959,-0.096383445,-0.096516982,0.072407439,0.095613569,-0.096517272,-0.096516661,0.096507981,0.092099555,0.096516758,-0.096517272,-0.07345365,-0.095060132,0.096328229,0.057418838,-0.019735878,0.086207822,-0.096517272,-0.020934843,-0.096511297,-0.074436054,0.096513025,0.022318944,0.096515216,-0.061334722,0.058515631,0.096517272,0.079596527,-0.095420122,0.096517272,0.096517272,0.096516781,-0.096517272,-0.09644983,-0.096517272,-0.096512809,-0.096493684,-0.09552943,0.096515365,0.079455063,0.09620592,0.096515439,-0.077275611,-0.096489638,-0.092908882,-0.096402004,-0.096517272,0.096461862,-0.096517168,-0.096517183,0.096514128
cefotaxime,GPRBEKHLDVQUJE-QSWIMTSFSA-N,A4,-0.099032298,-0.015879236,0.102825508,-0.102641791,0.020310352,-0.098868713,-0.100209363,0.102655962,0.066947207,0.040894531,-0.097063467,0.09839265,-0.099536411,0.102769181,-0.065732412,0.064699046,0.091666825,-0.055783626,-0.102282986,-0.020660561,-0.102347203,0.036191873,0.101897188,0.092164434,0.093083724,0.050735001,0.096357167,-0.102815919,-0.101232693,0.000432802,-0.102750741,-0.087575287,-0.092228599,0.102817059,-0.102617308,-0.089805208,0.102865137,0.102869511,0.098772354,-0.099516489,0.097913109,-0.09682548,-0.05835297,-0.090097316,0.083621234,-0.088967085,0.101647303,0.102361694,0.024371495,0.101934336,-0.062204503,0.098325603,0.102228567,-0.09915337,0.101698563,0.093866691,0.047588635,-0.007141718,0.102813192,0.101360165,0.102406427,-0.092025824,-0.096037671,-0.102864996,-0.102645747,-0.084265664,0.10182257,0.102860548,0.068813302,0.102694765,0.006870627,-0.006451151,0.101629868,0.102867529,-0.102848761,0.069118805,-0.075434841,-0.102841161,-0.061052591,-0.102260754,-0.102864072,-0.102833249,0.062203087,-0.087084167,0.079391152,-0.102223516,0.10262081,-0.101487145,0.102869488,0.102868907,-0.102853358,-0.102839686,0.036237072,-0.102232397,0.028439146,0.098876871,-0.102562845,-0.053063061,0.100576244,0.102862313,0.102507412,0.09853857,0.080214009,0.102857962,0.044858858,0.102728814,0.102011263,0.10254962,0.100267924,0.006365477,0.102740377,-0.102418758,0.035925068,-0.102865472,0.102572002,0.041500077,0.102615662,-0.097005561,-0.09156689,0.10164395,0.051828869,-0.019474579,0.096560627,0.042970933,0.040887401,-0.10286925,-0.102808058,0.096781403
cefotetan,SRZNHPXWXCNNDU-RHBCBLIFSA-N,A4,-0.095368549,0.051054899,0.101344086,-0.090793788,-0.096593626,0.023898948,-0.101343229,0.101239026,0.068301924,0.098116368,-0.005466752,0.054653455,0.101333432,0.007472887,-0.04617827,0.093757644,-0.101358563,-0.10036996,0.078452706,-0.098311692,0.101345554,-0.078892216,0.037264407,0.100353926,0.051283248,-0.101310737,0.101358213,-0.101349995,0.005500621,0.091787085,0.101344325,0.100553267,-0.101352878,0.101294518,-0.100794539,-0.10127914,0.017741023,0.101354361,0.100886509,-0.086627968,-0.025450569,-0.101358078,-0.090888947,-0.069879703,0.091163427,-0.095791295,0.100283593,0.09952087,0.100039281,0.101163894,-0.100981213,-0.101336949,-0.0976208,-0.100931793,-0.026021868,-0.101234242,-0.032897893,0.101211816,0.064396419,0.090286523,-0.065585293,0.098536149,-0.101220369,-0.101358548,-0.10135857,0.100828938,-0.101306334,0.101344809,-0.058912665,0.101324156,-0.100696802,0.098358795,0.100278407,0.038007967,0.062056985,-0.101200148,0.101144254,-0.074720047,-0.101305775,-0.101358533,-0.045701932,-0.069897592,-0.101358585,-0.101295084,0.10130246,0.100718223,0.101352915,-0.101358615,0.101236135,-0.019826844,0.077504151,0.01939629,0.101329207,-0.067380197,-0.101358503,-0.100552991,-0.101324573,-0.071047992,0.10133668,0.092511907,0.10114909,-0.027748952,-0.000148945,0.101357348,0.090544373,-0.029460713,0.101358213,0.101357751,0.101327769,-0.101358615,-0.101114795,-0.101338215,-0.101358049,-0.101330906,0.010872334,0.100839838,0.085465841,0.024130737,0.101268992,0.080142245,-0.101231366,-0.07554958,-0.093515232,-0.101358399,0.098882712,-0.101358153,-0.10135451,0.101334482
cefoxitin,WZOZEZRFJCJXNZ-ZBFHGGJFSA-N,A4,-0.110169113,0.097249657,0.108771726,-0.111615255,-0.027019693,-0.069197446,-0.102120928,0.080259122,0.074722789,-0.001070476,-0.110723525,-0.007413752,-0.110471681,0.113259792,0.063187733,0.047547217,0.036501892,0.069832467,0.064970426,-0.026648706,0.01989921,-0.02478387,0.100500211,0.112620033,0.093430758,-0.074455544,0.091618262,-0.113063097,0.017532634,-0.008243646,-0.111645527,-0.088498093,-0.054872766,0.112744853,-0.109087572,-0.106878281,0.111802384,0.11320623,0.100983366,-0.078503296,0.100272521,-0.102376252,-0.099534415,-0.096958637,0.051205747,-0.083733745,0.106592037,0.077523351,0.098388538,0.100101434,-0.029272301,0.091714852,0.041843832,-0.098794296,0.112592317,0.084550865,0.09819822,0.073129758,0.112322435,0.094787538,0.108815126,-0.106105946,-0.09604685,-0.112271778,-0.112772532,-0.026180189,0.103840314,0.113205515,-0.012942062,0.113073722,0.027914951,0.012805763,0.109371215,0.110321112,-0.111139119,0.0554066,-0.031377926,-0.113023579,0.029905772,-0.099539995,-0.113082893,-0.112917818,0.063050009,-0.038769197,0.018540291,-0.109087661,0.109493501,-0.109731577,0.113235064,0.113045812,-0.109852985,-0.108760014,0.096510589,-0.110646665,-0.020162744,0.027459808,-0.112666421,0.042426329,0.041679595,0.113293357,0.105397232,0.09349291,0.111733012,0.112843439,-0.006796069,0.112855256,0.091855332,0.112259701,0.066717468,0.053911932,0.109268256,-0.111676909,-0.075488582,-0.112401649,0.100834489,0.054312076,0.106508754,-0.085040562,0.008307645,0.106415734,0.028897436,0.020695243,0.109117605,0.017711539,0.017730895,-0.113236472,-0.110225089,0.087496214
cefpirome,DKOQGJHPHLTOJR-WHRDSVKCSA-N,A4,-0.089687891,-0.005466636,0.10508734,-0.105182335,-0.069864132,-0.091818266,-0.081788957,0.105068006,0.092890948,0.061375841,-0.093492083,0.099723659,-0.062831379,0.104103774,0.014836592,0.038605556,0.092413925,-0.036262177,-0.100022316,0.015488236,-0.104842544,0.002360567,0.086865418,0.090202555,0.089372277,-0.02545769,0.102717079,-0.105222203,-0.102296948,-0.022265956,-0.10509602,-0.051372204,-0.079982169,0.10523016,-0.104366936,-0.080628648,0.105284527,0.105302379,0.103949592,-0.105009757,0.09249641,-0.103180647,-0.091892436,-0.070413411,0.091457926,-0.091304891,0.105074532,0.10476964,-0.005458945,0.10448087,-0.046586946,0.101302423,0.104757033,-0.096524857,0.094615325,0.035918076,0.056151357,-0.044157412,0.1048465,0.104460627,0.100347266,0.008496135,-0.096475303,-0.105271824,-0.105016939,-0.048565086,0.104147807,0.105285361,0.092771232,0.10478282,0.085589528,-0.079549707,0.103945754,0.105295129,-0.105235137,-0.052477527,-0.05116608,-0.105277978,-0.007088153,-0.102431975,-0.105242386,-0.105216257,-0.022927398,-0.069903277,0.096600719,-0.103858635,0.10527876,-0.104419135,0.105301678,0.105295852,-0.105120227,-0.105282977,-0.017668199,-0.103488848,0.028166328,0.100004435,-0.103870615,-0.029663969,0.101008765,0.105258964,0.105237752,0.104654029,0.094120115,0.105293892,0.077202633,0.102623686,0.105091721,0.105095543,0.103958279,-0.019449074,0.105267279,-0.104414634,0.061680175,-0.105296351,0.105045587,0.092650257,0.105222732,-0.076601237,-0.096397698,0.100986116,-0.042555571,0.030805638,0.091672935,0.04750973,0.029839601,-0.105301313,-0.105253205,0.097313486
cefpodoxime,WYUSVOMTXWRGEK-HBWVYFAYSA-N,A4,-0.101872683,0.017293157,0.103162602,-0.103330597,0.070075355,-0.096793845,-0.092107676,0.099865682,0.055034608,-0.03548136,-0.101464227,0.077151634,-0.098010667,0.10327664,0.068239577,0.040133789,0.095930472,-0.055266865,-0.099652573,0.006621519,-0.10067413,0.026313877,0.102544874,0.076890416,0.088815391,0.038207207,0.089079604,-0.103225961,-0.097068518,-0.011745384,-0.10326726,-0.062604107,-0.014307224,0.103248745,-0.102768645,-0.071648844,0.103396744,0.103400357,0.09954907,-0.101888739,0.098975539,-0.097651638,-0.091183856,-0.098941766,0.063410401,-0.092964232,0.10210903,0.09752012,0.017023463,0.10303583,-0.056338407,0.099038661,0.102586135,-0.097214319,0.102818124,0.099926278,0.047313802,-0.006111869,0.103356414,0.101523452,0.102090672,-0.097849227,-0.100846432,-0.103367589,-0.101952881,-0.075338751,0.102457426,0.103373334,0.072921477,0.102941893,-0.001598497,-0.0028925,0.098397933,0.103385575,-0.103377327,0.082233638,-0.044044316,-0.103329778,0.003711513,-0.102174439,-0.103389516,-0.103349529,0.079232454,-0.084102802,0.09233287,-0.102113888,0.10295099,-0.088017903,0.103400365,0.103399873,-0.103319384,-0.103318922,0.058629151,-0.10306672,0.092596151,0.098731779,-0.102249414,-0.034185998,0.076437026,0.103382312,0.102892958,0.101443879,0.07051935,0.10335017,-0.008885664,0.103344835,0.102787368,0.102342889,0.102348752,0.077982761,0.103200711,-0.102803275,-0.070252493,-0.103395686,0.102472447,0.062773772,0.102535538,-0.09338408,-0.085703924,0.101124629,0.063447081,0.033435497,0.099713378,0.089638911,0.0605992,-0.103399768,-0.103286043,0.096566126
cefprozil,WDLWHQDACQUCJR-ZAMMOSSLSA-N,A4,-0.103724666,0.098545581,0.087618902,-0.099801071,0.087550126,-0.069187485,-0.080139577,-0.079717703,0.04360931,-0.087163754,-0.102418773,-0.075443245,-0.104305714,0.104313478,0.023356682,0.103276826,0.076274708,0.103916802,0.101924844,0.007414433,0.076175332,0.055400226,0.103510298,0.091030777,0.077316537,-0.09047623,0.100581497,-0.104234099,0.053508181,-0.1031987,-0.103519008,-0.058499087,0.064300708,0.103882462,-0.097421207,-0.102101274,0.103378199,0.104289658,0.100002393,-0.102671638,0.104064159,-0.013904775,-0.088568188,-0.104268543,-0.078527763,0.038775515,0.100894533,-0.061495598,-0.006484252,0.095338702,0.064208694,0.103286721,-0.057685342,-0.090415351,0.10431239,-0.062886633,0.014652841,0.04753191,0.104270987,0.08946614,0.103259511,-0.097688675,-0.073364198,-0.104102403,-0.102717742,0.062385552,0.10131485,0.104301035,-0.076615505,0.104090139,0.071298577,0.070468031,0.099468112,0.102042571,-0.098371699,-0.052240342,-0.032096807,-0.103549898,0.101124182,-0.092680357,-0.104301438,-0.103824496,0.099064082,-0.092239812,-0.080259025,-0.103765219,-0.022639988,-0.073838301,0.104313612,0.104182579,-0.103945859,-0.099861391,0.081368953,-0.103897639,0.088831298,0.079074889,-0.102926761,0.090963297,-0.102493502,0.104313612,0.05015859,0.102857858,0.103615716,0.099946208,-0.027563706,0.103993997,0.104011543,0.100213379,0.104062162,0.05113472,0.084396593,-0.097409189,-0.048328958,-0.10429281,0.100574076,-0.103328094,0.102279685,-0.102358513,-0.099699661,0.104204297,0.073277198,-0.078521356,0.101204373,0.055897478,0.079128422,-0.104307517,-0.079595268,0.019829582
cefquinome,YWKJNRNSJKEFMK-PQFQYKRASA-N,A4,-0.096522793,-0.017040795,0.103125215,-0.10318888,-0.037340894,-0.097376131,-0.08520215,0.103009492,0.087585419,0.043245926,-0.09774486,0.098492391,-0.084175237,0.102870896,0.02834451,0.047862824,0.098874629,-0.066317655,-0.101214327,0.063204817,-0.102936521,-0.007378297,0.099036701,0.090444438,0.075993054,-0.017083192,0.096513577,-0.103187069,-0.101615749,-0.008868975,-0.103153244,-0.074729294,-0.057507902,0.103186555,-0.102759719,-0.062409632,0.103218138,0.103220254,0.101579286,-0.102950558,0.097342752,-0.101521052,-0.089316532,-0.088010587,0.084663175,-0.087835759,0.102954529,0.102885984,-0.022648323,0.102788746,-0.045886803,0.10149125,0.103010528,-0.098683633,0.100594275,0.080861785,0.067201197,-0.041611921,0.103039891,0.10270001,0.101577036,-0.041743856,-0.098595746,-0.103205159,-0.102782607,-0.073306061,0.102866031,0.103214726,0.094321281,0.10288278,0.075824976,-0.055302247,0.102125265,0.103217699,-0.103202179,-0.016239339,-0.055814043,-0.103206217,-0.03656029,-0.101721659,-0.103206091,-0.103200153,0.020369401,-0.079835325,0.096749149,-0.102758095,0.103200734,-0.100440957,0.103220165,0.103219554,-0.103136271,-0.103212334,0.006494289,-0.10264691,0.077201404,0.100953028,-0.101907782,-0.038055927,0.096987732,0.103203714,0.103166103,0.102843054,0.08226046,0.103217885,0.038374115,0.102518655,0.103073061,0.10300456,0.102568768,0.033875998,0.103202015,-0.102792561,0.048739038,-0.103218488,0.103109747,0.093998291,0.103151619,-0.089228466,-0.097226515,0.101615362,-0.025884626,0.020894397,0.092499904,0.081816137,0.055316344,-0.103219986,-0.10319557,0.096590877
cefradine,RDLPVSKMFDYCOR-UEKVPHQBSA-N,A4,-0.103902921,0.051121723,0.091296077,-0.103726067,0.095548905,-0.088861622,-0.093657851,0.000199042,-0.039294269,-0.082035415,-0.101530991,-0.079199754,-0.10442999,0.104460992,0.076543137,0.098792091,0.06210655,0.09579733,0.09553311,0.074298866,-0.036191627,-0.042252187,0.103241585,0.094254956,0.049655542,-0.095783032,0.10001307,-0.104337387,0.041941434,-0.092824742,-0.10263665,0.012137038,0.068051718,0.103142895,-0.100988023,-0.102444723,0.104371235,0.104464471,0.104359522,-0.103947729,0.103960283,-0.06910985,-0.103802398,-0.104273751,-0.078696474,-0.07159093,0.104338922,-0.056039505,0.03643126,0.104370147,0.033952098,0.072156399,0.063759349,-0.10123302,0.104437388,-0.088176318,0.052325707,-0.025072025,0.104385383,0.103696384,0.103495643,-0.061203033,-0.102527641,-0.10446246,-0.104310058,-0.040154435,0.103624053,0.104464188,0.096525259,0.104288734,0.095237374,0.094994336,0.095027052,0.102430835,-0.104266055,-0.058817562,-0.015478281,-0.103773095,0.093257159,-0.09648516,-0.104457147,-0.104379497,0.061002892,-0.088780761,0.059854433,-0.10422536,0.096400924,-0.099914394,0.104465529,0.104459986,-0.103708997,-0.103285864,0.089683525,-0.104153067,0.09791214,0.065851063,-0.100799732,0.071357943,-0.069065258,0.10446509,0.095312037,0.10384655,0.10291037,0.10404937,-0.040061314,0.103891455,0.104357928,0.089904159,0.104422607,0.011477199,0.076831095,-0.082000844,-0.074844778,-0.104462795,0.093972839,-0.080877639,0.104258582,-0.103835367,-0.102298006,0.103871807,-0.022697214,-0.001787477,0.059799802,0.066869624,0.094181247,-0.104465507,-0.103194207,0.038061336
cefsulodin,SYLKGLMBLAAGSC-QLVMHMETSA-N,A4,-0.112821639,0.110069372,0.083576441,-0.101205818,-0.046706699,-0.102220461,0.089000113,0.007896625,-0.057075907,-0.089135394,-0.091158226,0.040424861,0.020082688,0.086016893,0.092136279,0.07084056,0.111129023,0.084975213,0.102518789,-0.09514337,-0.104724437,0.108008727,-0.109052166,0.093087323,0.085253537,-0.097708061,0.113153301,-0.109061442,0.100822121,-0.0903906,-0.091021419,-0.021832205,-0.078911103,0.107492916,-0.057195082,-0.104085907,0.04133898,0.114103638,0.107469901,-0.102637902,0.083513975,-0.033109762,0.026283324,0.107410647,0.099526197,0.045609429,-0.022855204,0.103518054,0.072724566,0.078747861,0.041909497,0.106273867,0.072620146,-0.11336045,0.111999229,0.108231433,0.034318775,0.111019365,0.101421624,0.076566294,-0.060285401,-0.10653732,-0.104119115,-0.104148917,-0.113382265,-0.087330483,0.103889115,0.106617816,0.086251818,0.059153929,-0.088933416,0.004088535,0.111483797,0.114023544,-0.113396898,-0.01839713,-0.056185566,-0.11283695,0.104132988,0.010391409,-0.113698199,-0.087206259,0.033053938,0.074742362,0.085788272,-0.105537511,0.111419812,-0.103144601,0.112245895,0.111154556,-0.097967885,-0.11155615,-0.107880585,0.046631414,-0.058219016,0.019584812,-0.110111803,0.09797208,0.082956098,0.111886844,0.106568269,0.015263295,0.112157233,0.112204358,-0.008468672,0.112327635,0.00763496,0.103085503,-0.016683878,-0.080397248,0.11217773,-0.106646441,-0.024463857,-0.088523611,0.057810809,0.069042854,0.092165634,0.096067347,-0.079086095,0.065568231,0.06227361,0.107512839,0.085276812,-0.052811749,-0.110870734,-0.100835539,-0.113893226,0.020686932
ceftaroline,ZCCUWMICIWSJIX-NQJJCJBVSA-N,A4,-0.09896253,0.018303802,0.099886857,-0.100172937,-0.094012469,0.044889111,-0.055662673,0.09633828,0.098017126,0.099642128,0.100089669,0.071342453,0.10010729,-0.004962878,0.100082584,-0.071236275,-0.094703995,-0.085845515,0.09341561,-0.099974349,-0.016291086,0.048128571,-0.099185549,0.099887185,0.089746155,-0.100051142,0.100167274,-0.099961303,0.03398839,-0.075439438,0.06860476,0.100161426,-0.098685779,0.100029565,-0.098808751,-0.100158922,-0.0713173,0.100176051,0.099555731,-0.100176021,-0.066091113,-0.100176014,-0.070916802,0.026911886,0.096530728,-0.000290191,0.100168757,0.093381718,0.099982254,0.100176051,-0.099667281,0.020987069,0.100080125,-0.099570408,-0.084164955,-0.072733857,0.081775293,0.09616825,-0.098419875,0.095255241,-0.096363902,0.10000959,-0.100174621,-0.100103877,-0.100176051,0.05364849,0.032402098,0.100175768,0.100166172,0.077576868,-0.100103751,-0.09856718,0.099833429,-0.00791705,-0.100157723,-0.099038884,0.08661703,-0.100154147,0.086145841,-0.100165516,0.099149279,0.014394998,-0.100176007,0.046947945,0.100033499,0.096553005,0.100176051,-0.100176051,0.100061283,0.056785818,0.099452384,-0.052363243,0.100112721,-0.087235913,-0.100133136,-0.100009941,-0.099535726,0.058623932,0.10016942,0.089143775,0.100118987,0.099011689,-0.008488637,0.100174308,0.099987641,0.09966626,0.100175701,0.097232915,0.100168079,-0.100175969,-0.035590302,-0.100157328,-0.100171871,-0.100176051,0.021577148,0.099932507,0.099933587,-0.089670226,0.097125456,-0.037590649,-0.099495105,0.100026332,0.016568143,-0.098561719,-0.094009757,-0.100171253,-0.100174099,0.100171827
ceftazidime,ORFOPKXBNMVMKC-DWVKKRMSSA-N,A4,-0.084036209,-0.044063762,0.101458557,-0.101460516,-0.095934108,-0.013063156,-0.098669812,0.101457305,0.089331746,0.10029792,-0.087268859,0.100130446,0.053748187,0.100721866,0.01763732,0.019609928,-0.028812665,-0.071689062,-0.100974433,-0.05478622,-0.101296097,0.034764688,0.077424496,0.099109016,0.077138402,-0.063693807,0.101139203,-0.101446241,-0.098277919,0.078483082,-0.101281904,-0.02508394,-0.100040846,0.101462387,-0.101342127,-0.090757936,0.101461314,0.101467013,0.101291917,-0.101274058,0.032166265,-0.101449229,-0.093031824,-0.036481194,0.100852981,-0.099665858,0.101442002,0.101247653,0.058919806,0.101322711,-0.099039815,0.008275665,0.100291945,-0.087945908,-0.062393516,0.001586759,0.082047254,0.022729281,0.098923199,0.095002852,0.081384644,0.097550936,-0.099550188,-0.101458475,-0.101462916,0.024860932,0.101127878,0.101465032,0.099672996,0.101333134,-0.013743972,-0.059182171,0.101382457,0.101462856,-0.101462938,-0.076420285,-0.028257266,-0.101457722,-0.082144618,-0.101405911,-0.098290555,-0.101455912,-0.093013003,-0.093221039,0.099133655,-0.097034216,0.101467013,-0.101459324,0.101466902,0.101421528,-0.101016812,-0.101458326,0.084521554,-0.101260528,-0.096195698,-0.001565765,-0.099848531,-0.097804122,0.101452962,0.101356827,0.101443276,0.101308465,0.08615312,0.101466909,0.101154812,0.098898746,0.101393439,0.101405919,0.099174306,-0.090007573,0.101453155,-0.101318263,-0.035555165,-0.101466708,0.10144297,0.100988656,0.101458833,-0.098899573,-0.08742708,0.095500968,-0.08044488,0.03513642,0.090332121,-0.005803556,-0.019871335,-0.101466842,-0.101450711,0.100433879
ceftibuten,UNJFKXSSGBWRBZ-BJCIPQKHSA-N,A4,-0.106953338,0.084145442,0.105756588,-0.107073441,0.104721226,-0.098488458,-0.106012248,-0.008993449,0.072425164,-0.084620193,-0.10581553,0.001094633,-0.106933802,0.107218988,0.052941117,0.028463963,-0.04432667,0.092155039,-0.010091912,-0.044972397,0.001710937,0.04042609,0.107084453,0.104294635,0.105038293,0.083784766,0.100662827,-0.107100293,-0.087810919,-0.081186838,-0.10689044,-0.013357511,-0.030327333,0.106052198,-0.102825053,-0.091280974,0.1069047,0.107216336,0.097184189,-0.072178565,0.104942918,-0.074570507,-0.101102836,-0.106727436,-0.083164819,-0.064633213,0.031746544,-0.045778725,-0.013901227,0.104306929,-0.024448173,0.090024419,0.03071052,-0.064622037,0.107220128,0.083774462,-0.027354954,0.009270612,0.107206963,0.096124567,0.106855221,-0.107044332,-0.039678674,-0.107164636,-0.106676847,0.080821387,0.085149065,0.107196867,-0.08690872,0.10708876,0.083960004,0.031777687,0.076093599,0.106761783,-0.106482513,0.085128538,0.012957395,-0.106719404,0.100468695,-0.099007532,-0.107218534,-0.106691405,0.10419178,-0.094442166,0.035888027,-0.104350068,0.055242687,-0.101137511,0.107220642,0.107214659,-0.107177347,-0.106689677,0.098954365,-0.106480516,0.005855256,0.105877243,-0.107135586,-0.000101007,-0.095336102,0.107220918,0.090296552,0.106584556,0.103052244,0.096057698,-0.056488063,0.107205048,0.106464773,0.105295457,0.106097825,-0.024915025,0.096739076,-0.103277214,-0.105672315,-0.107141063,0.087915532,-0.08281444,0.099676386,-0.101421542,0.063322991,0.107095033,0.007190981,-0.088632002,0.106793515,-0.020279367,0.098899208,-0.107185178,-0.102209099,0.102530852
ceftiofur,ZBHXIWJRIFEVQY-IHMPYVIRSA-N,A4,-0.097142018,0.028583547,0.105998047,-0.105692804,0.075760432,-0.085949823,-0.105478697,0.105475597,0.085971147,0.042376269,-0.100042887,0.097252116,-0.063330211,0.105463751,-0.037462272,0.049577601,-0.05820233,-0.046333432,-0.101417735,-0.047960442,-0.078511275,-0.081322089,0.10127984,0.103669956,0.099686891,-0.003361535,0.103887431,-0.105920479,-0.099289596,0.078584813,-0.10158015,0.001237665,-0.100332014,0.105798572,-0.105879769,-0.091438852,0.106045261,0.10607864,0.103038296,-0.092444427,0.075630046,-0.104375914,-0.091782063,-0.080945671,0.08192277,-0.101332195,0.101372987,0.103206798,-0.005650384,0.104972698,-0.063041493,0.026860086,0.09495829,-0.097864196,0.104718708,0.05327535,-0.019503305,0.047461431,0.10566438,0.103306271,0.103947014,-0.091102153,-0.093721911,-0.106072135,-0.105853654,0.002682905,0.033358686,0.105925433,-0.003478805,0.105911016,0.004556916,0.065964311,0.103015825,0.10599032,-0.105834283,-0.004739445,-0.026819415,-0.105769008,-0.020500153,-0.10520383,-0.10606841,-0.103091314,-0.070850477,-0.061482169,0.101610474,-0.101400807,0.102798611,-0.106047437,0.10607785,0.106056593,-0.105924033,-0.105820403,0.058503207,-0.105094627,-0.079651929,0.090914786,-0.105707258,-0.0445363,0.089180253,0.106072001,0.105802871,0.101155072,0.082785681,0.106028937,0.051910765,0.105337292,0.105619043,0.105972469,0.104265079,-0.09706302,0.103630669,-0.105748735,-0.100190505,-0.106059946,0.09810321,0.033353504,0.101464659,-0.075412251,0.052853983,0.10502246,-0.012416911,0.010639522,0.101123765,-0.092953973,0.054750152,-0.106077179,-0.106006645,0.104504012
ceftizoxime,NNULBSISHYWZJU-LLKWHZGFSA-N,A4,-0.102801949,0.049802545,0.104860261,-0.104843646,0.076837465,-0.101557955,-0.099143058,0.093453534,0.080771133,-0.080604762,-0.10326869,0.075002901,-0.1001992,0.1050101,0.054261792,0.057255495,0.094398335,-0.01757198,-0.097946972,-0.031666562,-0.095213272,0.026671847,0.103082664,0.05542827,0.098546714,0.042093165,0.100798286,-0.104850113,-0.096927844,-0.057174463,-0.104349919,-0.032104045,-0.030851193,0.104864754,-0.104235314,-0.075211905,0.105076998,0.10508246,0.102286138,-0.103709362,0.102817386,-0.090000793,-0.093629837,-0.101227105,0.042398348,-0.083907664,0.103206187,0.098101005,-0.030019864,0.103723891,0.007457922,0.100026302,0.103886969,-0.097641006,0.104851916,0.09136197,-0.012208089,-0.028227571,0.105046853,0.103526868,0.103671633,-0.100392155,-0.097306617,-0.105059445,-0.10306067,-0.059885129,0.100897476,0.105040856,0.009269563,0.104578085,0.016010724,0.003617135,0.097448364,0.105065554,-0.104963951,0.065332755,-0.0411653,-0.104973294,0.065130472,-0.10395252,-0.10508018,-0.104860261,0.076636337,-0.089401476,0.099202491,-0.103861772,0.101945184,-0.100449689,0.105082467,0.105081752,-0.105038658,-0.104978099,-0.008791517,-0.104193605,0.085926645,0.101519212,-0.104367957,0.01229325,0.027613983,0.105066784,0.104423359,0.103102297,0.08216463,0.104836144,-0.028879292,0.105015375,0.104886942,0.104355872,0.104584739,0.053905867,0.104661115,-0.104370177,-0.060562521,-0.105070196,0.102544613,0.007656525,0.103067704,-0.083825342,-0.086414352,0.103635676,0.066406086,0.018597696,0.098547459,0.06766028,0.076697432,-0.105081566,-0.104809523,0.0966902
ceftobiprole,VOAZJEPQLGBXGO-SDAWRPRTSA-N,A4,-0.101547301,0.012724786,0.101647161,-0.100459427,0.098426454,-0.0818021,-0.101675369,0.101258658,-0.06773793,-0.054551624,-0.100440875,0.095598027,-0.073482193,0.101651646,-0.015713131,0.040905822,-0.01347963,-0.077371366,-0.100927651,-0.097399384,-0.09960255,0.093759514,0.10173589,0.004352398,0.095505588,0.063370503,0.082569242,-0.09855286,-0.10041552,0.096088603,-0.100257345,0.023532975,-0.097312197,0.101189733,-0.100527652,-0.092868097,0.101740323,0.101748638,0.095445909,0.018870518,0.097291015,-0.059101757,-0.018995417,-0.061621986,0.079843976,-0.099299595,0.05212852,0.09433268,0.02135326,0.100405209,-0.100018442,0.009332791,0.065287575,-0.099362522,0.101022467,0.093523532,-0.085671239,0.047500733,0.101733595,0.084514804,0.099376604,-0.10076268,-0.100279041,-0.101748705,-0.100774445,-0.080450915,0.096062444,0.101585805,0.086451508,0.100200132,-0.096393175,0.099558212,0.078095853,0.101746134,-0.101744637,0.101179458,-0.043252185,-0.098897018,-0.081052519,-0.101669796,-0.101711497,-0.101333588,0.080311298,-0.101152726,0.071882688,-0.09373939,0.099136114,-0.099332377,0.101748846,0.101748593,-0.101747744,-0.100424252,0.068823069,-0.101721264,0.064483464,0.092310831,-0.101062708,-0.099789724,0.099748157,0.101667359,0.097573876,0.0973223,-0.02253958,0.101585746,-0.038007185,0.101658948,0.100180209,0.098042645,0.081270255,-0.054453988,0.092647336,-0.100766398,-0.100328207,-0.101744398,0.099217087,-0.07496801,0.100142255,-0.100837439,-0.066337086,0.10126172,0.068721443,-0.070678733,0.083625063,-0.068088032,0.084418237,-0.101747319,-0.100977778,0.10122703
ceftobiprole medocaril,MFAWUGGPPMTWPU-LCJFHXTKSA-M,A4,-0.090848297,0.009824766,0.103614815,-0.103959844,-0.103745468,-0.001693397,-0.098427758,0.103504688,0.013622119,0.101603508,-0.088274367,0.057367858,0.028985757,0.096727654,0.029824391,0.040383395,-0.065744907,-0.077314079,-0.103757106,-0.101953156,-0.101888388,0.021338785,-0.026353693,0.089342512,0.08502914,-0.077401444,0.103898048,-0.103593156,0.011678329,-0.015448424,-0.099803582,-0.084850058,-0.102497138,0.103964597,-0.097807303,-0.100130886,0.103816934,0.104004703,0.103835329,-0.098917902,0.084600791,-0.10297811,-0.043141022,0.022560611,0.101436101,-0.088413,0.102174014,0.103826627,0.043813273,0.103927061,-0.034823984,-0.056289822,0.093721561,-0.089595877,-0.101146035,-0.064668722,0.095643088,0.10086643,0.101427533,0.015582785,0.014627465,0.101132184,-0.090244032,-0.103899568,-0.104000218,0.075356945,0.10351745,0.103978813,0.102455109,0.103259966,-0.066408582,-0.044653796,0.103945903,0.103992611,-0.103975832,-0.100993723,-0.004741089,-0.103492178,-0.011337405,-0.10234537,-0.078664005,-0.103967182,-0.083607763,-0.102951072,0.09986078,-0.101860322,0.104005292,-0.10397765,0.104005031,0.101693444,-0.099965811,-0.103870854,-0.063835487,-0.103323422,-0.102609836,-0.033430297,-0.100722022,-0.101055957,0.10397549,0.100446977,0.099017486,0.098150022,0.103070699,0.104002319,0.103769459,0.103791527,0.103141174,0.102409579,0.097164765,-0.089932874,0.103648856,-0.103488632,0.069063798,-0.10399884,0.102756873,0.103564009,0.103911892,-0.096289054,-0.102851674,0.085879713,-0.02733532,0.034212265,-0.031406641,-0.045389593,0.040779039,-0.104003973,-0.103733845,0.09977895
ceftolozane,JHFNIHVVXRKLEF-DCZLAGFPSA-N,A4,-0.095246896,0.093555562,0.095441028,-0.095464073,-0.00534798,0.095379561,-0.095454857,0.095456809,-0.038003497,0.092792422,-0.091498621,0.05314824,0.001549384,0.095412418,0.095348984,-0.094370194,-0.093576983,-0.095430695,-0.09336552,-0.09541811,-0.093563557,-0.01876447,0.09546382,0.095463149,0.062781841,-0.076481551,0.08707568,-0.091239482,-0.095459871,0.095434949,-0.092642792,0.082378283,-0.095270142,0.074194998,-0.095442653,-0.085069679,0.095462747,0.095464073,0.095462024,-0.063573733,-0.075529702,-0.095463187,-0.089586273,-0.095293604,0.095457144,-0.095455147,0.095382407,0.081724681,0.095438749,0.095464073,-0.095463872,-0.094986849,0.093442686,-0.08926864,0.033597928,0.090640336,0.095434487,0.094257638,0.047611672,-0.051311243,-0.017697398,0.025231415,-0.095463626,-0.095464058,-0.095464073,-0.095451824,0.094980024,0.095463939,0.095463969,0.095439985,-0.095462158,0.095457509,0.095461898,0.0954355,-0.095464073,0.095412828,0.087159187,-0.095453516,-0.086114012,-0.095458135,0.092090629,-0.095222779,-0.089636482,-0.083244957,0.094558418,0.094507597,0.095464073,-0.095463626,0.095464073,0.095462069,-0.079606429,-0.094651483,0.095462501,-0.095464073,-0.092708468,-0.095288724,-0.090507403,-0.095430925,0.095462963,0.095441811,0.091344267,0.095320411,0.081480533,0.095464073,0.092589475,0.095412791,0.086547501,-0.036219683,0.0182391,-0.093961008,0.073548406,0.083433576,-0.095464073,-0.095464073,0.095135957,0.094939254,0.094944067,-0.095462933,0.080446757,0.095444679,-0.093781032,0.094753638,0.095167667,0.09310022,-0.056322038,-0.095463835,-0.095460989,0.095461801
ceftriaxone,VAAUVRVFOQPIGI-SPQHTLEESA-N,A4,-0.087637164,0.044950318,0.096982479,-0.096940815,0.087094232,-0.059906598,-0.09696614,0.096974134,0.091504321,0.08449059,-0.076014511,0.096638799,0.096911125,-0.007399613,0.022665288,0.088700883,-0.095831454,-0.096628353,-0.092557237,-0.094697475,-0.090502985,-0.085419871,0.092302695,0.095519327,0.090245575,-0.040849552,0.096673578,-0.096558504,-0.096930236,0.096304245,0.048836298,0.096736044,-0.09688779,0.0965795,-0.096978799,-0.081045188,0.096971981,0.096983381,0.09687838,-0.096285015,-0.09061446,-0.096982256,-0.084457017,-0.023505328,0.096828379,-0.096909337,0.092624307,0.096494384,-0.026137557,0.096981354,-0.096797414,-0.094606064,0.091865726,-0.095990695,0.049335726,-0.022256557,-0.091059744,0.092891909,0.092771344,0.096332192,0.001392562,0.05514105,-0.096574426,-0.096983381,-0.096982799,0.06165228,-0.096467696,0.096703492,0.095218509,0.095949493,-0.096189529,0.093512155,0.096829236,0.09697143,-0.096972264,-0.081704684,0.029004591,-0.095978409,-0.094209783,-0.096982524,-0.09687683,0.030819904,-0.096973442,-0.081910729,0.096971452,0.091071919,0.096959382,-0.096983381,0.096982993,0.096959688,-0.095998429,-0.096942693,0.076153614,-0.096727379,-0.096673332,-0.06783843,-0.096402667,-0.084845372,0.096879333,0.096380666,0.096977189,0.096311033,-0.088181458,0.096982338,0.090111166,0.086991899,0.096981622,0.096978299,0.096936032,-0.096982144,0.083817624,-0.096949957,-0.096983127,-0.096983291,0.089487515,0.089102246,0.092909686,-0.001971741,0.092006877,0.096659355,-0.0871998,0.093106553,0.051249024,-0.096953399,-0.077548951,-0.096983321,-0.096983276,0.096982747
cefuroxime,JFPVXVDWJQMJEE-IZRZKJBUSA-N,A4,-0.098886907,0.044720169,0.103251986,-0.102909736,-0.093450338,-0.065625422,-0.084592789,0.103258312,0.068718031,0.091115586,-0.099608883,0.078304268,-0.09097942,0.103493385,-0.049140811,0.082731456,0.099336073,-0.066096999,-0.098041534,0.017283376,-0.101164632,0.011844862,0.100985974,0.102514736,0.011107556,-0.083008111,0.059594344,-0.103646278,-0.056482576,0.063224979,-0.103720844,-0.096779376,-0.072630554,0.103818752,-0.100536138,-0.096002713,0.103745766,0.103898905,0.094697386,-0.08518561,0.099023305,-0.099597983,-0.021393403,-0.045526527,0.095919847,-0.057306703,0.102340966,0.103233777,0.094503224,0.101199798,-0.071669817,0.100982934,0.09564551,-0.100244135,0.081849128,0.100818679,0.095317587,0.090498254,0.102821514,0.091642186,0.098221704,-0.064757921,-0.102517746,-0.103432551,-0.102651447,-0.07799235,0.103388615,0.103778489,0.095986761,0.103647046,-0.0649736,0.003958154,0.103589833,0.103878997,-0.103735238,0.077548414,-0.081726678,-0.103780679,-0.096395358,-0.101731598,-0.102838226,-0.10389296,0.052988872,-0.076747902,0.004479835,-0.100762114,0.103828304,-0.089885019,0.103893265,0.103857726,-0.102885619,-0.103233971,0.072356939,-0.103588991,0.033856731,0.036683097,-0.101015098,-0.075762987,0.10265477,0.103485316,0.099785373,0.066270567,0.097509384,0.10389623,0.02403063,0.103025496,0.055826981,0.103625394,0.051772427,0.068492964,0.10365922,-0.103580423,0.052978624,-0.103849612,0.103483193,0.082053475,0.10273096,-0.08219935,-0.087626666,0.093507618,0.085023262,0.079663731,0.081378058,0.080100171,-0.003926929,-0.103898741,-0.103496216,0.085831255
cefuroxime sodium,URDOHUPGIOGTKV-JTBFTWTJSA-M,A4,-0.088614419,-0.049376134,0.102372207,-0.103016451,-0.102294013,-0.044630405,-0.05736037,0.102492452,0.02441665,0.09940666,-0.072996885,0.025383761,0.010971819,0.081796691,0.074663095,0.025936013,0.094601035,-0.024468193,-0.101975381,-0.087296627,-0.10273955,-0.077896699,-0.06205235,0.070754431,0.088675447,-0.074254446,0.098835856,-0.10280253,0.026596708,-0.070806131,-0.102018155,-0.070592783,-0.073287614,0.102937207,-0.090659387,-0.079873912,0.103013702,0.103038311,0.102864332,-0.102653921,0.093169175,-0.101987042,-0.044353306,0.036536366,0.092054114,-0.087928191,0.102454171,0.102965094,-0.084525257,0.1030045,-0.014450571,0.083406538,0.101307146,-0.063093327,-0.099452652,-0.084962107,0.097793788,0.073780239,0.101097234,0.099523216,0.09214972,0.101785831,-0.081828907,-0.102956742,-0.102991551,0.066393092,0.102762155,0.103031322,0.103003226,0.094983011,0.069111027,-0.05175041,0.102963179,0.103018664,-0.103002839,-0.102375291,-0.064479083,-0.10281951,-0.029040113,-0.090435222,-0.094985835,-0.103023633,-0.073157214,-0.089513309,0.093790315,-0.102948777,0.103038386,-0.101097636,0.103037737,0.102881104,-0.098844618,-0.102995478,-0.088907316,-0.102584787,0.04125331,0.082474612,-0.08308626,-0.099928193,0.102709748,0.102086067,0.09965647,0.102487922,0.102198556,0.103036955,0.102379546,0.102242596,0.102855608,0.098862454,0.098776922,-0.029542929,0.103001714,-0.102660425,0.101711698,-0.103036799,0.102453023,0.101073407,0.103015162,-0.094058037,-0.102849633,0.099316977,-0.029273236,0.024890831,-0.042881571,0.065319933,0.02782052,-0.103038333,-0.102973178,0.100877263
chir-90,FQYBTYFKOHPWQT-VGSWGCGISA-N,A4,0.089563109,-0.092885092,0.092887782,0.092887782,-0.092851594,-0.092887782,-0.092887782,0.063671418,-0.092887782,0.092887782,-0.070364095,0.092887782,-0.092887782,-0.092598125,-0.092887782,0.092887782,-0.092887782,0.051991567,-0.092886269,-0.092830986,0.09275113,0.00852715,0.092887782,-0.092333302,-0.092853636,-0.092866287,0.076600388,0.092887782,0.080405772,0.092887171,-0.092860468,0.092887782,0.088121928,0.064432167,-0.092880145,-0.092887625,-0.092887625,0.069388591,-0.092887476,0.092887782,0.092887782,0.092703804,-0.0551139,-0.09273766,-0.092826314,0.092887692,-0.092887782,-0.092864089,0.027201183,0.092887782,0.091243096,-0.092887782,0.092791393,-0.09228009,0.092887782,-0.078745499,-0.092887782,0.092887573,0.092843115,-0.092838004,0.09288609,-0.092887782,-0.092887782,-0.092887782,-0.092887782,0.092887551,0.086065821,-0.092887782,-0.078251816,-0.091229454,0.092879072,-0.064492509,-0.091674142,0.092887782,-0.092799954,0.092886038,0.092768051,0.092887782,-0.086509027,-0.090086907,0.06814345,-0.092825383,0.092886604,-0.092887782,0.064152427,-0.064455442,-0.092883639,-0.077581048,-0.041022357,0.092597798,-0.092887782,-0.092887625,-0.092845164,-0.092840925,-0.092887782,0.041518547,0.092390396,-0.092887782,-0.092887782,-0.092885226,-0.092887647,-0.092864171,-0.092887662,-0.092887364,-0.092887513,-0.091180287,-0.092885695,0.092872471,0.092870235,-0.092887782,-0.092887782,-0.092887253,-0.09288542,-0.092887782,-0.092829309,-0.092887782,-0.082493268,-0.092270903,-0.092887342,-0.090491474,0.092887782,0.036034271,-0.092887782,0.09281221,0.091752768,-0.092661783,0.092886001,-0.092887625
chloramphenicol,WIIZWVCIJKGZOK-RKDXNWHRSA-N,A4,0.091161244,-0.090808615,0.091134809,0.091161117,0.089609362,-0.091161244,0.091161244,0.088935308,0.040186968,0.083635792,0.091161244,0.090080678,0.090530291,-0.091161244,-0.091161244,0.025434099,0.090761773,0.09113124,-0.090057589,-0.091160417,-0.091161244,0.091160849,-0.090336576,0.08857169,-0.09039323,0.091160163,0.090464793,0.0895814,-0.091147669,-0.091161154,-0.091132723,0.091161244,0.05216644,-0.091161244,-0.091088898,0.09095753,0.091156319,0.091161244,0.091161214,-0.091161244,0.078569695,-0.091161244,-0.091125295,-0.071586043,0.090971798,-0.073053025,-0.080020614,-0.090762511,-0.091161244,0.091161244,0.091053009,0.091161095,0.091161244,-0.090524755,-0.081223264,0.090157002,0.089983329,-0.091161244,0.091161244,0.091161244,0.09116073,0.091161191,0.084265426,-0.090898335,-0.091161244,0.083920158,-0.091161244,-0.091161244,0.091161244,-0.091161244,0.091159023,-0.091067195,0.091161244,0.091161244,-0.091122113,-0.091161244,0.091160908,-0.091161244,0.091161244,0.091161244,0.090954676,0.091161244,-0.09116111,0.014697168,0.06663081,-0.091144428,0.091153294,0.091030829,-0.08990895,0.090281911,0.091083318,-0.091161244,-0.091161244,0.091149785,-0.045608137,0.091081224,0.091161244,-0.091161244,0.074335299,-0.091161244,0.087932684,0.091137551,-0.091033556,-0.08884427,0.091161132,-0.091044657,0.081644721,0.091161117,0.091161244,-0.091161244,0.091159746,0.091147289,0.090764903,-0.091161244,0.091009974,-0.091161244,-0.088371716,0.091157839,-0.091161244,-0.091161244,0.091161244,0.091161035,-0.090985663,-0.091161154,-0.091160595,-0.09116111,-0.091161244,0.091161147
chlorhexidine,GHXZTYHSJHQHIJ-UHFFFAOYSA-N,A4,0.09115462,-0.09115462,-0.09115462,-0.09115462,0.09115462,0.09115462,-0.091153108,-0.09115462,-0.09115462,0.083327681,-0.03554327,0.000868213,-0.070694193,0.088770293,-0.09115462,-0.09115462,0.091146171,-0.09115462,-0.09115462,-0.089557402,0.09115462,-0.09115462,0.09115462,0.09097933,0.09115462,0.091154553,-0.09115462,0.09115462,-0.09115462,-0.066808671,-0.09115462,-0.09115462,-0.09115462,-0.09115462,-0.09115462,0.09115462,0.09115462,0.09115462,-0.09115462,-0.074483112,-0.091146141,0.090915382,0.09110906,0.09115462,-0.09115462,-0.09115462,-0.09115462,-0.09115462,-0.09115462,0.09115462,0.09115462,-0.09115462,0.09115462,0.09115462,-0.08241839,0.091153726,0.09115462,-0.09115462,-0.09115462,-0.09115462,0.072338045,-0.09115462,0.09115462,0.09115462,-0.09115462,-0.008037975,-0.09115462,-0.09115462,-0.09115462,-0.09115462,-0.09115462,-0.091090545,-0.076590404,-0.018302454,-0.09115462,0.09115462,0.091002658,-0.09115462,0.09115462,0.09115462,0.09115462,0.09115462,0.09115462,0.09115462,0.09115462,0.09115462,-0.09115462,0.09115462,-0.09115462,0.09115462,-0.091154493,0.062054958,-0.09093634,0.09115462,-0.086333826,0.09115462,-0.09115462,0.09115462,-0.090995528,-0.09115462,0.09115462,0.09115462,0.09115462,0.091122903,0.09115462,0.091135494,-0.09115462,0.09115462,-0.089524984,0.091153555,0.034662388,-0.091100909,-0.09115462,-0.09115462,-0.09115462,-0.09115462,-0.09115462,0.091152802,0.09115462,-0.09115462,-0.09115462,-0.090985395,0.09115462,0.09115462,0.091152392,0.09115462,0.09115462,-0.09115462
ciclopirox,SCKYRAXSEDYPSA-UHFFFAOYSA-N,A4,0.091395617,-0.091395289,-0.091372482,0.091395617,0.032180883,0.091395617,0.091395617,-0.090020932,0.091395617,-0.082688592,0.091392912,-0.091395617,-0.091395617,0.088755801,-0.091391385,0.089234136,0.091390781,0.091395617,-0.091395482,-0.091395617,0.091395617,-0.091395617,-0.086645253,-0.091393545,0.091395617,-0.091347128,-0.091395617,-0.039307039,-0.091395617,-0.016273456,-0.073562786,0.091395617,0.091395617,-0.091393761,0.091395617,-0.091395617,0.091395617,-0.091395617,-0.091395572,-0.091395617,0.090301827,0.091395617,0.091395035,-0.091387078,0.091395617,-0.091395617,-0.091293119,-0.091395617,0.091395617,-0.091395617,-0.09093447,0.091395386,0.091395617,0.091395617,0.091395617,0.07330332,0.0913257,0.091395617,-0.091395617,-0.091388546,-0.089236103,0.091395617,-0.091395617,-0.079633228,-0.091337532,0.08614222,-0.091395617,-0.091204926,0.091395617,0.091395617,-0.084875941,0.091395617,0.089732565,-0.091395378,0.091395617,-0.091395617,-0.091395617,0.055193704,0.091395617,-0.091322847,-0.091395617,-0.091395617,0.091395617,0.090292022,0.091395617,0.09139543,-0.091395617,0.091392145,0.091395617,-0.091395617,-0.091395617,-0.091395356,-0.091395617,-0.091395617,0.091395617,-0.091232523,0.091395617,-0.086429693,-0.091395594,0.091395617,-0.091395617,-0.091395617,-0.048505846,-0.091395617,0.091395617,0.091147229,-0.091395617,-0.091395617,0.091395617,0.09139549,-0.091395617,0.091388188,0.091395617,0.063149534,-0.091395617,-0.091395617,-0.091395617,0.041952789,-0.091395617,0.091395617,0.091395617,-0.091395617,-0.091395617,0.091395617,-0.086535297,-0.091395617,0.015145156,-0.091395348
cinoxacin,VDUWPHTZYNWKRN-UHFFFAOYSA-N,A4,0.090256579,-0.079068221,0.090256579,-0.089290768,-0.056526702,0.090256579,0.090241008,-0.090256579,-0.090256579,-0.090256579,0.090256579,-0.090256579,-0.090236925,-0.090256579,0.090256579,-0.090256579,-0.090256579,-0.027839044,-0.090256579,0.090205148,0.090256579,-0.090256579,-0.090256579,-0.090256579,0.090186022,0.010662722,-0.090256579,-0.090256579,0.090256579,0.09025643,0.090256579,0.090256579,0.090256579,0.090256535,-0.090256579,0.090256579,-0.090219148,-0.090256579,0.089603692,0.090256579,-0.024639033,-0.090256579,-0.090256579,-0.085382566,0.090256274,-0.090256579,-0.090256579,0.090256579,-0.090256579,-0.090256579,-0.090256579,-0.090256579,-0.090256579,0.090256579,-0.082130976,-0.090256579,0.090256579,0.090256579,-0.090256579,-0.090256579,-0.090256579,0.090245612,-0.090256579,-0.090256579,0.090256579,0.090256579,-0.090256579,0.090256579,0.090256579,-0.090256579,0.090256579,0.090256579,-0.090256579,-0.090256579,0.090256579,-0.090256579,0.090256579,0.090256579,-0.090256579,-0.090256579,0.089770041,-0.090256579,-0.090256579,-0.090256579,0.090256579,-0.090233631,0.090256579,-0.090256579,-0.090256579,0.090256579,0.090256512,0.090256579,-0.090256579,-0.09025649,0.090256579,-0.090256579,0.090254687,-0.090256579,-0.089410514,0.090256579,-0.090256579,-0.090256326,0.090256579,-0.090256579,-0.082720019,-0.090256579,-0.090256579,-0.090256579,-0.090247452,0.090256579,-0.090256579,-0.090256579,0.090256579,0.083633974,-0.090256579,0.090256579,-0.090256579,0.090197556,-0.090256579,0.090251751,0.090253562,-0.090256579,-0.090256579,0.090256579,0.022683287,-0.090256579,0.09024623,-0.090256102
ciprofloxacin,MYSWGUAQZAJSOK-UHFFFAOYSA-N,A4,0.089917645,-0.089918211,0.089918211,0.089918211,0.089918211,0.089918211,0.089918211,-0.089918174,0.089918211,-0.089918211,0.089892186,0.089918211,0.089796722,-0.089918211,-0.08991801,-0.089918211,0.089918211,0.089918211,-0.089917988,-0.089918211,0.089918211,0.089918211,-0.089918211,-0.089918204,0.089918211,-0.089918211,-0.073167056,0.089916445,-0.089918211,-0.089918211,-0.089918211,-0.089853123,-0.089312211,-0.089918211,0.089918211,-0.067073412,-0.089918211,-0.089918211,0.089918211,-0.089076631,-0.089918211,0.089918211,-0.089426607,-0.089918211,0.089918211,0.089918211,0.089918211,0.08987534,-0.089918211,-0.089918211,-0.089918211,0.089918211,0.067421272,0.089918211,-0.089918211,-0.089918211,0.089918211,-0.089918211,-0.089918062,-0.089918211,-0.089918211,0.089918211,-0.089918211,0.089918211,0.089918211,-0.006573414,0.089704551,-0.089918211,0.089918211,-0.089918211,-0.089918211,-0.089915901,0.089918211,-0.089918211,-0.089918211,0.089918211,0.089918211,0.089918211,0.089918211,-0.089918211,0.089918211,0.089918211,-0.08991795,0.089918211,0.089918211,0.089918211,-0.089918211,0.089758784,-0.089918211,0.06431146,-0.089918211,0.089918211,0.089918211,0.089918211,0.089918211,0.089918211,0.089918211,0.089918211,0.089918211,-0.089918211,-0.089918211,0.089918211,-0.089918211,0.089918211,0.089918211,0.089918032,-0.019630013,-0.089608707,0.089539573,0.089918211,-0.089918211,-0.089918211,0.089918211,-0.089918211,-0.089918211,-0.063033774,0.089917861,-0.089916773,0.089918211,0.089918211,-0.086112671,-0.089918211,-0.089918211,-0.089918211,-0.089918211,-0.089918211,0.089918211,0.089918211
clarithromycin,AGOYDEPGAOXOCK-KCBOHYOISA-N,A4,-0.090683535,0.090684325,0.090684325,-0.090534925,-0.090684325,0.090684325,-0.049190983,-0.090684325,0.090683274,0.090684325,0.085438497,0.090684325,0.090684325,0.090684325,0.090684325,0.090684325,-0.090684325,0.090684325,-0.090681769,0.090684325,-0.090585545,0.090684325,0.090684325,-0.090684325,-0.090684325,0.090684325,0.090684325,-0.090684325,-0.090683684,-0.090684325,-0.090684325,0.090684161,0.090684161,0.090684116,-0.090684325,0.090684325,-0.090684325,0.068363704,-0.090678997,0.048384283,-0.090586431,-0.090684325,-0.015563406,-0.090549208,-0.090684325,0.090684325,-0.089813069,-0.090684325,-0.090684325,0.090684198,0.090666749,0.090522803,-0.090684325,0.082557634,-0.090684325,-0.090684325,-0.090684325,-0.090684325,-0.090676531,-0.090684325,-0.090684325,0.090684325,0.090684325,0.090684325,-0.090684325,0.090684325,0.090684325,0.090684325,0.090684325,-0.090684325,0.090684325,-0.090684325,-0.090669796,0.088257983,-0.086445197,-0.090684257,-0.090684325,-0.090680808,-0.090684325,-0.090684325,0.090684325,0.010189928,-0.090644747,-0.090684325,-0.090684325,0.090684325,0.090684325,-0.090684325,-0.090411507,-0.090684325,-0.090684325,-0.090684325,0.090684325,-0.090684056,-0.090684325,0.09068387,-0.074997194,-0.09068305,-0.09068428,0.090684325,-0.090684325,0.090684325,-0.090682916,0.090684325,0.090684325,-0.090684272,0.090684325,0.090684325,0.090684325,0.089385532,-0.032140438,0.090684325,0.090684325,-0.090684325,0.02856561,-0.090684287,0.09068428,-0.090683326,-0.090684325,0.090684325,-0.090684325,-0.090684295,0.090684325,-0.090684325,0.090684325,0.090684325,0.090684325,-0.090684325
clinafloxacin,QGPKADBNRMWEQR-UHFFFAOYSA-N,A4,-0.095109165,-0.095109165,-0.095109165,0.095109031,-0.095068187,0.047647048,0.095107898,0.085521184,0.07544516,-0.095108196,-0.095109165,-0.088523366,0.095106602,-0.074021913,0.008528944,-0.095094785,0.095109165,-0.088923298,0.095109165,0.064820945,0.095109165,-0.083688319,0.095109053,-0.041114047,0.095108941,-0.095109165,0.095109165,-0.011846908,0.09510912,-0.095091544,-0.091836557,-0.095084637,-0.094908804,-0.095108785,0.095109165,-0.092423327,-0.095103808,-0.095109165,0.095109165,-0.095088556,0.089454435,0.095109165,0.013010519,0.095092699,0.094843827,0.094738469,0.095109165,0.021275053,0.095109031,-0.095109023,0.031361081,0.095109165,-0.095109165,-0.094961032,-0.095108621,0.093795128,0.09510915,0.044322997,0.095109165,0.095061347,-0.067803994,0.095109165,-0.095109165,0.095109165,0.095109165,-0.095109165,0.095108688,-0.093271784,-0.090322748,0.07241527,-0.091583133,0.093684852,0.095109105,0.094303049,0.090415418,0.095109165,0.095086604,0.095109165,-0.095108137,-0.094935521,-0.094892852,-0.095094882,-0.09280888,0.095108576,0.018131245,0.095109165,-0.095109165,0.095109165,-0.09446127,-0.095049165,-0.095018506,0.095109165,0.095045857,0.092521921,0.095109165,-0.095109165,0.001195827,0.095106967,0.095105968,-0.095109165,-0.094007574,-0.095109083,0.032405321,0.095083266,-0.087320253,-0.024409452,-0.089860804,0.095109165,-0.094956078,0.095109165,0.095096804,-0.095107205,0.095082432,-0.092755653,0.094513044,0.095105104,0.095103137,0.003634678,0.095038451,-0.060512964,-0.045769814,0.088138334,-0.095108859,-0.09482339,-0.095109165,-0.095109165,0.095109053,0.095109127
clindamycin,KDLRVYVGXIQJDK-AWPVFWJPSA-N,A4,0.093053862,0.093023032,0.093053393,-0.093052566,-0.066928118,0.093037069,-0.071403861,-0.093053862,0.09286005,0.093053862,0.011331069,0.093051873,0.085697748,-0.065352991,-0.090436548,-0.051600467,-0.093053862,0.093053862,-0.090656877,-0.006986017,0.093053833,-0.092966899,0.093053862,0.087905705,-0.093042627,0.093053862,0.063543119,0.092967436,-0.086987585,0.093022309,-0.093053862,0.093053862,-0.082376897,-0.09305381,-0.093053356,-0.092388585,-0.093053862,-0.092836753,-0.09108448,0.093000382,0.066331506,-0.093053862,-0.093053468,-0.092365973,-0.093044043,0.093044147,-0.093052357,-0.093053862,-0.093053862,0.093053862,0.093052283,-0.093053862,0.092390805,0.093053862,-0.042017728,-0.09305317,-0.093053833,0.089728594,-0.09305197,-0.091069311,-0.092736706,-0.07848268,0.091987215,0.08961039,-0.093053862,0.093053862,0.010143763,-0.093053862,-0.092808723,-0.093053862,0.093053862,-0.093053862,-0.089192599,0.092959709,-0.093053862,-0.092697918,-0.093050078,0.093053862,0.090248324,0.093053818,0.093053862,-0.092137694,-0.093053572,-0.093053505,-0.092894122,0.093052298,0.092952907,-0.092902347,-0.093053862,-0.093052477,0.008507981,-0.093053862,0.093021683,0.072934911,-0.093053862,0.084020436,0.093047522,-0.093053862,-0.093053438,0.091169037,0.093053676,0.093053862,0.069469512,-0.065991662,0.093053862,0.080128491,-0.092542544,0.093053862,0.092804797,-0.093053862,-0.093053512,0.093052521,-0.093053862,-0.093053862,0.066557236,-0.093053862,-0.089840777,-0.077512868,0.093053862,-0.092941761,0.088453546,0.092529848,0.093053862,-0.092948653,0.076795802,0.093053862,0.093053862,0.091987073
clindamycin phosphate,UFUVLHLTWXBHGZ-MGZQPHGTSA-N,A4,0.095277257,0.095023893,0.08481881,-0.095325232,-0.095355809,0.095191211,-0.05437921,-0.095199794,-0.089935139,0.095382027,0.094946712,0.095214002,-0.031941164,-0.094750971,-0.080394313,-0.072847389,-0.095382027,0.093800806,0.095307194,-0.094830923,0.095030248,0.007366795,0.095382027,0.095366709,-0.089466438,0.095214605,0.095299669,0.09528318,0.0932393,0.040148407,-0.095341198,0.095382027,-0.094349213,-0.095382027,-0.095382005,-0.095377721,-0.095382027,0.029049253,-0.079782106,-0.094778255,-0.095261544,-0.095382027,-0.09527906,-0.095284671,-0.093624525,0.095320195,-0.00545351,-0.095381968,0.073830925,0.095382027,0.014972074,-0.095382027,0.095209524,-0.047885489,0.064684138,-0.021707861,-0.095354825,-0.037817273,-0.095381945,0.095332794,-0.092059508,-0.086779438,-0.095262654,-0.04060616,-0.095382027,0.095272884,0.045391351,-0.095382027,-0.080118939,-0.09533748,0.095334299,-0.09528479,-0.093907021,-0.093381323,-0.095382027,-0.095272176,-0.094365709,0.095146492,-0.080914892,0.095368452,0.095382027,-0.094977498,-0.095382027,-0.095376827,-0.057851847,0.095382027,0.095382027,-0.095382027,-0.095382027,-0.095382027,0.095377758,0.094787642,0.095382027,0.093068823,-0.095382027,-0.095382027,0.094477884,-0.095297411,-0.06340687,-0.045082618,0.093400411,0.054801933,0.088657349,-0.066765711,0.095381998,0.067065619,-0.092710353,0.095378369,0.095380627,-0.095382027,-0.095382027,0.095382027,-0.095382027,-0.095382027,0.093213767,-0.095382027,-0.093087316,-0.0953722,0.095382027,-0.095380336,0.093790591,0.095229574,0.095373303,-0.095381856,-0.093541414,0.095382027,0.095307022,0.095365383
clofazimine,WDQPAMHFFCXSNU-UHFFFAOYSA-N,A4,0.088762492,-0.088762492,0.088762492,0.088762492,0.088762492,0.088762492,-0.088762492,0.088762492,0.088762492,-0.088762492,0.088762492,0.088762492,-0.088762492,0.088762492,-0.088762492,-0.088762492,0.087354101,0.088762492,-0.088762492,-0.088762492,0.088762492,0.088529028,-0.088762492,0.088762492,-0.088762492,0.088762492,-0.088762492,0.088762492,-0.088762492,0.088762492,0.088762492,0.088762492,0.088762492,-0.088762492,0.088762492,0.088750675,0.088762492,-0.088762492,-0.081928536,0.088762492,-0.088762492,0.088762492,-0.088760473,-0.088762492,0.088762492,-0.088762492,-0.088762492,0.042913411,0.083633453,-0.088762492,-0.088762492,-0.088762492,0.088762492,-0.088762492,-0.088762492,0.088762492,-0.088762492,-0.088762492,-0.088762492,0.088762492,-0.088762492,-0.088762492,-0.088762492,0.088762492,0.088762492,0.088762492,-0.088762492,-0.088762492,0.088762492,0.088762492,-0.088762492,0.088762492,-0.088762492,-0.088174269,0.088762492,-0.088762492,-0.088762492,-0.088762492,-0.088762462,-0.088762492,0.088762492,-0.088762492,0.088762492,0.088762492,0.088762492,0.088762492,-0.088762492,0.088762492,0.088762492,-0.088762492,0.088762492,-0.088762492,0.088762492,-0.088762492,0.088762492,-0.088762492,0.088762492,-0.088762492,0.088762492,-0.088762492,0.088762492,0.088762492,-0.088762492,-0.088762492,0.088762492,0.088762492,-0.088762492,0.088762492,-0.088762492,0.088762492,0.088762492,0.088762492,0.088762492,0.088762492,0.088762492,-0.088762492,0.088762492,-0.088762492,0.088762492,0.088762492,0.088762492,0.088762492,0.088762492,0.088762492,0.088762492,-0.088762492,0.088762492,0.088762492
cloxacillin,LQOLIRLGBULYKD-JKIFEVAISA-N,A4,-0.080190882,0.071440697,0.09430787,-0.094310611,-0.094310671,-0.09427052,-0.030746339,0.094310671,0.094257787,-0.094310328,-0.094240107,0.094310671,-0.094134934,0.094091199,-0.091996871,-0.087567464,0.094249524,-0.094173096,-0.078635074,-0.087061211,-0.094288975,0.074172549,-0.092361502,0.093536884,0.094310611,0.093477175,-0.093070611,-0.091251157,-0.094309904,-0.094305135,-0.049854901,-0.094300233,-0.094310582,0.066170499,-0.025818912,-0.0724786,0.094307482,0.092704155,-0.094082452,-0.094286047,-0.0929114,-0.094215564,0.086964026,0.090245098,0.094310671,0.094301239,0.091906354,0.094310671,0.081232384,-0.094310671,-0.054590166,0.080664441,0.0942811,-0.094310611,0.094310671,0.094302461,-0.094309419,-0.081873097,-0.09429992,-0.094310284,0.093844801,0.093568973,0.094093546,-0.076815367,0.094310671,-0.070850424,0.093979806,0.084628969,-0.094292775,0.092302524,-0.094257355,-0.094309106,0.093968965,0.094310671,-0.085217282,0.094310604,0.093773626,0.094309546,0.094236732,0.094310671,0.046036735,-0.093138136,-0.094307378,-0.094310328,0.082927525,0.071817853,-0.094208188,-0.074489795,0.041102573,-0.093162529,-0.094310671,0.08796636,-0.093838803,0.0630164,-0.094295852,-0.091899671,0.094238676,-0.094310671,0.094305396,0.069767393,0.090469331,0.094309241,-0.092586704,0.094310671,-0.094310671,-0.094270222,0.094310544,0.094296664,0.09430968,-0.009720621,0.094310671,0.033500616,0.094310157,-0.094236694,0.094226047,0.020304967,-0.078420781,0.094272695,0.093052365,0.094166934,0.094033413,-0.093969822,-0.094310671,-0.093991488,-0.093254112,0.094305605,0.09431041,0.094310202
colistin,YKQOSKADJPQZHB-RGYSVOEGSA-N,A4,0.090221286,0.089447461,-0.090221286,-0.090221286,-0.03038802,0.090221286,0.090178542,-0.090197347,0.090221286,0.090221286,0.090221286,-0.090221286,0.090220936,-0.085016303,0.090221286,-0.090221286,-0.08965987,0.090221286,-0.090221286,0.090221286,0.090221286,-0.090221286,0.090221286,-0.090221286,-0.090221286,0.090221286,-0.090221286,0.090221286,0.090221286,-0.090221286,-0.090221286,0.078155838,0.090221286,-0.090221286,0.090221286,-0.008673735,-0.090221286,-0.044717029,0.090221286,0.090221211,-0.090217859,-0.090221286,-0.090221286,0.090221286,-0.090219997,0.090221286,0.090221286,-0.090221286,-0.088254966,0.090221286,0.09019158,0.090221286,0.090221077,0.090221286,-0.090221286,-0.090221286,0.090221286,-0.090221286,-0.090221286,-0.090221286,-0.090221286,0.090221286,0.089975983,0.090221286,-0.090221286,-0.090221286,0.090221286,0.090214521,0.090221286,-0.089647032,0.016140547,-0.090221286,-0.090221286,-0.090220861,-0.090221286,0.090221286,-0.090220429,0.089455463,0.090221286,0.090221286,0.090221286,0.090221286,-0.059844751,-0.073047832,-0.090221286,-0.090221286,0.090221286,0.090221286,-0.090221107,0.090221286,0.090221286,-0.090220429,-0.090221286,-0.090220608,0.090221286,0.090220928,0.090221286,-0.090221286,0.090221286,0.090221286,0.0902211,0.090221286,0.090221286,0.090221286,0.090221286,-0.090216286,-0.087342858,-0.090221249,0.085336998,0.090221286,0.090221286,0.090221286,-0.090221286,-0.090221286,0.09022101,-0.090221286,0.090221286,-0.090220995,-0.090221286,-0.090221286,-0.090221286,0.090220056,0.090221286,0.090221286,0.090221286,0.090044335,0.090221286,-0.090221241
colistin a,XDJYMJULXQKGMM-RVYUQJQSSA-N,A4,0.090137355,0.085532956,-0.09013731,-0.090137355,-0.015227114,0.090137355,0.090075836,-0.089923427,0.090137355,0.090137355,0.090137355,-0.090137355,0.090137213,-0.088898838,0.090137355,-0.090137355,-0.088884622,0.090137355,-0.090137355,0.090137355,0.090137355,-0.090137355,0.090137355,-0.090137355,-0.090137355,0.090137355,-0.090137355,0.090137355,0.090137355,-0.090137355,-0.090137355,0.078851297,0.090137355,-0.090137355,0.090137355,0.007760019,-0.090137355,0.088361353,0.090137355,0.090137236,-0.090121165,-0.090137355,-0.090137355,0.090137355,-0.090116061,0.090137355,0.090137355,-0.090137355,-0.089644693,0.090137355,0.090096213,0.090137355,0.090137355,0.090137355,-0.090137355,-0.090137355,0.090137355,-0.090137355,-0.090137355,-0.090137355,-0.090137355,0.090137355,0.089541651,0.090137355,-0.090137355,-0.090137355,0.090137355,0.090136476,0.090137355,-0.08891923,0.00921106,-0.090137355,-0.090137355,-0.090135552,-0.090137355,0.090137355,-0.090136349,0.079710126,0.090137355,0.090137355,0.090137355,0.090137355,-0.086159036,-0.035288397,-0.090137355,-0.090137355,0.090137355,0.090137355,-0.090136327,0.090137355,0.090137355,-0.090137258,-0.090137355,-0.090137102,0.090137355,0.090136729,0.090137355,-0.090137355,0.090137355,0.090137355,0.090137281,0.090137355,0.090137355,0.090137355,0.090137355,-0.090123691,-0.087375768,-0.090137355,0.089762643,0.090137355,0.090137355,0.090137355,-0.090137355,-0.090137355,0.090137325,-0.090137355,0.090137355,-0.090137258,-0.090137355,-0.090137355,-0.090137355,0.09013731,0.090137355,0.090137355,0.090137355,0.077618085,0.090137355,-0.090137251
colistin b,KNIWPHSUTGNZST-SSWRVQTPSA-N,A4,0.090652056,-0.090652056,-0.090652056,-0.090652056,0.090652056,0.090652056,-0.075105906,-0.090651751,0.090652056,0.090652056,0.090652056,-0.090652056,-0.090652056,0.090651892,-0.086138509,-0.090652056,0.090578966,0.090652056,-0.090652056,0.090652056,0.090652056,-0.090652056,0.090652056,-0.090652056,-0.090652056,-0.050390124,-0.090652056,0.090652056,0.090652056,-0.090644181,-0.090652056,0.083419152,0.090652056,-0.090652056,0.090652056,-0.090652056,-0.090652056,-0.090200394,0.09019617,0.090652056,-0.090613432,0.082721248,-0.090652056,0.090652056,-0.090652056,0.090652056,0.090652056,-0.090652056,0.090651684,0.090652056,0.090652056,0.090579748,0.044488523,0.090652056,0.0906443,-0.090652056,0.090652056,-0.090648942,-0.090652056,-0.090652056,-0.090652056,0.090652056,-0.090044118,0.090652056,-0.090652056,-0.090652056,0.090652056,-0.090652056,0.090652056,0.09046042,-0.090651982,-0.090652056,-0.090652056,-0.073530719,-0.090652056,0.090652056,-0.090651587,0.089939959,0.090652056,0.090652056,0.090652056,0.090652056,0.08974342,-0.090652056,-0.090652056,-0.090652056,0.090652056,0.090652056,-0.085051648,0.090652056,-0.060876269,-0.090652056,-0.090652056,-0.090642236,0.090652056,0.026728459,0.090652056,-0.090652056,0.090652056,0.090627722,0.08778096,0.090652056,0.090652056,0.090652056,0.090651318,-0.090652056,-0.090638101,-0.090652056,0.090651944,0.090652056,0.003970268,0.090652056,-0.090652056,-0.090652056,0.065859281,-0.090652056,0.090652056,-0.090652056,-0.090652056,-0.090652056,0.083540261,-0.080476813,0.090652056,0.090652056,0.090631321,0.07938458,0.090652056,-0.090652056
curcumin,VFLDPWHFBUODDF-FCXRPNKRSA-N,A4,0.089425832,-0.089425832,0.089425832,0.089425832,0.089425832,0.089425832,0.089425832,0.089425832,0.089425832,0.089425832,0.089425832,-0.089425832,-0.089425832,0.089425832,-0.089366242,-0.089425832,-0.089425832,0.089425832,-0.089425832,-0.089425832,0.089425832,-0.089425832,-0.089425832,-0.089254685,0.089425832,-0.089421235,-0.089425832,0.089425832,-0.089425832,0.089425832,0.000596261,0.089425832,0.089425832,-0.089418434,-0.089425832,-0.089425832,0.089425832,-0.089425832,-0.089425832,0.089425832,-0.089425832,0.089425832,0.089425832,-0.089425832,0.089425832,-0.089425832,-0.089425832,-0.089425832,0.089425832,-0.089425832,0.089425832,-0.089425832,0.089425832,0.089425832,0.089425832,-0.089425832,-0.078896455,0.071548574,-0.089425832,-0.089425832,-0.089425832,0.089425653,0.06647303,-0.089425832,-0.089425832,0.089425832,-0.089425832,0.089425832,-0.089425832,0.089425832,-0.089425832,0.089425832,0.089425832,-0.089425832,0.089425832,-0.089425832,-0.089425832,-0.089425832,0.089425832,-0.089425832,-0.089425832,-0.089425832,0.089425832,0.089425832,0.089425832,0.089425832,-0.089425832,-0.089425832,0.089425832,-0.089425832,-0.089425832,-0.089425832,-0.089425832,-0.089425832,-0.089425832,-0.089425832,0.089425832,0.089425832,-0.089425832,0.089425832,-0.089425832,-0.089425832,-0.089425832,-0.089425832,0.089425832,0.02607234,-0.089425832,-0.089425832,0.089425832,0.089425832,-0.089425832,0.089425832,0.089425832,-0.0892708,0.08942569,-0.089425832,-0.089425832,0.089425832,-0.089425832,0.089425832,0.089425832,-0.089425832,-0.089425832,0.089425832,0.089425832,0.089425832,0.089425832,-0.089425832
cycloserine,DYDCUQKUCUHJBH-UWTATZPHSA-N,A4,-0.085725047,-0.092496574,-0.092496276,0.092496529,0.060446534,-0.086921826,0.09146259,-0.090737276,-0.092496574,0.092495449,0.092496492,-0.092496574,-0.092496574,-0.076249614,-0.092496477,0.092496574,0.092488319,0.091634929,0.033646073,0.092496574,-0.088475347,-0.092496574,0.092496574,-0.092496574,-0.09228269,-0.092496574,-0.02988692,0.082314432,0.092496574,-0.063378826,-0.092496574,0.092496462,0.092496574,0.091015443,0.092496574,-0.092496544,-0.092496574,-0.079878516,0.092491008,-0.025687123,0.092496574,0.092496306,-0.075227991,0.092473403,0.092463553,0.092496082,0.092496544,-0.092496574,0.092496358,0.092496574,0.092496529,0.043406747,-0.092480421,-0.088357329,0.092496574,-0.002281096,-0.090751596,0.092493989,-0.048687052,-0.092494845,0.084208608,0.092111208,-0.092496574,-0.092489518,-0.092496164,-0.091733493,0.092496507,-0.092494316,0.092496201,0.092461474,0.092496574,-0.08304549,-0.092496492,0.092413411,-0.050174493,-0.09193752,-0.091675006,0.092496574,0.092495829,0.092483796,-0.092140622,-0.092496574,0.090697385,-0.092496574,0.087572813,-0.092496574,-0.092496574,0.092496574,0.092496485,0.092494085,-0.092496574,-0.092495777,-0.090689674,-0.092494577,0.092397019,-0.092496574,0.09226013,-0.092483759,-0.09243571,0.09243542,-0.092496574,0.089350134,-0.05862119,-0.092495568,-0.088002868,-0.092496574,-0.092496574,-0.092496574,0.092496574,-0.092496388,-0.092496574,-0.092494741,0.089802563,-0.092496574,-0.090944409,-0.092496574,0.092496574,0.08041051,-0.092496574,0.092458844,0.092496574,-0.05093525,-0.092496574,0.092496574,-0.092494838,-0.092496574,0.092489697,-0.092496574
dalbavancin,KGPGQDLTDHGEGT-SZUNQUCBSA-N,A4,0.090801008,0.090799801,0.090565875,-0.090800807,-0.086771786,0.090801008,-0.090801008,-0.090801008,0.090800978,0.090801008,-0.08976765,0.090801008,-0.09033154,0.090801008,-0.090801008,-0.090801008,-0.090801008,0.090801008,-0.090800844,0.087692373,0.085140407,0.090801008,0.090801008,-0.083266646,-0.090744846,0.090801008,-0.09080074,0.090801008,-0.090800978,-0.066400781,-0.090801008,0.090801008,-0.090801008,-0.090801008,-0.09076342,-0.090800606,-0.090801008,-0.090791404,-0.090801008,0.028244048,-0.05758379,-0.089839123,-0.090801008,0.090801008,-0.090801008,0.089139909,-0.088676669,-0.090801008,-0.090800956,0.090801008,0.019926291,-0.090801008,0.063020706,0.090801008,0.090799652,-0.08826077,-0.090800919,0.070431143,0.090132043,-0.090801008,-0.053191636,-0.090798713,0.084336631,-0.090414576,-0.090801008,0.090464726,0.090801008,-0.090798527,0.086468354,-0.090798594,0.090744637,-0.090801008,-0.090800956,0.090801008,-0.090801008,0.090801008,-0.090797201,0.09078747,0.090800941,0.090801008,0.090801008,0.090505809,0.090792812,-0.090801008,-0.090801008,0.090800986,0.090801008,0.085853472,-0.090800256,-0.02538335,-0.090801008,-0.090801008,0.083704904,-0.089560904,-0.090801008,0.090801008,0.090040252,-0.090801008,-0.090306923,0.090787783,0.090801008,0.090801008,0.090801008,0.090801008,0.090801008,-0.09064623,-0.08946608,0.090801008,-0.090801008,-0.089939266,-0.089881994,0.090801008,-0.090801008,-0.090801008,-0.090790451,-0.090801008,0.090800717,-0.090801008,0.090799116,-0.090800844,0.09032543,-0.090801008,0.090801008,-0.090800978,-0.090705849,0.090801008,0.090801008,-0.090800166
dalfopristin,SUYRLXYYZQTJHF-VMBLUXKRSA-N,A4,-0.084836937,0.09547653,0.060119729,-0.09547653,-0.095452175,0.095404573,0.095475927,0.095277108,-0.095474817,0.09547653,0.090172358,0.09547653,0.095476389,0.045916699,0.09547653,0.09547653,0.093357578,0.09547653,-0.091161564,-0.093205385,0.091075614,0.095475331,-0.095429458,-0.09547653,-0.09547653,0.094859876,0.095459506,-0.085915938,-0.094368093,-0.093979515,-0.095281437,-0.095403574,0.095409825,0.095462874,-0.095476352,0.095387124,-0.002378315,0.059469532,0.093743332,0.095474362,-0.089222401,-0.09547653,0.09547653,0.065393686,-0.087960258,0.095124297,-0.095460042,0.095415018,-0.095475867,-0.095476396,-0.093877867,0.092461154,-0.095335327,-0.091184653,-0.092678323,-0.09547653,0.095467918,-0.091194533,-0.032946546,-0.09547653,-0.092744961,-0.002031753,0.095474616,0.093949676,-0.088373005,0.095476411,0.09547653,0.01722285,0.095436797,-0.09547618,-0.039162323,-0.056448456,0.065864921,0.079679072,-0.095473468,-0.09547653,0.0570186,0.09547653,-0.09547653,0.069740109,0.09547653,0.094546996,-0.093503267,-0.095435239,-0.095131651,0.093339004,0.09547653,-0.095476471,0.095475897,-0.08911936,0.095406048,0.082272857,-0.095213354,-0.084699176,0.080294885,-0.09544161,0.095437177,0.095408447,-0.095040336,0.09547653,-0.095435247,0.094398305,-0.094702542,-0.09507519,0.09547653,0.027474023,0.095285445,-0.095475927,0.063720815,0.095468231,0.093935452,0.071253739,0.095473751,-0.09547653,0.095460348,0.095476329,-0.058056269,-0.018042844,-0.095476441,0.095474377,0.095475867,0.095471933,-0.047587164,0.095363684,-0.095343471,0.095476098,-0.053971652,0.051063802
danofloxacin,QMLVECGLEOSESV-RYUDHWBXSA-N,A4,0.088944502,0.088944502,0.088944122,0.088944502,0.088944502,0.087568119,0.088939987,0.088944502,0.088944502,-0.088944502,-0.088944502,0.085282363,-0.088944502,0.08894375,-0.088944502,-0.088944502,0.088944502,0.088944502,-0.088944502,-0.088944502,0.088944502,0.088944502,-0.088944502,-0.088526428,0.088944502,-0.088944502,-0.088944502,0.088944502,-0.088944502,0.088944502,-0.088944502,0.088944502,0.088944502,-0.088944502,-0.088944502,-0.088900253,0.088944502,-0.088944502,-0.088944502,-0.088944502,-0.088944502,0.088944502,-0.088944502,-0.088944502,0.088944502,-0.088944502,0.088944502,-0.088944502,0.088944502,-0.088944502,-0.088944502,-0.088944502,0.088944502,0.088944502,-0.088944502,0.088944502,-0.088944502,-0.088942349,-0.088944502,-0.088944502,-0.088944502,0.088944502,-0.088944502,0.088944502,0.088944502,-0.088944502,0.008511627,-0.088944502,0.088944502,0.088944502,-0.088944502,0.088944502,0.088944502,0.088944502,0.088944502,-0.088944502,-0.088944502,0.088944502,0.088944502,-0.088944502,-0.088944502,-0.088944502,0.088944502,0.088944502,0.088944502,0.088944502,-0.088944502,-0.088944502,0.088944502,-0.088944502,-0.088944502,-0.08894337,0.088944502,-0.088944502,-0.08894442,-0.088944502,0.088944502,0.088944502,-0.087471969,-0.088944502,-0.088944502,0.088944502,-0.088944502,0.088944502,0.088944502,0.088944502,-0.088944502,-0.088943422,0.088944502,0.088944502,-0.068318509,0.088944502,0.088944502,0.088944502,-0.088944502,-0.088944502,-0.088943683,-0.088944502,-0.088944502,0.088944502,-0.088944502,-0.088944502,-0.088944502,-0.088944361,-0.088944502,0.087146431,0.088944502,0.088944502
dapsone,MQJKPEGWNLWLTK-UHFFFAOYSA-N,A4,-0.089366384,-0.089366384,-0.089366384,0.089366384,-0.059700824,-0.089366384,0.089366384,0.089366384,0.089366384,0.089366384,0.087246843,-0.089366384,-0.089366384,-0.08936578,0.089366384,-0.089366384,-0.089366384,0.089366384,-0.089366309,0.089366384,-0.089366384,0.088446461,-0.089366384,-0.089366384,0.089366384,-0.089366384,-0.089366384,-0.089366384,0.089366384,0.089366384,0.089366384,0.089366384,0.089366384,-0.089112826,-0.063428581,0.089366384,0.08427047,-0.089366384,-0.089366384,-0.089366384,-0.089366384,0.089366384,0.089366384,-0.089366384,0.089366384,-0.089366384,0.089366384,-0.089366384,0.089366384,-0.089366384,-0.089366384,-0.08936581,0.089366384,0.089366384,-0.089366384,0.089366384,0.089366384,-0.089366384,0.089365788,-0.089366384,-0.088600934,0.089366384,0.089366384,-0.089366384,-0.089366384,-0.089366384,-0.089363679,-0.089366384,-0.08936622,0.089366384,0.089366384,0.089366384,-0.089366384,-0.089366384,-0.089366384,-0.089366384,-0.089366384,-0.089366384,0.089232363,-0.089366384,-0.089366384,-0.067438394,0.089366384,-0.089362778,0.089366384,0.087861687,0.089366384,0.089366384,-0.089359127,-0.089366384,0.089366384,-0.089366384,0.089366384,0.025198463,0.089366384,-0.089366384,0.089366265,-0.088357188,0.089362726,0.089365035,-0.089366384,-0.089366384,-0.089366384,-0.089366384,0.089365296,-0.08839941,-0.089366384,-0.089366384,-0.089366384,-0.089366384,-0.089366384,0.089366384,-0.084853269,0.089366384,-0.089366384,0.089366384,-0.08936628,0.08913473,-0.089366384,0.089366384,0.089366384,-0.089366384,-0.089366265,0.089366384,-0.089366384,0.089366384,-0.089366384,-0.089366384
daptomycin,DOAKLVKFURWEDJ-QCMAZARJSA-N,A4,0.091920353,0.002378095,-0.091918841,-0.091920353,-0.068530008,0.091920353,-0.091920197,-0.075685896,0.091920353,0.091920353,0.091920353,-0.091920353,-0.091897644,0.086787306,-0.089234911,-0.091920353,0.062601082,0.091920055,-0.091920353,0.091920353,0.091920353,-0.091920353,0.091920353,-0.091920353,-0.091920353,0.091920219,-0.091920353,0.091920353,0.091920353,0.044324715,-0.091920353,-0.087130107,0.09150745,-0.091920353,-0.091903888,0.034582309,-0.091778569,0.091920353,0.091920353,0.091908813,-0.090216666,-0.091920324,-0.091920353,0.091920353,0.008403239,-0.027536187,0.091920353,-0.091920353,0.091720112,0.091920353,0.091920316,-0.091913126,0.091920353,0.091920353,-0.091916315,-0.091920339,0.091920353,-0.091709644,-0.091920353,-0.091920353,-0.091919765,0.091920353,-0.079761319,0.091920353,-0.091920353,-0.091920353,0.091920353,-0.050543554,0.091920353,0.091919787,-0.091920264,-0.091920353,-0.091920257,0.091919698,-0.091920353,0.091920353,-0.085071258,-0.091920353,0.091920353,0.091920353,0.091920353,0.091920353,-0.085521497,-0.025110265,-0.091920353,-0.091920353,0.091920353,0.091920353,-0.09190648,0.091920353,0.091919541,-0.091920353,-0.091920353,-0.090018511,0.091908224,-0.089224875,0.091920353,-0.091920353,0.091920353,-0.091916882,0.091920353,0.091920353,0.091920353,0.091920353,0.091920353,-0.091920324,-0.091920294,-0.045116872,0.090502322,0.091920353,0.091920353,0.091920353,-0.091920353,-0.091920353,0.091920093,-0.091920353,0.091920353,-0.091920353,-0.091920353,-0.091920353,-0.083513439,0.091920353,0.091920353,0.091920353,0.090111092,0.080092594,0.091920353,-0.091920353
delafloxacin,DYDCPNMLZGFQTM-UHFFFAOYSA-N,A4,-0.092679411,-0.092679463,-0.092679463,0.092646979,0.092678241,-0.069563642,0.092672817,0.090646952,-0.092636205,0.092199028,-0.092679441,0.092679463,0.09267927,-0.092679366,-0.092647597,-0.09267915,0.092637189,-0.092678875,-0.092675403,-0.092676245,0.092678875,0.092679463,0.092679463,0.092674434,0.092679374,-0.092656985,0.091944806,-0.080462821,-0.092596784,-0.092645884,-0.092679463,0.092416473,-0.092679463,-0.092679396,0.092679463,0.06866432,-0.091321379,-0.092673592,-0.092679419,-0.07259246,-0.092676885,0.092679463,0.092679463,-0.092670999,-0.092678674,0.092658445,-0.092663325,0.092529319,-0.092678577,-0.081187114,-0.092679031,0.065360703,0.09267915,0.068808012,-0.092679366,0.048326656,-0.092679419,-0.092678033,-0.081742726,0.092572711,-0.0923125,0.092567138,0.092679366,0.087948881,0.092679463,0.075491108,-0.092679463,-0.092679463,-0.0926788,-0.092673868,-0.092679083,-0.09267915,0.092679463,-0.092678942,-0.050711203,0.092679463,0.092678472,0.092678525,0.075710163,0.083334453,0.027818695,-0.092674248,0.092586301,0.092445269,0.081575125,0.092679463,-0.092679463,0.092605107,-0.092678942,-0.069358997,-0.092679463,0.092679463,0.089661703,0.091636389,0.073031396,0.092679463,-0.092004068,0.092459828,-0.092669062,-0.092679463,0.092679463,0.046332482,-0.048210736,-0.092634,-0.074574418,-0.092179231,0.066188395,0.092679463,-0.092679463,0.092679463,0.092298865,-0.092679463,-0.092679463,-0.092664614,0.090900928,-0.092674829,0.092662834,0.092217624,0.092679463,-0.054246813,-0.079126365,-0.092665195,0.092596732,-0.092679463,0.082191736,-0.092631891,0.092679463,-0.063533589
delamanid,XDAOLTSRNUSPPH-XMMPIXPASA-N,A4,0.087413557,-0.090193331,-0.093744151,0.093744151,-0.093711019,-0.07870134,0.080809511,0.093298733,0.09368591,-0.093732491,0.093744151,-0.088825747,-0.093744129,-0.093744151,-0.093744151,-0.093744151,-0.015785979,0.064146467,-0.093744151,-0.02372559,-0.093744151,0.093744151,-0.093744151,0.093466975,-0.06446752,0.093744062,0.093710735,0.093558595,-0.039178822,-0.093744136,-0.093584776,-0.089870408,4.3e-05,-0.093474656,0.093720175,-0.093731858,0.093637437,0.092832088,-0.093686514,-0.091466218,-0.093678936,0.09272851,-0.093727656,0.093744121,-0.093744069,-0.093744151,-0.093742579,-0.089504249,0.093712918,-0.092634946,-0.088493973,-0.093603797,0.09374363,0.093738817,-0.080798544,0.074568518,0.093744151,-0.093289107,0.093683474,0.093744151,0.093743585,-0.093743913,0.092589922,0.085509285,-0.093744151,0.075311527,-0.090525284,-0.093744151,0.093744151,-0.093082875,-0.093659513,-0.093341693,-0.093744151,-0.082370408,0.093744129,-0.093744151,0.093742937,-0.093744151,0.093743406,0.093744151,0.093140811,-0.090623111,0.093488194,-0.042310871,-0.093579724,-0.030949615,0.093744151,-0.093744151,-0.093743145,-0.087137453,-0.090429828,-0.093744151,0.093743667,-0.093743987,0.052381754,0.093744151,-0.089330457,-0.093735643,0.093730018,-0.093515493,-0.021884099,0.093734309,0.09374366,0.086324118,0.093744151,-0.093743987,-0.07626088,0.087217107,0.042010084,-0.093744054,-0.093591541,-0.09358158,0.093744151,0.093744151,0.093744025,0.093119502,0.093739919,-0.08885292,-0.093744151,-0.093744151,-0.068547584,-0.093744151,-0.029465109,-0.0937436,0.093744151,-0.093744077,-0.093744151,0.093744151
diclofenac,DCOPUUMXTXDBNB-UHFFFAOYSA-N,A4,0.088768147,-0.088768147,-0.088764638,0.088768147,0.088768147,-0.086917602,0.088768147,0.088768147,0.088768147,-0.087554216,-0.088768147,-0.088768147,-0.088768147,0.088768147,-0.088768147,-0.088768147,-0.088766284,0.088768147,-0.088768147,-0.088768147,0.088768147,0.088768147,-0.088768147,0.088768147,0.088768147,0.088768147,-0.088768147,0.088768147,-0.088768147,0.088768147,0.088768147,0.088768147,0.088768147,-0.088768147,0.088766597,-0.088768147,0.088768147,-0.088768147,-0.088768147,0.088768147,-0.088768147,0.088768147,0.088768147,-0.088768147,0.088768147,-0.088768147,-0.088768147,-0.088768147,0.088768147,-0.088768147,-0.088768147,-0.088768147,0.088768147,0.088768147,-0.088768147,0.088768147,-0.088768147,-0.088768147,-0.088768147,0.088768147,-0.088768147,-0.088768147,-0.088768147,0.088768147,0.088768147,0.082605943,-0.088768147,-0.088768147,-0.088768147,0.088768147,-0.088768147,0.088768147,-0.088768147,0.088767678,0.088768147,-0.088768147,-0.088768147,-0.088768147,0.088768147,-0.088768147,-0.088768147,-0.088768147,0.088768147,0.088768147,0.088768147,0.088768147,-0.088768147,0.088768147,0.088768147,-0.088768147,-0.088768147,-0.088768147,0.088768147,-0.088768147,-0.088768147,-0.088768147,0.088768147,-0.088768147,0.088768147,-0.088768147,0.088768147,-0.088768147,0.088768147,-0.088768147,0.088768147,0.088768147,-0.088768147,0.088768147,-0.088768147,0.088768147,0.088768147,0.088768147,0.088768147,0.088768147,-0.029393323,-0.088768147,-0.088768147,-0.088768147,0.088768147,0.088768147,0.088768147,0.088768147,0.088768147,0.088768147,0.088768147,0.088768147,0.088768147,0.088768147
dicloxacillin,YFAGHNZHGGCZAX-JKIFEVAISA-N,A4,-0.083015464,0.037014894,0.093672775,-0.093673319,-0.093673319,-0.093673199,-0.017400445,0.093673319,0.093649626,-0.093673319,-0.093671381,0.093673319,-0.093670964,0.093020231,-0.09356904,-0.092993811,0.093667664,-0.093633689,-0.077341013,-0.037866004,-0.093668588,0.075000674,-0.09345679,0.093620889,0.093673319,0.09346807,-0.093466349,-0.086228006,-0.093673319,-0.09367197,-0.081594884,-0.093672976,-0.093673229,-0.014483387,-0.064104445,-0.069197014,0.093672507,0.093019351,-0.093667246,-0.093665272,-0.091097921,-0.093596704,0.073834509,0.092768341,0.093673319,0.093673319,0.093132488,0.093673319,0.093599968,-0.093673319,-0.064742357,0.090972446,0.093672603,-0.093673319,0.093673319,0.093672954,-0.093673319,-0.093184806,-0.093672618,-0.093673319,0.093610093,0.092739582,0.093635075,-0.066586629,0.093673319,-0.091583803,0.093515098,0.086740434,-0.093667477,0.093545027,-0.093668394,-0.093673177,0.093532987,0.093673319,-0.065080829,0.093673319,0.093115337,0.093672872,0.093514152,0.093673319,0.075091764,-0.082876272,-0.093673028,-0.093673319,0.084962048,0.071519472,-0.093672276,-0.092404515,-0.022605551,-0.093666524,-0.093673319,0.090191804,-0.088266023,0.076739341,-0.093673266,-0.093200728,0.093672104,-0.093673319,0.093672931,0.081783295,0.059035905,0.093673319,-0.092194796,0.093673319,-0.093673319,-0.093672805,0.093673319,0.09367305,0.093673289,-0.03043697,0.093673319,0.066267222,0.093673289,-0.093404524,0.093653575,-0.055215985,-0.087062389,0.093672,0.09365698,0.093626611,0.093362361,-0.093082055,-0.093673319,-0.093671992,-0.091972612,0.093673132,0.093673319,0.093673289
difloxacin,NOCJXYPHIIZEHN-UHFFFAOYSA-N,A4,0.088436417,-0.088436417,-0.088436417,0.088436417,0.088436417,0.088436417,0.088436417,0.088436417,0.088436417,-0.088436417,-0.088436417,-0.088436417,-0.088436417,0.088436417,-0.088436417,-0.088436417,0.088436417,0.088436417,-0.088436417,-0.088436417,0.088436417,0.088436417,-0.088436417,0.088254303,0.088436417,-0.088436417,-0.088436417,0.088436417,-0.088436417,0.088436417,0.088436417,0.088436417,0.088436417,-0.088436417,-0.08841718,-0.088436417,0.088436417,-0.088436417,-0.088436417,0.088436417,-0.088436417,0.088436417,-0.088436417,-0.088436417,0.088436417,-0.088436417,0.088436417,-0.088436417,0.088436417,-0.088436417,-0.088436417,-0.088436417,0.088436417,0.088436417,-0.088436417,0.088436417,-0.088436417,-0.088436417,-0.088436417,-0.088436417,-0.088436417,-0.088436417,-0.088436417,0.088436417,0.088436417,-0.088436417,-0.088436417,-0.088436417,0.088436417,0.088436417,-0.088436417,0.088436417,-0.088436417,0.088436417,0.088436417,-0.088436417,-0.088436417,-0.088436417,0.088436417,-0.088436417,-0.088436417,-0.088436417,0.088436417,0.088436417,0.088436417,0.088436417,-0.088436417,0.088436417,0.088436417,-0.088436417,-0.088436417,-0.088436417,0.088436417,-0.088436417,0.088436417,-0.088436417,0.088436417,-0.088436417,0.088436417,-0.088436417,-0.08837603,-0.088436417,0.082475461,-0.088436417,0.088436417,0.088436417,-0.088436417,-0.088436417,-0.088436417,0.088436417,0.088436417,0.088436417,0.088436417,0.088436417,-0.088436417,-0.088436417,-0.088436417,-0.088436417,0.088436417,0.088436417,0.088436417,0.088436417,-0.088436417,0.088436417,-0.088436417,0.088436417,0.088436417,-0.088306859
dihydrostreptomycin,ASXBYYWOLISCLQ-HZYVHMACSA-N,A4,0.089168698,-0.089168698,0.084598877,-0.089168698,0.089168698,0.089168631,-0.089168698,-0.089168698,-0.089168698,0.088085361,0.089168698,-0.089168623,-0.089168698,0.089168698,-0.089168698,-0.089168698,-0.089168698,-0.089168631,-0.089168698,0.089084327,0.072187312,-0.089168541,0.089168698,-0.088108309,0.087938473,0.089168698,-0.089168698,0.089168698,0.070120662,-0.051963795,-0.089168698,-0.089168698,-0.089168698,-0.089168698,-0.089148566,-0.089168698,-0.089168698,0.089168698,-0.089168698,-0.089071795,0.088956207,-0.080907337,-0.089168698,0.089168698,-0.089168698,-0.089168698,0.089168467,-0.089168698,-0.080201998,0.089168698,-0.087381974,-0.089168698,0.089168698,0.089168146,0.089168698,0.088981219,0.088921241,-0.089150816,-0.088538401,-0.089168698,0.089168698,-0.089168698,-0.089168698,-0.089168698,-0.089168698,-0.089168698,0.089168698,0.08916837,0.089168698,0.089168698,-0.089168698,-0.089168698,-0.089168698,0.089168698,-0.089168698,0.089168698,-0.086433023,-0.089168698,0.089168698,0.089168698,0.089168698,0.089168623,0.089168698,-0.089168698,0.089166768,-0.083688945,0.089168698,0.089168698,0.089168698,0.089168698,-0.089168698,-0.089168698,0.089168698,-0.089168698,-0.089168698,-0.087177597,-0.089168698,-0.089168698,0.089168698,0.089168698,0.089166887,0.089168698,0.08915849,0.089168698,0.089168698,-0.089168601,-0.089082807,-0.08916837,0.089168698,-0.089168698,-0.089168698,0.089168698,-0.089168698,-0.089168698,-0.089168698,-0.089168698,0.089168698,-0.089168698,-0.089168645,-0.089168698,-0.089168698,-0.089168698,0.089168698,0.089080557,-0.089168698,0.089168698,0.089168698,-0.089168698
doripenem,AVAACINZEOAHHE-VFZPANTDSA-N,A4,-0.074000098,0.100856476,0.056161586,-0.012049422,0.103743002,0.107207485,-0.108426869,0.106408164,-0.104907863,-0.06716463,-0.009339476,-0.079612605,-0.107458368,0.108016692,-0.097023204,0.06327755,-0.107109778,-0.092999242,-0.077715166,-0.101173982,-0.108034417,-0.075788066,0.107174896,0.044292293,-0.030748036,0.040061444,-0.107395515,0.045175347,0.027980369,0.002025689,-0.108379208,-0.10711316,-0.107948348,-0.026709128,-0.052264843,-0.087471858,-0.037529286,0.107843749,0.090770721,0.103966467,-0.10745424,-0.056058083,0.058613449,0.105151579,-0.033516102,-0.107353546,-0.097642951,0.018724805,-0.015260148,0.108204,-0.107810415,-0.108056732,-0.105516516,-0.107884169,-0.034693163,0.049733806,-0.069486611,0.107806996,0.006865539,0.070417099,0.105644993,-0.10482391,-0.078422084,-0.108327873,-0.106632158,-0.108447231,0.104246005,-0.031057503,0.108379222,0.107027978,-0.107102476,0.106921814,-0.032541491,0.10510502,-0.108451985,0.108449616,-0.065706417,-0.064002641,0.077225685,0.105201632,0.002121899,0.101752512,-0.027536731,-0.103059076,-0.10721691,-0.063141987,0.106206872,-0.09799923,0.105297104,0.102497108,-0.108363181,-0.044724412,0.052058361,-0.104620367,-0.074278556,-0.075076081,-0.10831964,-0.070398696,0.108001284,0.106289864,-0.098449238,0.047512319,0.092090219,0.108429611,0.107829854,-0.003459546,-0.089313254,-0.106534205,-0.107635893,-0.108117655,-0.093784846,0.108323216,-0.10842026,-0.108451203,-0.09612003,-0.107286543,0.107815303,-0.108444229,0.067420386,0.107930221,0.055936147,-0.103559911,0.007880764,-0.088264622,-0.107859679,0.00080096,0.07572379,0.100509949
doxorubicin,AOJJSUZBOXZQNB-TZSSRYMLSA-N,A4,0.090621792,-0.090604082,-0.090621114,0.09062174,0.090621792,0.090621792,-0.090621792,-0.090621792,-0.090621307,0.090621792,0.090621792,0.090621792,-0.090621792,0.090621792,-0.090621792,0.090619922,-0.090621792,0.090621792,0.065597691,0.090621792,-0.090621792,0.090621792,0.090621792,-0.090621762,-0.090621725,0.090621792,-0.090621792,0.067016959,0.09036994,-0.090621792,-0.090621792,-0.090617403,-0.090621792,-0.090621792,-0.090618141,-0.090621792,-0.090621792,-0.090423942,-0.090584442,-0.090621792,-0.090618484,0.090439484,-0.090621792,0.090621792,-0.090621792,-0.066919118,0.090621792,-0.090621792,-0.09061183,0.090621792,-0.090619579,-0.090621792,-0.090592653,0.090621792,0.090621762,-0.090621792,-0.090619087,-0.090187125,0.090465389,-0.090565212,-0.081049152,0.090542257,-0.090621792,-0.090621792,-0.090621792,-0.090621792,0.090621792,-0.005109427,0.090621792,0.090621792,-0.048516367,-0.090621792,-0.090621792,0.090621792,-0.090621792,0.090621792,-0.090621792,0.004009051,0.090561077,0.090621792,0.090621792,-0.067560375,0.090607114,-0.090621792,-0.090621792,0.083581522,0.090621792,-0.08406046,0.090621792,0.090621792,-0.090621792,-0.090621792,0.090621792,-0.086638339,-0.086907156,0.090332828,-0.090620905,-0.089296103,0.090621792,0.090621792,0.090609133,0.090621792,0.090621747,0.090621792,0.090621792,-0.090621792,-0.090184614,-0.082842864,0.079529226,-0.090621725,-0.090621792,0.090621792,-0.090621792,-0.090621792,-0.090621792,-0.090621792,0.090621792,-0.090621792,-0.090621792,-0.090621181,0.059673253,-0.090621792,0.090621792,-0.090621792,-0.090621792,0.090621792,0.090621792,-0.090621792
egcg,WMBWREPUVVBILR-WIYYLYMNSA-N,A4,0.089658439,-0.089658439,0.089658439,0.089658439,0.089658439,-0.089658439,-0.015409472,-0.089658439,0.089658439,0.089658439,0.089658439,-0.089658439,-0.089658439,0.089658439,-0.089658439,0.089658439,-0.089658439,0.089658439,-0.089658439,-0.089658439,0.089658439,0.089658439,0.089658439,-0.089658439,0.089658402,-0.089658439,-0.089658439,-0.089658439,0.089658439,0.089650512,-0.089658439,0.089658439,0.089658439,-0.089658439,0.089658439,-0.089658439,-0.089658439,-0.089658439,-0.089658439,0.089658439,0.089658439,0.089658439,0.089658439,-0.089658409,0.086383902,0.089658439,-0.089658439,-0.089658439,-0.089658439,0.089658439,0.089658439,-0.089658439,0.089590684,0.089658439,0.089658439,0.089658439,-0.089658439,0.089658439,-0.089587301,-0.089658439,-0.089547105,-0.089658394,-0.089656353,-0.089658439,-0.089658439,0.089658439,-0.089658439,-0.089658439,-0.089658439,-0.089028522,0.089658439,-0.089658439,0.089658439,0.089658439,0.040183537,-0.089658439,-0.089658439,0.089658439,0.089658439,0.089658439,-0.089658357,-0.089658439,0.089658439,-0.089658439,-0.089241423,-0.089658439,-0.089658439,0.089658439,0.089658439,-0.089658439,-0.089658439,-0.089658439,-0.089658439,-0.003470768,-0.089658439,0.089658439,0.084516905,-0.089658439,-0.089658439,0.089658439,-0.089658439,-0.067812532,-0.089652494,-0.089658439,0.089658439,0.089144796,-0.089658439,0.089655541,0.089658439,-0.089658439,-0.089658439,0.089658439,-0.089658439,-0.089658439,-0.089658439,-0.089658439,-0.089658439,-0.089658439,-0.089658439,0.089658439,0.089658439,-0.089658439,-0.088978708,0.081888303,-0.089658439,0.089658439,0.089658439,-0.089658439
enrofloxacin,SPFYMRJSYKOXGV-UHFFFAOYSA-N,A4,0.084365509,-0.089644194,0.089835785,0.089835785,0.089835785,0.089835785,-0.089835785,-0.088199973,-0.085918084,-0.089835681,-0.089835785,0.089835785,0.089835785,0.089823484,0.089835785,-0.089835785,0.089835785,0.089835785,-0.089835785,-0.089835785,0.089835785,-0.089816153,-0.089835785,-0.089835785,-0.089835785,0.089835785,0.089835785,0.089835785,-0.089835785,0.048501518,-0.089835785,-0.089835785,0.089835785,-0.089835785,-0.029946329,0.089835785,-0.089756973,-0.089835785,0.089835785,0.089835785,-0.089835785,-0.089835785,-0.089835785,-0.089835785,0.089835785,0.089835785,0.089835785,0.089835785,-0.089835785,-0.089835785,-0.089835785,0.089835785,-0.089835785,-0.089835785,-0.089835785,-0.089835785,0.089715198,-0.089835785,-0.089186594,-0.045337185,-0.089758918,0.089835785,-0.089835785,0.089835785,0.089835785,0.089835785,0.089835785,0.089202218,0.089835785,-0.089835785,-0.089835785,0.089835785,-0.089106455,0.089835785,0.089835785,0.089822143,0.089835785,0.089835785,-0.089835785,-0.089835785,0.089835785,-0.089835688,0.089832619,0.089835785,0.089835785,0.089835785,0.089739785,-0.089835756,0.088789403,-0.089835785,-0.089835785,0.089835785,0.089835785,0.079073012,0.089835785,-0.089835785,0.089835785,-0.089835785,0.089835785,-0.089835785,-0.089835785,0.089835785,-0.089835785,0.089835785,0.089835785,0.089835785,-0.089835785,0.089835785,-0.089795418,0.089835785,0.089835785,-0.089835785,0.089835785,0.089835487,-0.089835785,0.089835785,-0.089835785,-0.089835741,0.089835785,0.089835785,-0.088949345,0.07177756,-0.089835785,-0.088105969,-0.089835785,-0.041916709,0.089835785,0.089835785
eravacycline,AKLMFDDQCHURPW-ISIOAQNYSA-N,A4,0.092112541,0.012480708,-0.062388852,0.049164772,0.094412282,0.094777584,-0.094777726,-0.094767578,-0.094777286,0.094777189,-0.081879616,0.094777726,-0.06294331,0.094777539,-0.094777726,-0.010542097,-0.094777726,0.09474542,-0.086016446,-0.078047574,-0.094452873,0.094777726,0.094777726,-0.066221602,0.089614078,0.094777726,0.000944646,0.094580695,-0.094777726,-0.093291663,-0.094777726,0.07736259,-0.094777726,-0.094777457,-0.094777726,-0.09001404,-0.094773203,0.092523463,-0.093347132,-0.094770603,-0.079853572,-0.08874093,-0.09477707,0.094774581,-0.094777241,-0.094777696,0.094776444,-0.094777472,-0.094753131,0.094777726,-0.093087852,-0.094777726,-0.060189296,0.09477739,-0.091990508,-0.087397061,-0.094777361,-0.055934187,0.094777696,0.037078671,0.090096086,-0.091963232,-0.09453848,-0.094777569,-0.094777726,-0.042184412,0.094706073,-0.091346346,0.085816003,-0.041292336,0.078450941,-0.094776414,-0.091187656,0.094777726,-0.094777726,0.094777554,-0.09464895,-0.094441585,-0.066854306,0.094708666,0.094777726,-0.094235159,0.089668423,-0.094777726,-0.094651841,0.094777524,0.094772413,-0.094777621,0.091251999,0.085428245,-0.094777726,-0.094777726,0.094777212,-0.068220913,-0.094777681,0.065977901,-0.094725132,-0.094060093,0.060290612,0.094470538,0.094777726,0.094776846,0.093941361,0.094777726,0.094777726,-0.089774758,-0.077806011,0.094777726,-0.094714992,-0.09471602,-0.059119266,0.094777726,-0.094777524,-0.094777726,-0.092206612,-0.094777726,0.094777726,-0.094777726,0.08225771,-0.094777182,0.039146557,-0.094777726,0.094777338,-0.09477751,-0.094777726,0.094777092,0.094777726,-0.094777502
ertapenem,JUZNIMUFDBIJCM-ANEDZVCMSA-N,A4,-0.026677744,0.099067882,0.097717397,0.1080423,0.069657482,0.110216141,-0.051302403,-0.07923688,0.050287589,-0.059361763,0.026613103,-0.028868655,-0.111064345,0.111576065,-0.110203892,0.110898346,-0.030955859,0.11150784,0.091948405,-0.104547478,0.108323418,0.093917586,0.10604082,-0.022303505,0.072963171,-0.032239173,0.089806661,-0.111414149,0.102800779,-0.108085878,-0.11147356,-0.064609617,0.060894169,0.10818933,0.001629054,-0.106185324,-0.09495303,-0.036726285,0.055054598,-0.093998849,0.11013113,0.071768254,-0.045524534,-0.106451377,-0.017880158,0.105941422,0.088811114,-0.063584164,-0.10842225,-0.089982197,0.062400267,0.105711766,-0.111509979,0.100912943,0.11088457,-0.111025281,-0.028098864,0.110996105,0.107527524,-0.086498946,0.028035784,0.104474545,0.074367248,-0.11034558,-0.102662168,0.11130546,0.027843382,0.106844768,-0.10210105,0.041016418,0.095424138,0.002201331,0.107118823,0.103948705,0.03110091,-0.096331328,-0.100072905,0.074604236,0.10727261,-0.083547242,-0.070133835,-0.024184696,0.023078933,-0.086094864,-0.110788733,-0.10534171,-0.072105244,-0.092344545,0.111544162,-0.024496531,-0.111551687,-0.095178328,0.077950038,-0.051952414,-0.021047721,0.105558887,-0.11102996,0.021029267,-0.070991687,0.111576505,-0.062640257,0.110975266,0.108945899,0.109803267,0.111448169,-0.032644827,0.092565902,0.102854267,0.085043587,-0.107904159,-0.038947798,-0.098015778,0.110255703,-0.111384034,-0.035305798,-0.111533254,0.110472418,-0.056446325,-0.105485305,0.110657237,-0.07114277,-0.111142017,0.066148497,-0.106472269,-0.093925029,-0.098829582,0.108115174,-0.078062184
erythromycin,ULGZDMOVFRHVEP-RWJQBGPGSA-N,A4,-0.090558715,0.09056288,0.09056288,-0.090562828,-0.09056288,0.09056288,0.090211496,-0.09056288,0.09056288,0.09056288,0.090434432,0.09056288,0.09056288,0.09056288,0.09056288,0.09056288,-0.09056288,0.09056288,-0.090450205,0.09056288,0.04445345,0.09056288,0.09056288,-0.09056288,-0.09056288,0.09056288,-0.023317458,-0.09056288,-0.090308413,-0.09056288,-0.09056288,0.090559088,0.087290414,0.064603575,-0.090521783,0.090562746,-0.09056288,-0.090377539,0.090120099,-0.061607994,-0.081078447,-0.09056288,-0.090540603,-0.090550147,-0.09056288,0.09056288,-0.087004744,-0.09056288,-0.09056288,0.09056288,0.090280138,0.090523347,-0.09056288,0.09056288,-0.09056288,-0.09056288,-0.086982697,-0.09056288,-0.090541564,-0.09056288,-0.09056288,0.09056288,0.09056288,0.09056288,-0.09056288,0.09056288,0.09056288,0.09056288,0.09056288,-0.09056288,0.09056288,-0.09056288,-0.090558872,-0.088219844,-0.090562753,0.083259016,-0.09056288,0.081689663,-0.09056288,-0.09056288,0.09056288,0.090182021,-0.090506017,-0.09056288,-0.09056288,0.090562187,0.09056288,-0.09056288,-0.037133444,0.069776319,-0.09056288,-0.09056288,0.09056288,-0.090488687,-0.090411335,0.09056288,0.089288078,-0.090562835,-0.0905625,0.09056288,-0.090562537,0.09056288,0.08086127,0.09056288,0.09056288,-0.090299144,0.09056288,0.09056288,-0.002695048,0.09056288,0.090516567,0.09056288,0.09056288,-0.09056288,-0.09041255,-0.090562843,0.09056288,-0.090562731,-0.090562828,0.09056288,-0.09056288,-0.090562701,0.09056288,-0.09056288,0.090562627,0.09056288,0.09056288,-0.090527371
ethambutol,AEUTYOVWOVBAKS-UWVGGRQHSA-N,A4,0.089381754,-0.089381754,0.089381754,-0.057602685,0.089381754,0.089381754,0.089381754,-0.089381754,0.089381754,0.089381754,0.089381754,0.089381754,-0.089381754,0.089381754,0.089381754,0.089381754,0.089381754,0.089381754,-0.089381754,0.089381754,0.089381754,-0.089381754,0.089381754,-0.089381754,-0.089381754,0.089381754,-0.089381754,-0.089381754,0.089381754,-0.089381754,-0.089381754,0.089381754,0.089381754,-0.089381754,0.089381754,0.089379653,-0.089381754,-0.089381754,-0.089341298,0.089381754,-0.089381754,-0.089381754,0.089381754,0.089374706,0.08748211,0.089381754,0.075443141,-0.089381754,-0.089381754,0.089381754,0.089381754,0.089381754,0.089381754,0.089381754,-0.089381754,-0.089381754,0.089381754,-0.089381754,-0.089381754,-0.089381754,-0.089381754,0.089381754,0.089381754,0.089381754,0.004844184,0.089381754,0.086977817,-0.089381754,0.089381754,-0.089381754,0.089381754,-0.089381754,-0.089381754,-0.089381754,-0.089381754,0.089381754,-0.089381754,0.089381754,0.089381754,-0.089381754,0.089381754,0.089381561,0.089381754,-0.089381121,-0.089381754,-0.089381754,0.089381754,0.089381754,-0.089381754,0.089381754,-0.036652479,-0.089381754,-0.089381754,0.089381754,0.089381754,0.089381754,0.089381754,-0.089381754,-0.089381754,0.089381754,-0.089381754,0.089381754,-0.089381754,-0.089381754,0.089381754,-0.089348689,-0.089381754,-0.089381754,0.089381754,0.089381754,-0.089381754,-0.089381754,0.089381754,-0.089381754,-0.089381754,-0.089381754,0.088800296,0.089381754,-0.089381754,0.089381754,0.089381754,-0.089381754,0.089381754,0.089381754,0.088560484,0.089381754,0.089381754,-0.089381754
ethionamide,AEOCXXJPGCBFJA-UHFFFAOYSA-N,A4,0.089918219,0.08991567,0.089918219,0.089914829,0.089918219,-0.089918219,0.089918219,-0.089918219,0.089918219,0.089918219,0.089918219,0.089918174,0.089918219,-0.089918122,-0.089918219,0.089918219,0.089918219,0.089918219,-0.089918219,0.08709994,0.089918219,-0.08991196,0.089918219,-0.089918219,-0.089918219,0.089918219,-0.089918219,0.089918219,0.089918189,0.089918219,-0.089918219,0.089918219,0.089786217,-0.089918219,-0.088415176,0.089918219,0.041125596,0.089918219,0.089918219,0.089918219,-0.089918181,-0.089918219,0.089918219,0.089786127,0.089918219,-0.089917637,-0.089918219,-0.089918219,-0.089918219,0.089918219,0.089918219,0.089918219,0.089918219,0.089918219,-0.089918219,-0.059774004,-0.089161716,-0.089918219,-0.089918219,0.089918219,-0.089918219,0.089918219,0.089918219,0.089918219,-0.089918219,0.089918219,-0.089918219,-0.089918219,-0.029684065,-0.089918219,0.08983881,-0.089918219,0.089918219,0.089918219,0.089918219,-0.089917898,-0.089918219,-0.089918219,-0.089784667,0.089918219,0.089918219,-0.089629777,0.089918219,0.089918219,-0.089364357,0.089900754,-0.089918219,0.089918219,-0.089918219,0.089918219,0.089918219,-0.089918219,-0.089918219,0.089918219,0.089918219,0.089918219,0.089918219,-0.089918219,-0.088258006,-0.089918219,0.089918219,0.089918219,-0.089918219,-0.089918219,0.089918219,0.089918219,-0.089918219,0.089918219,0.089918219,-0.004187301,0.089918219,-0.089918219,-0.089918219,-0.089918219,-0.089918219,-0.089918219,-0.089918219,0.089918219,-0.089866012,-0.089918219,0.089918219,0.089918219,0.089918219,0.089918219,0.089918219,0.089918219,-0.089918219,0.028229183
etimicin,NZGMVSJQULXLHF-RAKCNUBFSA-N,A4,0.091072299,-0.090158157,-0.090973236,-0.089948326,0.091072299,0.091072299,-0.091072299,-0.091072299,0.045213632,0.091072299,0.091072299,0.09056288,-0.091072299,0.091072299,-0.091072299,0.014066821,-0.091072299,0.091072299,-0.087875612,0.091072299,-0.090747923,0.091041766,0.091072299,-0.090998538,-0.091072299,0.091072299,-0.091072299,0.090995513,0.091072299,-0.091072299,-0.091072299,-0.089077078,-0.091072299,-0.091072299,-0.088921912,-0.091072299,-0.091072299,-0.091066428,0.059445854,-0.07857614,-0.090774,-0.021296309,-0.091072299,0.091072299,-0.091072299,0.091072299,0.091072299,-0.091072299,-0.091066279,0.091072299,-0.091072202,-0.091072299,-0.086881988,0.091072299,0.089032806,-0.091072299,0.091072023,-0.09107212,-0.091061562,-0.091072299,-0.091072105,0.091070496,-0.091072299,-0.091072299,-0.091072299,-0.091072299,0.091072299,0.091006726,0.091072299,0.091072299,-0.090582661,-0.091072299,-0.091072299,-0.00083943,-0.091072299,0.091072299,-0.091072299,0.067739233,0.091072299,0.091072299,0.091072299,0.091071792,0.053888697,-0.091072299,-0.091072299,-0.090702504,0.091072299,-0.072557203,0.09107051,0.091072299,-0.091072299,-0.091072299,0.091072194,-0.091072045,-0.090336874,0.091030993,0.085014194,-0.091072299,0.091072299,0.091072299,0.091066048,0.091072299,0.091072299,0.091072299,0.091072299,-0.091072299,-0.089679331,-0.091072232,-0.028776679,-0.091053098,-0.091072299,0.091072299,-0.091072299,-0.091072299,-0.091072299,-0.091072299,0.091072299,-0.091072299,-0.091072299,-0.091072299,-0.091037855,-0.091072299,0.091072299,-0.091072232,-0.091071807,0.091072299,0.091072299,-0.091072299
faropenem,HGGAKXAHAYOLDJ-FHZUQPTBSA-N,A4,0.077821396,0.100170344,-0.090211876,-0.099975623,-0.035106737,-0.08352831,-0.094136007,-0.075876094,-0.088302769,-0.100089721,-0.096258357,-0.095309459,-0.100248978,0.100248866,-0.067766376,-0.050452199,-0.074772798,0.100248188,0.100248329,-0.03157324,0.100248948,-0.098137103,-0.09201932,0.099873923,-0.011269069,-0.099706233,0.084375687,-0.095079608,-0.046352215,-0.100192823,0.058026519,-0.099124275,-0.024724657,0.090245821,-0.09772063,-0.087132096,-0.027743012,0.00577483,0.099703543,-0.089545339,0.099083215,-0.08500085,-0.057037648,-0.100194365,-0.086102441,-0.053617854,0.082542457,0.076333068,-0.069962069,-0.100028194,0.100245826,0.100116596,-0.098780252,-0.095828988,0.100248978,-0.100221433,0.07402917,-0.058462478,0.099996358,-0.039788757,0.099913813,-0.100055709,0.100234658,-0.097968116,-0.072415091,-0.094857953,-0.082694158,0.100248978,-0.100200869,0.097263187,0.100098245,0.099860191,0.100228153,-0.097935565,0.097893879,-0.100238547,0.092525482,-0.096088588,0.100119427,0.100166775,-0.100163147,0.097523943,-0.085394159,0.099866249,-0.088546902,-0.100233629,-0.099944897,-0.097045861,0.100244917,-0.095282815,-0.087561548,0.08583954,-0.041089978,0.092066199,-0.099332817,-0.095683299,-0.083230041,0.100215875,-0.100046776,0.100248978,-0.098690234,0.056634817,0.100202419,0.094156593,-0.076162294,-0.096928127,0.100242533,-0.018972954,0.010789216,0.091329634,0.079176679,0.080511302,0.100199468,-0.098582231,0.091827944,-0.100232475,0.046501603,0.078858279,-0.077171691,0.100248471,-0.09750662,-0.100103579,0.088849261,-0.088970348,-0.066989236,-0.098135345,0.09916766,-0.090959981
fidaxomicin,ZVGNESXIJDCBKN-UUEYKCAUSA-N,A4,-0.094662502,0.094993487,0.081988767,-0.005542486,-0.095019892,0.095024176,-0.094811693,-0.09441907,0.089031175,0.095024176,-0.092723295,0.095024228,0.090562381,0.09502364,-0.090889335,0.034584895,-0.095024228,0.095016658,0.093155928,0.071732223,-0.041087117,0.095023319,0.095024228,0.085442446,-0.093883738,0.095024191,0.093977876,-0.064635642,-0.094847739,-0.094130047,-0.095024228,0.094712481,-0.094945848,0.028027227,-0.094580896,-0.094841033,-0.095024198,-0.065890476,-0.090988897,-0.094945878,0.088529289,-0.09126953,-0.095022619,-0.000820054,-0.095004693,0.095006935,0.055245101,-0.09460026,-0.094251946,0.095024183,-0.091546819,-0.094991222,-0.095023632,0.095009215,-0.094916366,-0.095024228,-0.095022857,-0.055447273,0.094975978,-0.09477289,-0.092403866,0.040123466,0.094331056,-0.093953021,-0.095024183,0.09501902,0.095001318,0.095019303,0.092126049,0.093346968,0.095022321,-0.094881281,-0.094701886,0.094955653,-0.094905064,-0.064220987,-0.095023863,-0.043123208,-0.07640408,-0.080253042,0.095024228,-0.092280619,-0.076438062,-0.095024228,-0.095024228,0.094967879,0.095024228,-0.095024228,-0.023787336,-0.095020279,-0.095024228,-0.095024027,0.095012277,-0.09476015,-0.095024221,0.095021397,-0.094183832,-0.095013641,-0.063687168,0.095024228,0.094775878,0.095024228,0.095022917,0.095024079,0.095024228,-0.083621077,0.093119852,0.095024228,-0.093381412,-0.092942268,-0.062243912,0.095023982,-0.028524455,-0.095024228,0.094253831,-0.095024042,0.095021948,-0.09466435,0.094282225,0.031497139,-0.094587035,-0.095023274,0.09490893,-0.095024228,0.093648069,0.095019422,0.095024124,0.044247665
florfenicol,AYIRNRDRBQJXIF-NXEZZACHSA-N,A4,-0.091024928,-0.091024928,-0.079499908,0.091024928,0.091024928,-0.08849217,-0.091024928,-0.091004319,0.091024928,0.091024928,-0.024271129,-0.080741256,0.091024928,0.091024928,0.091024555,-0.091024883,-0.091024928,-0.010925349,-0.091024928,0.091024928,-0.091024928,0.091024928,-0.091024928,0.089525156,-0.091024816,-0.086063214,-0.024116714,0.091021806,-0.091024883,0.091024928,0.091024928,0.077559806,0.091024928,-0.024816303,-0.091024928,-0.091024928,0.091024928,0.091007829,0.017828865,0.091024928,-0.091024913,0.091024928,-0.090622678,-0.091024928,0.091024928,-0.091024928,0.091024928,-0.091024928,0.090758316,-0.091024928,-0.091024928,-0.091024928,0.091024928,0.090658106,-0.091024928,0.091024928,-0.091024928,-0.091024928,0.063943066,-0.091024928,0.091024421,-0.091024928,-0.091019288,0.091024928,0.091024928,0.091024816,0.090381227,-0.091024928,-0.091024928,0.091024928,0.044589456,0.090999424,-0.091024928,0.091024928,-0.091024928,-0.091024928,-0.091024928,-0.091024928,0.091024928,-0.091024928,-0.091024928,0.090985119,0.091024928,0.091011636,0.091024928,0.091024928,0.09101674,0.091024928,0.091024928,-0.091024928,0.084279545,-0.091024928,0.091024928,-0.091024928,0.088468537,-0.091024928,0.091024928,-0.091024928,-0.091023199,-0.091024928,0.091024928,-0.091024928,0.090414539,-0.091024928,-0.090858273,0.091024928,-0.091024928,-0.091024928,-0.091024861,0.091024928,0.091024928,0.091024928,0.091024928,0.091024928,-0.091024928,-0.088970594,0.091024928,-0.091024928,-0.086826876,-0.091024928,0.090996571,0.091024928,0.09102454,0.091024928,0.091024928,0.091024928,-0.090963311,0.091024719
flucloxacillin,UIOFUWFRIANQPC-JKIFEVAISA-N,A4,-0.092051014,-0.001700788,0.092512548,-0.092516884,-0.092516884,-0.092515908,0.086264245,0.092516884,0.092484906,-0.092516884,-0.092516609,0.092516884,-0.09245491,0.085821666,-0.091371566,-0.090106025,0.09251108,-0.092515782,-0.086714797,-0.003344547,-0.092516884,0.089655973,-0.091185763,0.092421912,0.092516884,0.092477009,-0.091070153,-0.091609597,-0.092516884,-0.092508361,-0.088724956,-0.092516646,-0.09251681,-0.090684816,0.080945954,-0.067002267,0.092516758,0.089782551,-0.092417069,-0.092503019,-0.091444716,-0.092246599,0.041095357,0.092225209,0.092516884,0.092516847,0.08794497,0.092516884,0.092501856,-0.092516884,-0.092179671,0.089108028,0.092515282,-0.092516884,0.092516884,0.092516884,-0.092516884,-0.075006805,-0.092514351,-0.092516884,0.09128648,0.091921613,0.080228053,-0.069786914,0.092516884,-0.090270348,0.092446908,-0.022007704,-0.092476204,0.091970541,-0.092515811,-0.092516884,0.090454698,0.092516884,-0.091672435,0.092516884,0.092460386,0.092516832,0.092360593,0.092516884,0.069918104,-0.092346877,-0.092515081,-0.092516884,0.087092727,0.09080562,-0.092514664,-0.075208843,-0.066422179,-0.092504315,-0.092516884,0.089429028,-0.066762321,-0.029858438,-0.092516221,-0.09040565,0.092516392,-0.092516884,0.092516765,-0.087769784,0.09186624,0.092516884,-0.092033163,0.092516884,-0.092516884,-0.092513986,0.092516765,0.092516556,0.092516854,0.078088708,0.092516884,0.049220875,0.092504777,-0.091210842,0.092491895,0.084345937,-0.090420581,0.092516601,0.092514403,0.091380261,0.092479199,-0.086384244,-0.092516884,-0.09251634,-0.088172793,0.092516735,0.092516884,0.09251681
flumequine,DPSPPJIUMHPXMA-UHFFFAOYSA-N,A4,0.088533781,-0.088533781,-0.088533781,0.088533781,0.088533781,0.088533781,0.088533781,0.088533781,0.088533781,-0.088533781,-0.088533781,-0.088533781,-0.088533781,0.088533781,-0.088533781,-0.088533781,0.088533781,0.088533781,-0.088533781,-0.088533781,0.088533781,0.088533781,-0.088533781,-0.088533781,0.088533781,-0.088533781,-0.088533781,0.088533781,-0.088533781,0.088533781,0.088533781,0.088533781,0.088533781,-0.088533781,0.087457068,-0.088533781,0.088533781,-0.088533781,-0.088533781,0.088533781,-0.088533781,0.088533781,-0.088533781,-0.088533781,0.088533781,-0.088533781,0.088533781,-0.088533781,0.088533781,-0.088533781,-0.088533781,-0.088533781,0.088533781,0.088533781,-0.088533781,0.088533781,-0.088533781,-0.088533781,-0.088533781,0.085843191,-0.088533781,-0.072135694,-0.088533781,0.088533781,0.088533781,-0.088533781,-0.088533781,-0.088533781,0.088533781,0.088533781,-0.088533781,0.088533781,-0.088533781,0.088533781,0.088533781,-0.088533781,-0.088533781,-0.088533781,0.088533781,-0.088533781,-0.088533781,-0.088533781,0.088533781,0.088533781,0.088533781,0.088533781,-0.088533781,0.088533781,0.088533781,-0.088533781,-0.088533781,-0.088533781,0.088533781,-0.088533781,0.088533781,-0.088533781,0.088533781,-0.088533781,0.088533781,-0.088533781,-0.088533781,-0.088533781,-0.088533498,-0.088533781,0.088533781,0.088533781,-0.088533781,-0.088533781,-0.088533781,0.088533781,0.088533781,0.088533781,0.088533781,0.088533781,-0.088533781,-0.088533781,-0.088533781,-0.088533781,-0.088533781,0.088533781,0.088533781,0.088533781,-0.088533781,0.088533781,-0.088532925,0.088533781,0.088533781,-0.088533781
fosfomycin,YMDXZJFXQJVXBF-STHAYSLISA-N,A4,0.090693027,-0.090693027,0.065506965,0.090693027,-0.090692997,0.004455802,0.090690836,0.090291284,0.080847241,0.090693027,0.090693027,-0.090693027,-0.090693027,0.090326838,-0.090693027,0.090693027,-0.090693027,0.090693027,-0.090118468,0.057208195,-0.09069293,-0.090672612,0.090693027,-0.090693027,-0.090620682,-0.090684861,-0.090692662,-0.090693027,0.090693027,0.089005105,-0.090693027,0.090693027,0.090693027,-0.090680137,0.090692364,-0.090691589,-0.090693027,-0.090693027,-0.090693027,0.090693027,-0.058877349,0.090692692,0.090687297,0.052092735,0.090693027,0.090691693,0.090579055,-0.090693027,0.090690322,-0.090105973,0.090692893,-0.090693027,0.085467786,0.090692982,0.090693027,-0.08150892,-0.090693027,0.084407695,-0.090693027,-0.090692498,-0.090693027,0.090689458,-0.090693027,-0.090693027,-0.090693027,0.090693027,-0.090692699,-0.090693027,-0.09032809,0.085362144,0.090693027,-0.090685911,-0.0906929,-0.090688482,0.090693027,-0.090693027,-0.090693027,0.090693027,-0.083049059,0.090289421,-0.039273076,-0.090693027,0.090693027,-0.090693027,0.090222552,-0.047200706,-0.090693027,0.090491384,-0.090693027,-0.090693027,-0.090693027,-0.090693027,0.089310087,-0.0896286,-0.090693027,-0.090693027,0.090515032,-0.090693027,-0.090683125,0.090693027,-0.090693027,-0.090693019,-0.090693027,-0.090693027,0.090693027,-0.090693027,-0.090693027,-0.090693027,0.090693027,-0.090693027,-0.090693027,0.090693027,-0.066590391,-0.090693027,-0.090692997,-0.090693027,-0.090693027,0.090686612,-0.090693027,0.090693027,0.090693027,-0.090693027,-0.090693027,0.090693027,-0.090693027,0.090693027,0.090685196,-0.090693027
fosmidomycin,GJXWDTUCERCKIX-UHFFFAOYSA-N,A4,-0.09323477,-0.093309313,-0.09287487,0.093309283,-0.093309313,-0.091561183,0.093307525,0.093308233,-0.093309306,0.093309313,0.093309313,-0.093308501,-0.093309313,-0.093226962,0.013968114,0.093309313,-0.093308531,0.093309313,-0.077818096,0.0924685,-0.093309283,-0.093308404,0.093309313,-0.093309313,-0.093304254,-0.093235634,0.001929416,-0.092651784,0.093309313,-0.084708229,-0.093306676,0.093309313,0.093309313,-0.052338354,0.09330906,-0.093259037,-0.093309313,-0.093309313,-0.090251766,0.017770121,0.055614673,-0.093300395,0.093258582,-0.076315038,0.093309313,0.093278505,0.093305394,-0.093309313,0.093308918,0.093309313,0.093305312,-0.093308799,0.093242601,-0.089747459,0.091868155,-0.067781523,-0.093307838,-0.092605725,-0.093309313,-0.078753851,-0.093309194,0.090885751,-0.093309313,-0.093309313,-0.093309313,0.093308292,0.093009286,-0.093309171,0.093122303,-0.014478439,0.093309313,-0.087836668,-0.093308851,-0.093308061,0.092636667,-0.093309313,-0.093304917,0.093309313,0.008906263,0.093297258,0.092695594,-0.093309313,0.041686393,-0.093309313,0.093231998,-0.092493042,-0.011474553,0.087832756,-0.093309313,-0.093309313,0.09289521,-0.093309313,0.09306407,-0.093152784,-0.093308769,-0.093309313,0.092908196,-0.093309313,-0.093308665,0.093307942,-0.093309313,-0.093309313,-0.093309313,-0.093309313,0.093308359,-0.093309261,-0.093309313,-0.093309313,0.093309313,-0.093309313,-0.093309313,0.093301833,-0.003117324,-0.093309313,-0.05849443,-0.093309313,0.062779561,0.093309201,-0.093309313,0.093309313,0.093309313,0.091011412,-0.093309313,0.093309313,-0.093309246,0.092883721,-0.050814338,-0.093309313
framycetin,PGBHMTALBVVCIT-VCIWKGPPSA-N,A4,0.089416832,-0.089416832,-0.089391157,0.089416832,0.089416832,0.089416832,-0.089416832,-0.089416832,-0.089416832,0.089416832,0.089416832,-0.089416832,-0.089416832,0.089416832,-0.089416832,0.089416832,-0.089416832,0.089416832,-0.089416832,0.089416832,0.084173858,-0.089416832,0.089416832,-0.089416832,-0.089416832,-0.089416832,-0.089416832,0.089416832,0.089416832,-0.089416683,-0.089416832,0.089416832,0.089397565,-0.089416832,0.089416832,-0.089416832,-0.089416832,-0.089416832,-0.089416832,0.089416832,0.089416832,0.089416832,-0.088425487,0.089416832,-0.089416832,0.089416832,0.089416832,-0.089416832,0.084440321,0.089416832,-0.079795763,-0.089416832,-0.089410424,0.089416832,0.089416832,-0.089416832,-0.089416631,0.06085968,-0.088924259,-0.089416832,0.089409642,-0.089416131,-0.089416832,-0.089416832,-0.089416832,-0.089416832,0.089416832,-0.089416832,0.089416832,0.089416832,-0.071919583,-0.089416832,-0.089416832,0.040823448,-0.089416832,0.089416832,-0.089392766,0.089416832,0.089416832,0.089416832,0.089416832,0.071790338,0.089416832,-0.089416832,-0.089416832,-0.089416832,-0.089416832,0.089416832,0.089416832,0.089416832,-0.089416832,-0.089416832,0.089342281,-0.089100808,-0.089416832,0.089389808,-0.087124683,-0.089416832,0.089416832,0.089416832,-0.089416832,0.089416832,0.089416832,0.089416832,0.089416832,-0.089416832,-0.089416832,-0.089416832,0.089416832,-0.089416832,-0.089416832,0.089416832,-0.089416832,-0.089416832,-0.089416832,-0.089416832,0.089416832,-0.089416832,-0.089416832,-0.0893635,0.089416832,-0.089416832,0.089397408,-0.071044356,-0.089416832,0.089416832,0.089416832,-0.089416832
fusidic acid,IECPWNUMDGFDKC-MZJAQBGESA-N,A4,0.089319669,0.08931908,0.089316875,0.089319669,0.084768318,0.088949561,0.089318946,0.089319669,0.089319669,-0.08931262,-0.089319646,0.089319669,-0.089319669,0.089319669,-0.089319669,-0.089319669,-0.084282011,0.089319669,-0.089319669,-0.018357242,0.089312099,0.089319669,-0.089319669,0.088980898,0.089319669,0.089186735,-0.089319669,-0.089319669,-0.089319669,-0.089319669,-0.089319669,-0.089319669,0.089319669,-0.089319669,-0.089319669,0.08922866,0.089319669,-0.089319669,-0.089319669,-0.089319669,-0.089319669,0.089319669,0.089287497,-0.089319669,0.089319669,0.089297354,0.089319669,-0.089319669,0.089319669,-0.089319669,-0.076757893,0.089319669,0.089319669,0.089319669,0.089319669,-0.089319669,-0.089319669,-0.089319669,0.074341133,-0.089319669,-0.089319669,0.089319669,0.089319669,0.08930435,-0.089319669,0.089319669,-0.089319669,0.02985844,0.089319669,0.08931952,-0.089319669,0.089319669,0.089319669,-0.089319669,0.089319669,-0.089319669,-0.089319669,-0.089319669,-0.089319669,-0.089319669,-0.089319669,0.089319669,0.089319669,0.089318193,-0.089319669,0.089319669,-0.089319669,-0.089319669,0.089319669,-0.089319669,-0.089319669,-0.089319669,0.089319669,-0.089319669,-0.089318857,0.089319669,0.089319669,0.089319669,0.089319669,0.089319669,-0.089319669,0.089319669,-0.089319669,0.089319669,0.089319669,-0.089319669,-0.089319669,-0.089318186,0.089319669,0.089319669,-0.089319669,0.089319669,0.089319669,-0.089319669,-0.089319669,-0.089319669,-0.089319669,-0.089319542,-0.089319669,0.089319669,-0.089319669,-0.089319669,0.089319669,-0.089319669,0.089310221,0.089319669,0.088939391,-0.089319669
gamithromycin,VWAMTBXLZPEDQO-UZSBJOJWSA-N,A4,-0.092221536,0.092232436,0.092232347,-0.084832065,-0.092232436,0.092232436,0.078301616,-0.092232436,0.092232436,0.092232436,0.09115468,0.092232436,0.092232436,0.092232436,0.092232436,0.092232436,-0.092232436,0.092232436,-0.086018212,0.092232436,0.08947698,0.092232436,0.092232436,-0.092232436,-0.092232436,0.092232436,-0.089036502,-0.092230812,-0.09193629,-0.092232436,-0.092232436,0.092232436,0.092213161,-0.092049532,-0.090241037,0.092165351,-0.092232436,-0.091833681,0.024922885,0.018986225,-0.073747143,-0.092232436,-0.092217542,-0.092204519,-0.092232153,0.092232436,-0.007795506,-0.092232436,-0.092232436,0.092232436,0.092145577,0.09174744,-0.092232436,0.092232436,-0.092232436,-0.092232436,-0.092231907,-0.092232436,-0.092232153,-0.092232436,-0.092232436,0.092232436,0.092232436,0.092232436,-0.092232436,0.092232436,0.092232436,0.092232436,0.092232436,-0.092232436,0.092232436,-0.092232436,-0.092229277,0.062855601,-0.092232436,0.072455473,-0.092232436,0.09219002,-0.092232436,-0.092232436,0.092232436,0.048011899,-0.062131543,-0.092232436,-0.092232436,0.092232339,0.092232436,-0.092232436,-0.012612033,0.031233633,-0.092232436,-0.092232436,0.092221342,-0.092232436,-0.004866989,0.092232436,0.090173781,-0.092232436,-0.092232361,0.092232436,-0.091728114,0.092232436,-0.088019915,0.092232436,0.092232436,-0.092232093,0.092232294,0.092230752,-0.084123835,0.092231542,0.089255959,0.092232436,0.092232436,-0.092232436,-0.02598739,-0.092232436,0.092232436,-0.092067614,-0.092232436,0.092232436,-0.092228293,-0.089679375,0.092232436,-0.09219826,0.092050739,0.092232436,0.092232436,-0.092232436
gatifloxacin,XUBOMFCQGDBHNK-UHFFFAOYSA-N,A4,-0.01813863,-0.089779496,0.089779496,0.089779496,0.089779496,0.089779496,0.089779496,-0.089776136,0.089779496,-0.089779496,0.089765564,0.089779496,0.089764565,0.069711365,0.050045248,-0.089779496,0.089779496,0.089779496,-0.089773051,-0.089779496,0.089779496,0.089779496,-0.089779496,-0.089775324,0.089779496,-0.089779496,-0.087353721,0.087263666,-0.089728169,-0.089779496,-0.089779496,0.089779414,-0.089734703,-0.089779496,0.089779496,-0.089777328,-0.089779496,-0.089779496,0.089779496,-0.084672257,-0.089779496,0.089779496,0.089720249,-0.089779496,0.089779496,0.089779496,0.089779496,0.089779496,-0.089779496,-0.089779496,-0.089779496,0.089779496,-0.089778468,0.089779496,-0.089779422,-0.089779496,0.089779496,-0.089779496,-0.089779437,-0.089779496,-0.089779496,0.089779496,-0.089779496,0.089779496,0.089779496,0.076053433,0.089779496,-0.089779496,0.089779496,-0.089779496,-0.089779496,-0.085928753,0.089779496,-0.08974833,-0.089779496,0.089779496,0.089779496,0.089779496,0.089779496,-0.089779496,0.089779496,0.089779496,-0.089779496,0.089779496,0.089779496,0.089779496,-0.089779496,0.089779496,-0.089779325,0.089776717,-0.089779496,0.089779496,0.089779429,0.089666001,0.089779496,0.089779496,0.089779496,0.089736782,0.075777747,-0.089779496,-0.089779496,0.089779451,-0.089779481,0.089779496,0.089779496,0.089747734,0.089778878,-0.089044936,0.089119457,0.089779496,-0.089778483,-0.089779496,0.089779496,-0.089779496,-0.089779496,-0.089638054,0.089779496,0.014523043,0.089779496,0.089779496,0.089778282,-0.089779496,-0.089779496,-0.089779496,-0.089779496,-0.089779496,0.089779496,0.089779496
geldanamycin,QTQAWLPCGQOSGP-KSRBKZBZSA-N,A4,-0.099879712,0.104195647,-0.009856611,-0.040441323,-0.084440485,0.104085512,-0.066820391,-0.053432785,-0.090154275,0.09060885,-0.103890814,-0.084672764,-0.056005754,0.104289263,-0.070401087,0.091859214,-0.104313515,0.103622615,0.10432142,-0.101669192,0.103922978,0.097118862,0.103057064,0.102396101,0.091543317,0.086517945,0.104320668,-0.096566707,0.103444897,-0.052616443,-0.103331126,-0.070993774,-0.034302816,0.080556549,0.050663773,-0.10192325,-0.096209496,0.092862479,0.104075812,-0.097800881,-0.024618901,-0.104309671,-0.102311485,0.048184831,0.099844374,-0.096021734,0.104321435,-0.104303285,0.050769955,0.104022473,-0.07061927,-0.10431686,-0.104312897,-0.060585625,0.059250996,-0.100447245,-0.03071091,0.103878468,0.099795505,0.098612547,0.002720818,0.099859059,-0.104213536,-0.080268472,-0.104323111,0.082514927,0.097048767,0.100059219,-0.095486857,0.103241213,0.022581406,0.015686298,0.088212587,0.103450738,0.050706208,-0.103858717,-0.019965535,-0.099031374,-0.084987715,-0.077563353,0.025105134,-0.104055516,-0.104312472,-0.024260614,-0.061996829,0.103460006,0.104002394,-0.10431955,0.070172206,-0.103255503,-0.102797404,-0.003072876,0.104321681,-0.098203503,-0.104255095,-0.104275905,-0.104284868,-0.060178936,0.103456676,0.104086965,0.104240909,-0.056251843,0.103729427,0.104113333,0.104320988,0.02905895,0.07351242,0.104287393,0.098937973,-0.104314804,-0.07119453,0.095998563,-0.103233203,-0.10418845,0.088409021,-0.092094451,0.10286957,-0.097373016,0.103298441,-0.074394681,-0.103848204,-0.101543002,0.08979325,-0.104299396,-0.095074512,-0.010477141,-0.047921568,0.005266043
gemifloxacin,ZRCVYEYHRGVLOC-HYARGMPZSA-N,A4,-0.097630955,-0.097610541,-0.097737975,0.097272478,-0.091772661,0.097501256,0.097158968,0.096950792,0.091281883,0.08628881,0.046511728,0.01926264,0.0676452,0.083105661,0.084855728,0.091189109,0.097018294,-0.089733101,0.089425772,0.097739838,0.095659889,0.015074856,0.096636459,-0.09400773,0.096940696,-0.097734921,-0.068648078,-0.097702526,0.097740889,-0.097725712,-0.097730219,-0.061852068,0.054357953,0.059156973,0.097266361,-0.096109129,-0.097533345,-0.089602806,0.097479992,-0.096319877,0.09048181,0.097733594,0.08935646,0.097742759,0.09475074,-0.086132221,0.097742952,0.097213954,0.095718242,-0.035253339,-0.097133584,0.097735748,-0.09774296,0.09705434,-0.097737759,-0.095618613,0.097743176,0.092676647,0.097502679,0.036102325,0.08397983,0.097743176,-0.095367469,0.047168732,0.097673737,-0.097741589,0.097742625,-0.097543895,0.097743087,0.028104505,-0.037109289,0.09467037,0.096332945,0.073254578,-0.097723514,0.097739883,0.092090599,0.097743176,-0.078800172,-0.014949504,0.087389268,0.086829528,-0.092718363,-0.047928404,-0.097361706,0.057097197,-0.043746423,0.097649381,-0.057709351,0.096653827,-0.0975563,0.097742654,-0.097467043,-0.09697637,0.097743176,-0.09190695,0.096584886,-0.083729252,0.090426192,-0.095790178,-0.097346321,-0.091989055,0.09773273,0.095194228,-0.026302719,-0.091729537,-0.095815845,-0.070806749,-0.097344853,0.097644255,0.013687836,-0.090658531,0.097734116,-0.097743176,0.092328086,0.089349046,0.09711922,0.091908552,-0.097742595,0.067150995,0.095534377,-0.097740248,-0.097736634,0.095299549,-0.097689942,-0.097742796,0.071271025,0.097583309
gentamicin,CEAZRRDELHUEMR-UHFFFAOYSA-N,A4,0.089759149,-0.089759178,-0.089732997,0.089759178,0.089759178,0.0897578,-0.089759178,-0.089759178,-0.089759178,0.089759178,0.089759178,0.089735873,-0.089759178,0.089759178,-0.089759178,0.089759178,-0.089759178,0.089759178,0.081753351,0.089759178,-0.089758277,0.089759097,0.089759178,-0.089759178,-0.089759149,-0.062751919,-0.089759178,0.089759178,0.089759178,-0.089749627,-0.089759178,0.089728542,-0.04859047,-0.089759178,0.067882843,-0.089759178,-0.089759178,-0.089613415,-0.089759178,-0.080472834,0.089556329,0.089759178,-0.089759178,0.089759178,-0.089759178,0.089759178,0.089759178,-0.089759178,0.089015014,0.089759178,-0.089752831,-0.089759178,-0.089757353,0.089759029,0.089759178,-0.089755885,-0.089759178,0.08778023,0.064875305,-0.089759178,0.089561723,-0.089758679,-0.089759178,-0.089759178,-0.089759178,-0.089759141,0.089759178,-0.089752406,0.089758441,0.089759111,0.088987924,-0.089759178,-0.089759178,0.089759178,-0.089759178,0.089759178,-0.089538954,0.089759178,0.089759097,0.089759111,0.089759178,-0.089759097,0.089759178,-0.089759178,-0.089759178,-0.086968943,-0.078316949,0.089759178,0.089759178,0.089759178,-0.089759178,-0.089759178,0.089759178,-0.088946864,-0.089759178,0.051659998,-0.089759178,-0.089759178,0.089759178,0.089759178,-0.089759074,0.089759178,0.089681707,0.089759178,0.089759178,-0.089759178,-0.089759178,-0.089749776,0.089759178,-0.089759178,-0.089759178,0.089759178,-0.089759178,-0.089759178,-0.089759178,-0.089759178,0.089759178,-0.089759178,-0.089759178,-0.089758813,0.089759178,-0.089759178,-0.0748889,-0.089755729,-0.089759178,0.089759178,0.089759178,-0.089759178
gramicidin s,IUAYMJGZBVDSGL-XNNAEKOYSA-N,A4,-0.092156738,-0.092157096,-0.092157096,-0.092006996,0.092156999,0.092157096,0.092157096,-0.092157029,0.092157096,0.092157096,0.092157096,-0.092157096,0.032307655,0.092157096,0.092157096,0.09215688,0.092157096,0.092157096,-0.087811038,0.092157096,0.092157096,-0.092157096,0.092157096,-0.092157096,-0.092157096,-0.026167691,-0.011341747,-0.092157096,0.092157096,-0.092157096,-0.092157096,0.092105381,0.092157096,-0.09215536,0.092157096,0.053728104,-0.092157096,-0.092157096,0.092157096,0.092157096,-0.082325473,-0.092156813,-0.020279966,0.092157096,0.092155933,0.092157096,0.092157096,-0.092157096,0.092156604,0.092157096,0.092156999,0.092157096,-0.092157096,0.092157096,-0.092157096,-0.092157096,0.092157096,-0.092157096,-0.088990346,-0.092157096,-0.092157096,0.092157096,-0.092155874,0.092157096,-0.092149727,-0.092157096,0.092157096,-0.087168686,0.092156857,0.087887965,-0.027007654,-0.07294184,-0.092157096,-0.092157096,-0.092157096,0.092157096,-0.092157096,0.092157096,-0.092024937,-0.092137672,0.092157096,-0.092156664,-0.092101872,0.092157096,-0.092157096,0.025000909,0.092155822,0.092157096,-0.092151187,0.092157096,0.092157096,0.092157096,-0.092154078,0.091962405,0.092157096,-0.092157096,0.092157096,-0.091547191,0.092157096,0.092153519,-0.092157096,0.092157096,0.092157096,-0.092156999,0.092157096,-0.091841191,-0.092157096,-0.092157096,0.073069043,0.092157096,0.067552164,-0.092157066,0.017289791,-0.092157096,0.092156582,-0.092153482,0.092157096,0.092157096,-0.092157096,0.092156328,0.092157096,0.01053548,0.092157096,0.092157096,-0.092146419,-0.092156947,0.092157096,0.07870362
imipenem,ZSKVGTPCRGIANV-ZXFLCMHBSA-N,A4,-0.055438861,-0.000166115,0.096634708,0.098137639,0.089095339,0.116450101,-0.009070151,-0.066851623,-0.093643732,-0.013978307,0.056893639,-0.109249264,-0.114006206,0.116217479,-0.113254085,0.109488055,-0.098074652,0.109789714,-0.002892205,-0.105317242,0.024920283,-0.07583563,0.107311323,0.100982964,0.101103023,0.090491645,0.096786045,-0.116340473,0.112852171,-0.038926449,-0.116540134,-0.109342389,-0.019256899,0.113912851,0.052154835,-0.112254158,0.039245009,0.073193118,0.102671541,0.00996809,0.106018715,-0.108082823,-0.090434775,0.06144014,0.088978171,-0.064852402,0.078227289,-0.05564573,-0.112119026,0.047603901,0.084985927,-0.070597216,-0.113549851,0.061699845,0.112948589,-0.096667036,0.067000926,0.116457485,0.106565908,0.098207258,0.065064631,0.076200694,-0.082111552,-0.10298758,-0.113416389,0.109002836,-0.06938193,0.032230213,-0.098851383,0.07587786,0.093351103,0.019887324,0.07677117,0.090626068,-0.062785991,-0.07817553,-0.110898882,0.04440172,0.102036141,0.058348883,-0.103534423,-0.107753061,-0.094774432,0.097690433,-0.100630589,-0.111015126,0.013003402,-0.060998347,0.114665069,0.036907457,-0.115687139,-0.054726142,0.101178922,0.009247312,0.035872005,0.112328283,-0.115672924,-0.098113067,0.067874596,0.116809741,0.096750133,0.110955887,0.1024746,0.115710691,0.116715983,0.084771581,-0.041862577,0.105781429,0.109526768,-0.107769154,-0.047376309,-0.106578641,0.05503666,-0.116224244,-0.034612916,-0.111206181,0.111806057,-0.091003828,-0.059606306,0.044038456,-0.053485822,-0.114044197,0.115495101,-0.08627934,-0.051937994,-0.110564716,-0.02370519,0.060788307
isepamicin,UDIIBEDMEYAVNG-ZKFPOVNWSA-N,A4,0.089740358,-0.089740358,-0.089275539,0.089700006,0.089740358,0.089740358,-0.089740358,-0.089740276,-0.089740358,0.089740358,0.089740358,0.060189564,-0.089740358,0.089740358,-0.089740358,0.08971905,-0.089740358,0.089740358,-0.089740328,0.089740358,-0.089703649,0.089407809,0.089740358,-0.089740358,-0.089740358,0.089706719,-0.089740358,0.089740358,0.089740358,-0.089615405,-0.089740358,-0.015421099,-0.089740336,-0.089740358,-0.086390041,-0.089740358,-0.089740358,-0.088813022,-0.089740358,0.089734085,0.082054473,0.089740328,-0.089740358,0.089740358,-0.089740358,0.089740358,0.089740358,-0.089740358,-0.022251939,0.089740358,-0.089740358,-0.089740358,-0.087936521,0.089740358,0.089740358,-0.089740358,-0.089723624,-0.083021991,0.035126843,-0.089740358,0.089666098,-0.089739598,-0.089740358,-0.089740358,-0.089740358,-0.089740358,0.089740358,-0.087699093,0.089740358,0.089740358,-0.089704044,-0.089740358,-0.089740358,0.089740165,-0.089740358,0.089740358,-0.089700893,0.089739949,0.089740358,0.089740358,0.089740358,0.089586087,0.089740358,-0.089740358,-0.089740358,-0.089734852,0.089740358,0.089740358,0.089740358,0.089740358,-0.089740358,-0.089740358,0.089740358,-0.089740358,-0.089740328,0.089626387,-0.089735217,-0.089740358,0.089740358,0.089740358,-0.089702293,0.089740358,0.089740358,0.089740358,0.089740358,-0.089740358,-0.089740358,-0.089740358,0.089726493,-0.089740358,-0.089740358,0.089740358,-0.089740358,-0.089740358,-0.089740358,-0.089740358,0.089740358,-0.089740358,-0.089740358,-0.089740358,0.08973252,-0.089740358,0.089740261,-0.089726552,-0.089740358,0.089740358,0.089740358,-0.089740358
isoniazid,QRXWMOHMRWLFEY-UHFFFAOYSA-N,A4,0.088806354,-0.088806354,-0.088806354,0.088806354,0.088806354,0.088806354,0.088806354,-0.088806354,0.088806354,-0.088802293,0.088806354,-0.088806354,-0.088806354,0.088804193,-0.088806354,0.088806354,0.088806354,0.088806354,0.088806354,0.088805936,0.088806354,-0.088806354,0.088806354,-0.088806354,0.088806354,-0.088806354,-0.088806354,-0.088806354,0.088806354,0.088806354,0.039410077,0.088806354,0.088806354,-0.088806354,0.088806354,-0.088806354,0.088806354,-0.088806354,-0.088806354,-0.087901376,0.088806354,0.088806354,0.088806354,-0.088806354,0.088806354,-0.088806354,0.079315752,-0.088806354,0.088806354,-0.088806354,-0.088806354,0.088806354,0.088806354,0.088806354,0.088806354,0.088806354,0.083711207,0.088806354,-0.088806354,-0.088806354,-0.088798508,0.088806354,-0.088806354,-0.088806354,0.088793017,0.088806354,-0.088806354,-0.088806354,0.088806354,0.088806354,0.088806354,0.088806354,-0.08613272,-0.088806354,0.088806354,-0.088806354,-0.088806354,0.088806354,0.088806354,-0.088806354,-0.088806354,-0.088806354,0.088806354,-0.088806354,0.088806354,-0.088806354,-0.088806354,0.088806354,0.088806354,0.088806354,-0.088806354,-0.088806354,-0.088806354,-0.088806354,0.088806354,-0.088806354,0.088806354,-0.088806354,-0.088806272,0.088806354,-0.088806354,-0.088806354,-0.088580199,-0.088806354,0.088806354,0.088806354,-0.088806354,-0.088806354,0.088806354,0.088806354,-0.088806354,0.088806354,0.088806354,-0.088806354,-0.088806354,-0.088806354,-0.088806354,-0.088806354,-0.088806354,0.088806354,0.088806354,-0.088806354,-0.088806354,0.088806354,-0.088806354,-0.088806354,0.088806354,-0.088806354
kanamycin,SBUJHOSQTJFQJX-NOAMYHISSA-N,A4,0.089854524,-0.089854524,0.024144391,0.089854524,0.089854524,0.089854524,-0.089854524,-0.089854524,-0.089854524,0.089854524,0.089854524,-0.089854524,-0.089854524,0.089854524,-0.089854524,0.089854524,-0.089854524,0.089854524,-0.089854524,0.089854524,-0.089388557,-0.089854524,0.089854524,-0.089854524,-0.089854524,-0.07569354,-0.089854524,0.089854524,0.089854524,-0.089854524,-0.089854524,0.089854524,0.089854188,-0.089854524,0.089854375,-0.089854524,-0.089854524,-0.089854524,-0.089854524,0.089854524,0.089854524,0.089854501,-0.089854524,0.089854524,-0.089854524,0.089854524,0.089854524,-0.089854524,0.066684708,0.089854524,-0.089654386,-0.089854524,0.089049757,0.089854524,0.089854524,-0.089854524,-0.089841373,-0.089853056,-0.089854479,-0.089854524,0.087460637,-0.089853309,-0.089854524,-0.089854524,-0.089854524,-0.089854524,0.089854524,-0.089854524,0.089854524,0.089854524,0.073532946,-0.089854524,-0.089854524,0.089843325,-0.089854524,0.089854524,-0.089533173,0.089854524,0.089854524,0.089854524,0.089854524,0.089854263,0.089852624,-0.089854524,-0.089854524,-0.089854524,0.071392208,0.089854524,0.089854524,0.089854524,-0.089854524,-0.089854524,0.089838758,-0.089854524,-0.089854524,-0.083083645,0.034604345,-0.089854524,0.089854524,0.089854524,-0.089854524,0.089854524,0.089854524,0.089854524,0.089854524,-0.089854524,-0.089854524,-0.089854524,0.089854524,-0.089854524,-0.089854524,0.089854524,-0.089854524,-0.089854524,-0.089854524,-0.089854524,0.089854524,-0.089854524,-0.089854524,-0.089854524,0.089854524,-0.089854524,0.089817941,0.050364319,-0.089854524,0.089854524,0.089854524,-0.089854524
lasalocid,BBMULGJBVDDDNI-OWKLGTHSSA-N,A4,0.091280438,0.091535464,0.06731201,0.091792464,-0.054934874,0.091792464,0.091693044,-0.091792464,0.091784157,0.091792464,0.091786772,0.091792464,0.091438368,0.091792464,-0.091792464,0.088311225,-0.091792464,0.091792464,0.091749623,0.091792464,-0.091735587,0.091792464,0.091792464,-0.091780417,-0.091792464,0.091792464,-0.091792464,-0.091792464,-0.091699004,-0.091792464,-0.091792464,-0.084674701,-0.040921424,-0.091792434,0.057145581,0.06244152,-0.091792464,-0.091792464,-0.091792464,-0.091792464,-0.091770202,0.057989553,-0.091792464,-0.090336822,-0.091792464,0.091792464,0.091752268,-0.091792464,-0.091792464,0.072545208,0.089429863,-0.091790564,-0.091792464,0.091792464,-0.091791637,-0.091792464,-0.091792464,-0.091792464,0.091714449,-0.091791712,-0.091792464,0.091792464,0.091792464,0.087760702,-0.091792464,0.091792464,0.091787204,0.091792464,0.091792464,-0.091769025,0.091792464,-0.091792271,-0.091785088,-0.091761738,-0.050004374,0.091778524,-0.091792464,-0.082817137,-0.091792464,-0.091792248,0.091792464,0.022072535,0.091634452,-0.091792464,-0.091792464,0.091792464,0.091792464,-0.091792464,-0.091774538,-0.09171433,-0.091792464,-0.091792464,0.091792464,0.091633268,-0.06333223,0.091792464,-0.091773517,0.090942092,0.060828693,0.091792464,-0.07978002,0.091792464,0.091627158,0.091792464,0.091792464,-0.091792434,0.041902773,0.091792464,0.091334462,0.038720071,-0.091792464,0.091792464,0.091792464,-0.091792464,-0.091792464,-0.091792464,0.091792464,-0.091791898,-0.091792233,0.0917807,-0.091792464,-0.091792464,0.091792464,-0.091792464,0.089834526,0.091792464,0.091792464,-0.091792464
latamoxef,JWCSIUVGFCSJCK-CAVRMKNVSA-N,A4,-0.032948166,0.063831739,0.100888126,0.023754679,-0.040151972,-0.062939465,-0.100887559,0.100844629,0.000298952,0.08961346,-0.02963578,0.091171302,0.100782081,-0.090378411,-0.093761243,0.098565236,-0.100889198,-0.100816861,0.05393346,-0.100674681,0.100770339,-0.092134878,0.091592632,0.091994546,0.074557662,-0.095756732,0.100887485,-0.09978798,-0.088066898,0.096563391,0.100888655,0.100866385,-0.100888185,0.099943556,-0.100365803,-0.100844331,-0.07908237,0.100866765,0.061040625,0.085022211,0.067880131,-0.100876026,0.012442106,-0.050827175,0.097582296,-0.077843331,-0.060050353,0.099045634,0.038336266,0.100786477,-0.097862191,-0.100887723,-0.098678395,-0.100461587,-0.004177394,-0.100876622,-0.098764874,0.100139767,0.042966403,0.070485972,-0.091839671,-0.019673282,-0.098952793,-0.100889198,-0.10088893,0.098923646,-0.100870915,0.06935668,-0.078191087,0.100450478,-0.099492326,0.099143229,0.091884293,0.088488013,0.042029742,-0.099795409,0.099757828,0.081084065,-0.100873187,-0.100888841,-0.08601246,0.069659233,-0.100889154,-0.100883938,0.100871757,0.100600675,0.099888921,-0.100889198,0.098873638,-0.052482877,0.018409433,-0.062573642,0.098564371,-0.090727799,-0.100889198,-0.075309783,-0.100545116,-0.095683746,0.099972695,0.017797941,0.099519104,-0.09800002,-0.078245021,0.100838989,-0.094453983,-0.096900716,0.100884363,0.100887567,0.100834228,-0.100889198,-0.100887246,-0.100696482,-0.100889161,-0.099864498,0.020725451,-0.034724727,-0.0382246,0.088215426,0.100833356,0.084406547,-0.099694535,-0.093991645,-0.099093243,-0.100889161,0.100552261,-0.100838378,-0.100887403,0.100884534
lefamulin,KPVIXBKIJXZQJX-FCEONZPQSA-N,A4,0.097100407,0.096588641,-0.097519703,0.097729705,-0.076357625,0.00357472,0.085182257,-0.091890998,-0.073038168,-0.089979425,0.095633343,0.097729966,-0.065388352,0.09771695,-0.097729966,0.097718924,-0.081578888,0.097729921,0.097727977,0.078648522,-0.097729914,0.097729966,0.097729966,-0.097729899,0.067794874,0.096298419,0.05698457,-0.097729966,-0.097729653,-0.097729817,-0.097729966,-0.09718632,0.007408999,-0.044547163,-0.097711548,0.081616029,0.073285669,-0.005745605,-0.093331397,-0.097729966,-0.024602087,0.097725227,-0.097514451,0.097707473,-0.096049398,-0.086997747,0.097729161,-0.097729966,-0.063051082,-0.095992573,-0.093126416,-0.045219734,-0.097729661,0.097729482,-0.061274052,-0.097729966,-0.09761896,0.064257413,0.097703375,0.083040945,-0.02090914,0.097729966,0.083263732,-0.097729594,-0.097729966,0.097583607,0.097588941,0.091932416,0.091910794,-0.097596243,0.097717956,-0.070916519,0.097716257,0.097728975,0.09648928,-0.097706385,-0.097729862,-0.047643378,-0.097729757,-0.052856926,-0.054361679,0.007454122,-0.089179046,-0.097641304,-0.097729966,-0.097351879,0.095839791,-0.097729966,0.097687341,-0.067189127,-0.097729966,-0.097729966,0.097729966,-0.097347207,0.094345607,0.097729757,-0.097392254,0.019116484,0.084235139,0.097729936,0.097720444,0.097729966,-0.086225934,0.097729966,0.097729966,-0.097729802,0.09345755,0.097721636,0.097643867,-0.096332952,-0.095262624,0.097729936,0.097729966,-0.097729966,-0.054265074,-0.097729966,0.097729154,-0.09772791,-0.097729966,-0.070379987,-0.097723491,-0.097729966,0.012681691,-0.097729966,-0.097626261,-0.096829183,0.015935104,-0.097729966
levofloxacin,GSDSWSVVBLHKDQ-JTQLQIEISA-N,A4,0.08847335,-0.08847335,-0.08847335,0.08847335,0.08847335,0.08847335,0.08847335,0.08847335,0.08847335,-0.08847335,-0.08847335,-0.08847335,-0.08847335,0.08847335,-0.08847335,-0.08847335,0.08847335,0.08847335,-0.08847335,-0.08847335,0.08847335,0.08847335,-0.08847335,0.088473082,0.08847335,-0.08847335,-0.08847335,0.08847335,-0.08847335,0.08847335,0.08847335,0.08847335,0.08847335,-0.08847335,-0.08847335,0.088404819,0.08847335,-0.08847335,-0.08847335,0.08847335,-0.08847335,0.08847335,-0.08847335,-0.08847335,0.08847335,-0.08847335,0.08847335,-0.08847335,0.08847335,-0.08847335,-0.08847335,-0.08847335,0.08847335,0.08847335,-0.08847335,0.08847335,-0.08847335,-0.08847335,-0.08847335,-0.08847335,-0.08847335,0.088473275,-0.08847335,0.08847335,0.08847335,-0.08847335,-0.08847335,-0.08847335,0.088471375,0.08847335,-0.08847335,0.08847335,-0.08847335,0.08847335,0.08847335,-0.08847335,-0.08847335,-0.08847335,0.08847335,-0.08847335,-0.08847335,-0.08847335,0.08847335,0.08847335,0.08847335,0.08847335,-0.08847335,0.08847335,0.08847335,-0.08847335,-0.08847335,-0.08847335,0.08847335,-0.08847335,0.08847335,-0.08847335,0.08847335,-0.08847335,0.08847335,-0.08847335,-0.08847335,-0.08847335,0.076925576,-0.088464566,0.08847335,0.08847335,-0.08847335,-0.088472873,-0.08847335,0.08847335,0.08847335,0.08847335,0.08847335,0.08847335,-0.08847335,-0.08847335,-0.08847335,-0.08847335,0.08847335,0.08847335,-0.08847332,0.08847335,-0.08847335,0.08847335,-0.08847335,0.08847335,0.08847335,-0.08847335
lincomycin,OJMMVQQUTAEWLP-KIDUDLJLSA-N,A4,0.091427028,-0.038196247,0.091427028,0.03204475,0.091423392,0.091427028,-0.066749223,-0.091427028,0.091427028,0.091427028,0.091427028,0.070235372,-0.091427028,0.091427028,-0.091427028,0.090762116,-0.091427028,0.091427028,-0.091426022,0.091422431,0.091425724,-0.09135814,0.091427028,-0.091139756,-0.091427028,0.091427028,-0.091427028,0.091425188,0.091426931,-0.091214821,-0.091427028,0.091427028,0.080923185,-0.091427028,0.091426723,-0.091427028,-0.091427028,-0.091427028,-0.091426864,0.091426753,0.091408335,-0.091364481,-0.091427028,-0.039796025,-0.091427028,0.091427028,-0.091426656,-0.091427028,-0.091427028,0.091427028,0.091427028,-0.091427028,0.091422573,0.091427028,0.091427028,-0.091427028,-0.091427028,-0.081720561,-0.091427028,-0.091427028,-0.091427028,-0.061756596,0.088268995,-0.077618018,-0.091427028,0.091427028,0.091426961,-0.091426551,-0.090876505,-0.091427028,0.091427028,-0.091427028,-0.091426834,0.09141732,-0.091427028,0.091426067,-0.091427028,0.091427028,0.091427028,0.091427028,0.091427028,-0.091411538,0.090903893,-0.091427028,-0.091426998,0.088121064,0.091415748,0.091316283,-0.091423936,0.041324731,-0.091427028,-0.091427028,-0.055780031,0.062843949,-0.091427028,0.091427028,0.091426641,-0.091427028,-0.091417342,0.091427028,0.083377756,0.091427028,0.063323468,0.090118363,0.091427028,-0.091420032,-0.091405608,0.091416113,0.091427028,-0.091427028,-0.091427028,0.091427028,-0.091427028,-0.091427028,-0.091427028,-0.091427028,0.091425799,-0.091426782,-0.090913832,-0.069887936,0.091426976,-0.091407746,0.091427028,-0.088004798,0.072462596,0.091427028,0.091427028,-0.091427028
linezolid,TYZROVQLWOKYKF-ZDUSSCGKSA-N,A4,-0.089935884,0.086963251,-0.089935884,0.089935884,0.089935884,0.089935884,-0.089935884,-0.089480847,0.089935884,-0.08992739,-0.089935884,-0.089327417,-0.089935884,0.02687791,-0.089935884,-0.089935884,-0.085775726,0.089935884,-0.089935884,-0.088362321,0.089935884,0.089935526,-0.089935884,0.08993496,0.089935884,0.048841264,0.089908145,0.089935884,-0.089935884,0.089935884,0.089935884,0.089935884,0.089935884,-0.089935884,-0.089935884,-0.089665428,0.089935884,-0.089935884,-0.089751028,0.089935884,-0.089935884,0.089935884,-0.089935884,-0.089935884,0.089935884,-0.089935884,-0.089935884,-0.089935884,0.089935884,-0.089935884,-0.089935884,-0.089935884,0.089935884,-0.089935854,-0.089935884,0.089935884,-0.089935884,0.089574516,-0.089935884,0.089935549,-0.089935884,-0.089935884,-0.089935884,0.089935884,0.089935884,-0.089935884,-0.085937589,-0.089935884,-0.08853817,0.089935884,-0.089935884,0.089935884,-0.089935884,0.089935884,0.089935884,-0.089935884,-0.089935884,-0.089935884,-0.061237764,-0.089935884,-0.089935884,-0.089935884,0.089935884,0.089935884,0.089935884,0.089935884,-0.089935884,0.089935884,0.089935884,-0.089935884,-0.089935884,-0.089925341,0.089935884,-0.089935884,-0.089935884,-0.089935884,0.089935884,0.018587427,-0.089820258,-0.089935884,-0.089931682,-0.089935884,-0.063941777,0.086404331,0.089935884,0.089935884,-0.089935884,0.089935884,-0.089935884,0.089935884,0.089935884,0.089935884,0.089935884,0.089935884,-0.080100529,-0.089935884,0.089921378,-0.089934297,-0.08465118,0.089935884,-0.089636944,0.089935884,-0.089935884,0.089935884,0.089916423,-0.089732617,0.089935884,0.089930616
lomefloxacin,ZEKZLJVOYLTDKK-UHFFFAOYSA-N,A4,0.088997066,-0.088997066,0.088997066,0.088997066,0.088997066,0.088997066,0.088997066,-0.088997066,0.088997066,0.088997066,0.088997066,0.088997066,0.088997066,-0.088997066,0.088997066,-0.088997066,0.088997066,0.088997066,-0.088997066,0.088997066,0.088997066,-0.088997066,-0.088997066,-0.088997066,-0.088997066,0.088997066,0.088997066,0.088997066,0.088997066,-0.043441933,-0.088997066,-0.088997066,0.088997066,-0.088997066,0.088997066,0.088997066,-0.088997066,-0.088997066,0.088997066,0.088997066,-0.088997066,-0.088997066,-0.088997014,-0.088997066,0.088997066,0.088997066,0.088997066,-0.088997066,-0.088997066,-0.088997066,-0.088997066,0.088997066,-0.088997066,0.088997066,-0.088997066,-0.088997066,0.088997066,-0.088997066,0.088997066,-0.088997066,-0.088997066,0.088997066,-0.088997066,0.088997066,0.088997066,0.088997066,0.088997066,-0.08899679,0.088997066,-0.088997066,-0.088997066,-0.088997066,-0.088997066,-0.088997066,-0.012073617,0.088997066,0.088997066,0.088997066,-0.088997066,-0.088997066,0.088997066,-0.088997066,0.088997066,0.088997066,0.088997066,0.088997066,0.088997066,0.088997066,-0.088997066,0.088997066,0.088997066,0.088997066,0.088997066,0.088997066,0.088997066,0.088995419,0.088997066,-0.088997066,0.088997066,-0.088997066,-0.088997066,0.088997066,-0.088997066,-0.088997066,0.088997066,0.088997066,-0.088997066,0.088924944,0.088997066,0.088997066,0.088997066,-0.088997066,0.088997066,-0.088997066,-0.088997066,0.088997066,-0.088997066,-0.088997066,0.088997066,0.088997066,0.088997066,-0.088997066,0.088997066,0.088997066,-0.088997066,0.088997066,0.088997066,0.088997066
loracarbef,JAPHQRWPEGVNBT-UTUOFQBUSA-N,A4,-0.101416811,0.096424296,-0.052391786,0.10204988,0.014667412,0.047074199,0.037535034,-0.085412897,-0.055348203,-0.098633379,-0.107855514,-0.087701172,-0.111351453,0.111502148,-0.097764805,0.110883765,0.102595717,0.111262359,0.108646765,-0.091711938,0.107184388,0.065998361,0.107115068,-0.099926732,0.097860537,-0.109576836,0.107352756,-0.10978087,0.106506221,-0.097032435,-0.108473271,-0.074073561,0.097575724,0.100262292,0.023182642,-0.079085357,0.038011137,0.106443994,0.076829709,-0.109294146,0.108427644,0.09545482,-0.070545502,-0.047826409,0.006062001,-0.058119997,0.10529846,-0.10647177,0.00359705,-0.033026401,0.09318608,0.108786955,-0.110959962,-0.061866485,0.110815167,0.030979639,0.014380918,0.111482702,0.109820694,-0.021000147,0.084178038,0.091841131,-0.102375902,-0.105938986,-0.108375728,0.021246631,0.096109755,0.09750966,-0.084367059,0.071431935,0.042421144,0.053952783,0.102094501,0.110593386,0.064623214,-0.099625394,-0.074806094,-0.041682098,0.100471169,-0.049075231,-0.111299776,-0.097956456,0.097942218,-0.08760941,-0.107281372,-0.100082792,-0.100155212,0.074006006,0.111528441,0.036136784,-0.111495063,0.003786409,0.065861695,-0.107527629,0.101077706,-0.080169775,-0.109425023,0.08995498,-0.109170184,0.111426815,0.012920845,-0.004828552,0.108348556,0.104447111,0.101178735,0.090817712,0.094531715,0.108650289,0.105342261,-0.020811763,0.038362794,-0.103004158,0.090329282,-0.11070215,0.01575225,-0.111203633,0.108555384,-0.074168183,-0.10741996,0.103308268,0.015229501,-0.100973509,-0.014965283,-0.0036031,-0.105709471,-0.111073099,0.042169515,-0.10659799
marbofloxacin,BPFYOAJNDMUVBL-UHFFFAOYSA-N,A4,0.089734055,0.089734055,-0.08849819,0.089734055,0.089734055,0.089734055,0.0897232,-0.089734055,0.089734055,-0.089734055,-0.089734055,-0.089734055,-0.089734055,-0.089734055,-0.089734055,-0.089734055,-0.086750083,-0.089733936,0.089734055,-0.089397952,0.089734055,-0.089729771,-0.089734055,-0.089681581,0.089734055,-0.089733995,-0.089734055,0.089734055,-0.017236775,0.089734055,0.089734055,0.089734055,0.028922074,-0.089734055,-0.089734055,0.089661546,-0.089668944,-0.089734055,0.089734018,-0.08973372,-0.089734055,0.089686804,-0.089734055,-0.089734055,0.089734055,-0.089734055,0.089725345,0.089734055,-0.089651749,-0.089734055,-0.089734055,-0.089734055,-0.089725055,0.089734055,-0.089734055,0.089734055,0.089734055,0.089734055,-0.089734055,0.088345967,-0.088408209,0.089732513,-0.089734055,-0.089734055,0.089734055,-0.085366771,-0.089734055,0.089730956,0.089725129,0.089544274,0.089734055,0.089734055,-0.089734055,-0.089734055,0.089734055,-0.089734055,-0.089734055,0.089734055,0.089734055,-0.089734055,-0.089734055,-0.089734055,-0.087093569,0.089733839,0.089734055,0.089733578,-0.089734055,0.089734055,0.089734055,0.089734055,-0.089734055,0.089704163,-0.089734055,-0.089734055,0.089734055,-0.089734055,0.089734055,-0.089734055,0.088257954,-0.089734055,0.057430413,-0.089734055,0.089734055,-0.089625128,-0.089734055,0.089734055,-0.089196689,-0.089734055,-0.089734055,0.089734055,-0.089733668,0.089733705,0.089734055,0.089734055,-0.089734055,0.089734055,0.086440764,-0.089734055,-0.089733846,0.066386737,-0.089734055,-0.089734055,-0.089734055,0.089734055,-0.089734055,-0.089734055,0.089734055,-0.065775946
mecillinam,BWWVAEOLVKTZFQ-NTZNESFSSA-N,A4,0.09799774,0.097587571,0.072186887,-0.095709607,-0.09789557,-0.09771388,-0.097934008,0.096234635,-0.002813217,-0.094225675,-0.09767504,0.092725329,-0.098062783,0.098056339,-0.098059446,-0.098019607,0.095362902,0.08312466,0.095478803,0.092929654,0.098062381,-0.097028911,-0.09801247,0.098057099,0.02578746,-0.097698264,-0.097442038,-0.083023109,-0.098056965,-0.094965734,-0.065126829,-0.098061822,0.076851957,0.098038852,-0.097996764,0.083208859,0.014478599,0.053504877,-0.095850728,0.017297501,0.097817965,-0.059673976,-0.079864673,-0.090032935,-0.050715454,0.097697414,0.088516749,0.098056793,0.095527634,-0.098058417,0.098059602,0.098059379,-0.03476302,-0.095989466,0.098062724,-0.097479858,0.086104915,-0.094784155,-0.082920209,-0.096430816,0.098059252,-0.086011969,0.098058604,0.075505123,-0.085580245,-0.096335016,0.075215943,0.098062746,-0.097470313,0.095456004,0.086247705,0.085078023,0.098060794,0.067674175,0.098033704,-0.097994179,0.071825258,-0.097596407,-0.069523342,0.097558007,-0.0430618,0.097010225,-0.097992711,0.079154752,-0.094334878,-0.09797059,-0.091253899,-0.098026052,0.095544726,-0.097967088,-0.09804377,-0.086160518,0.095860124,0.093675479,-0.098058976,-0.095468141,0.092761762,0.096588753,0.011388231,0.098062783,-0.097996652,0.097619615,0.020527342,0.098062783,0.066992305,-0.09803912,0.098014452,0.095053963,0.077223025,0.043220691,0.097952329,-0.090200841,0.098062783,-0.053146966,0.096079499,-0.098039843,-0.070945926,0.095198728,0.003068143,0.09805765,-0.098007448,-0.096269384,-0.091759667,-0.097372875,0.075570464,0.066578828,0.097799614,-0.086384311
menthol,NOOLISFMXDJSKH-UHFFFAOYSA-N,A4,0.08875747,-0.08875747,0.082482263,0.08875747,0.08875747,0.08875747,0.08875747,0.050035488,0.08875747,0.08875747,0.08875747,-0.08875747,-0.08875747,0.08875747,0.08875747,-0.08875747,0.086304553,0.08875747,-0.08875747,-0.088754013,0.08875747,0.08875747,-0.08875747,-0.08875747,-0.08875747,-0.080279179,-0.08875747,0.08875747,-0.08875747,0.08875747,-0.08875747,0.08875747,0.08875747,-0.08875747,-0.08875747,0.08875747,0.08875747,-0.08875747,-0.08875747,0.08875747,-0.08875747,0.08875747,0.08875747,-0.08875747,0.08875747,-0.08875747,-0.08875747,-0.08875747,-0.08857093,-0.08875747,-0.08875747,0.08875747,0.08875747,0.08875747,-0.08875747,-0.08875747,-0.088618718,-0.08875747,-0.08875747,-0.08875747,-0.08875747,0.08875747,-0.08875747,0.08875747,-0.08875747,0.08875747,-0.08875747,-0.08875747,0.08875747,0.08875747,-0.08875747,0.08875747,-0.08875747,-0.08875747,0.08875747,-0.08875747,-0.08875747,-0.08875747,-0.08875747,-0.08875747,0.08875747,-0.08875747,0.08875747,0.08875747,0.08875747,0.08875747,0.08875747,0.08875747,0.08875747,-0.08875747,-0.08875747,-0.08875747,0.08875747,-0.08875747,0.08875747,-0.08875747,0.08875747,-0.08875747,0.08875747,0.08875747,-0.08875747,-0.08875747,-0.08875747,-0.08875747,0.08875747,0.08875747,-0.08875747,-0.08875747,-0.08875747,0.08875747,0.08875747,0.08875747,0.08875747,0.08875747,-0.08875747,-0.08875747,-0.08875747,-0.08875747,-0.08875747,0.08875747,0.08875747,0.08875747,0.08875747,0.08875747,0.08875747,0.08875747,0.08875747,-0.08875747
meropenem,DMJNNHOOLUXYBV-PQTSNVLCSA-N,A4,0.046218041,0.110951163,0.09745127,0.039618418,0.107085764,0.112427481,-0.004191195,-0.105228446,-0.103844389,-0.105293989,-0.028793592,-0.083841883,-0.107484639,0.113541357,-0.111205921,0.024642842,-0.046895463,0.113654062,0.108229764,-0.007152134,0.113481075,0.0467369,-0.065801695,-0.059902672,0.027837038,-0.013159435,0.013847996,-0.112064652,0.045096193,-0.102346435,-0.111654207,-0.079534471,0.108819067,0.103943892,-0.087730967,-0.053663373,-0.050764881,-0.098272584,0.108663864,-0.099166334,0.110656641,-0.079470091,-0.103933774,-0.103836186,0.073910616,-0.081942245,0.109141059,-0.06760294,-0.107139759,-0.113487966,0.10543409,0.099503092,-0.113629013,0.096243478,0.113253698,-0.113635175,0.107983597,0.11261268,0.110954918,-0.085939437,-0.05453252,0.110050105,0.021883335,-0.112200618,-0.077799499,0.082700782,-0.037812412,0.113087587,-0.013424482,-0.042393703,0.074277721,0.112486206,0.11311388,-0.033460237,0.092939608,-0.09302716,0.07916563,0.098477304,0.003151925,-0.031061476,0.015855322,0.109405361,-0.111952692,0.096839331,-0.10279388,-0.10700649,-0.051391125,-0.112254649,0.110592686,-0.050560851,-0.113617852,0.069418654,0.108534038,0.046473794,0.051372573,0.052110024,-0.064096928,0.082400523,-0.02390771,0.113693953,-0.096707165,0.113207415,0.10904593,0.113602564,0.113653176,-0.10366077,0.067119576,-0.087126248,0.002619859,-0.001166965,-0.003058351,-0.10418053,0.113279387,-0.112271547,-0.079721048,-0.110509917,0.073744051,0.026967885,-0.110500827,0.108828589,-0.113284193,-0.113556191,0.081979282,-0.112922229,-0.085717089,-0.056336783,0.086008742,-0.044251382
methenamine,VKYKSIONXSXAKP-UHFFFAOYSA-N,A4,0.089274362,-0.089274362,-0.089274362,0.089274362,0.089274362,0.089274362,0.089274362,0.089274362,0.089274362,-0.089274362,0.089274362,-0.089274362,-0.089274362,0.089274362,-0.089274362,-0.089274362,-0.089274362,0.089274362,-0.089274362,-0.089274362,0.089274362,-0.089274362,-0.089274362,-0.089274362,0.089274362,-0.084748745,-0.089274362,0.089274362,-0.089274362,0.089274362,0.089274362,0.089274362,0.089274362,-0.089274362,-0.089274362,-0.089274362,0.089274362,-0.089274362,-0.089274362,-0.08920674,-0.089274362,0.089274362,-0.089274362,-0.089274362,0.089274362,-0.089274362,-0.089274362,-0.089274362,0.089274362,-0.089274362,-0.089274362,-0.089274362,0.089274362,0.089274362,0.089274362,-0.089274362,0.089274362,0.089274362,-0.089274362,-0.089274362,-0.089274362,-0.055354703,-0.089274362,-0.089274362,-0.089274362,0.089271337,-0.089274362,-0.089274362,0.089274362,0.089274362,-0.089274362,0.089274362,-0.089274362,-0.089274362,0.089274362,-0.089274362,-0.089274362,-0.089274362,0.089274362,-0.089274362,-0.089274362,-0.089274362,0.089274362,0.089274362,0.089274362,0.089274362,0.061175324,-0.089274362,0.089274362,-0.089274362,-0.089274362,-0.089274362,0.089274362,-0.089274362,0.089274362,-0.089274362,0.089274362,-0.089274362,0.089274362,0.089274362,-0.089274362,-0.089274362,-0.089274362,-0.089274362,0.089274362,-0.059483681,-0.089274362,-0.089274362,0.089274362,0.089274362,-0.089274362,0.089274362,0.089274362,0.089274362,0.085963532,-0.089274362,-0.089274362,-0.088712238,-0.089274362,0.089274362,-0.053540818,-0.089274362,-0.089274362,0.089274362,0.089274362,0.089274071,-0.089274317,-0.089274362
methicillin,RJQXTJLFIWVMTO-TYNCELHUSA-N,A4,0.099341914,0.087754965,0.072525911,-0.100993976,-0.101070479,-0.100762121,-0.098970503,0.100454226,0.083487056,-0.084609769,-0.099050105,0.099343255,-0.101313107,0.101278402,-0.100891039,-0.094343752,0.088345915,0.077698529,0.097328871,0.099632137,0.101263456,-0.100560956,-0.0933057,0.101309076,0.00874442,-0.099717312,-0.099199519,-0.099253543,-0.101252414,-0.100748047,-0.05178323,-0.101301067,0.065794222,0.101154566,-0.099018835,0.074902795,-0.025086677,0.093003154,-0.09651728,-0.066925272,0.098819144,-0.092515938,-0.053586669,-0.097242266,-0.050710723,0.101282939,0.053859584,0.101304904,0.09264943,-0.101016939,0.100886203,0.101309747,0.043963548,-0.100691065,0.101313084,-0.09135963,-0.00181507,-0.099918604,-0.060622964,-0.09911529,0.101310648,-0.097096048,0.101293005,0.080338731,0.073714577,-0.05899876,0.055538557,0.101313092,-0.100059316,0.101192407,0.094916858,0.056950737,0.101295985,0.069283821,0.101203591,-0.0993772,0.000571779,-0.100461937,0.051129743,0.100822449,-0.010569046,0.06098358,-0.098818772,-0.03034067,-0.098101407,-0.100992732,-0.089971371,-0.095526151,0.100101762,-0.100925818,-0.100469016,-0.09868487,0.092962772,0.098815016,-0.10127674,-0.062808737,0.091277622,0.089993998,-0.013366472,0.101313189,-0.100967541,0.10075549,0.012256794,0.101311974,-0.084448069,-0.100504607,0.101287469,0.100520588,0.092982799,0.008708029,0.101257317,-0.060313873,0.101313002,-0.085761093,0.100503832,-0.101142004,-0.068841755,0.085631609,0.093999781,0.101311311,-0.094795145,-0.09131182,-0.080891281,-0.096112169,0.060696252,0.068066664,0.10034816,-0.051843051
metronidazole,VAOCPAMSLUNLGC-UHFFFAOYSA-N,A4,0.088910788,-0.088910788,-0.088910788,0.088910788,0.088910788,0.088544726,0.088910788,0.088910788,0.088910788,0.088683762,0.088910788,-0.088910788,-0.088910788,-0.088910788,-0.088910788,-0.088910788,-0.088910788,0.088910788,-0.088910788,-0.088611603,-0.088910788,0.088804699,-0.088910788,-0.088910788,0.088910788,0.088910788,-0.088910788,0.088909715,-0.088910788,-0.088910788,-0.088910267,0.088910788,0.088910788,-0.088910788,0.088910788,0.088250756,0.088910788,0.088910639,-0.088910788,-0.088910788,-0.088910788,0.088910788,0.088579729,0.088910788,0.088910788,-0.088910788,-0.088910788,-0.088910788,0.088745028,0.088907219,-0.088910788,0.088910788,0.088910788,0.088910788,-0.087738171,-0.088910788,0.088910788,-0.088910788,0.088910788,0.088910788,0.088910788,-0.087591954,-0.088870086,-0.088910788,-0.088910788,0.088910788,-0.088910788,-0.088910788,0.088910788,0.074852638,-0.067340359,0.088910259,-0.088605441,0.087639533,0.088910788,-0.088910788,-0.088910744,-0.088910788,0.088910788,0.088910788,-0.088910788,-0.088910788,0.088910788,-0.088910788,0.088910788,0.088910364,0.088910788,0.088910788,0.088352062,0.088910684,0.088910788,-0.088910788,-0.088910788,-0.088910788,0.088910788,0.088910788,0.088910788,-0.088910788,0.088910788,0.085667938,-0.088910788,-0.088910788,-0.088910788,-0.088910788,0.088910788,-0.088910788,-0.088910788,-0.088910788,0.088910788,-0.088910788,-0.088910788,0.088910788,0.088910788,0.088910788,-0.064931154,-0.088910788,-0.088910788,0.088810615,-0.088910788,0.088910788,0.088910788,-0.088910788,-0.088910788,0.088910788,0.088910788,0.084868349,-0.088910788,0.088910788
mezlocillin,YPBATNHYBCGSSN-VWPFQQQWSA-N,A4,-0.017769817,0.107935742,0.06478484,-0.10906627,-0.105376668,-0.108134918,-0.047595929,-0.079361722,-0.10080222,-0.107201912,-0.089749105,-0.040860336,0.073130831,-0.001698999,0.017827569,0.108198486,0.079880685,-0.062708467,-0.044728246,-0.106677085,-0.105491832,0.107807063,-0.092830077,0.058891118,0.094837219,0.09528926,0.083059505,-0.089411505,0.07451655,-0.052786939,-0.059354145,-0.109547995,-0.108146168,0.109050408,0.084390596,-0.064474449,-0.097988643,0.108557411,0.082844056,0.107032992,0.109474935,0.093257919,0.088641778,0.109508738,0.023021175,0.107992657,-0.109486714,0.10670983,0.10784211,-0.109431051,0.10661871,0.105534174,-0.026109042,-0.107641697,0.109471209,0.070544489,-0.089743458,0.109573811,0.045838226,-0.109595872,-0.088879369,-0.109471239,-0.107234627,0.0395201,-0.104839101,-0.028807903,-0.078747258,0.107942991,-0.056649368,0.078602448,-0.109326757,-0.101416409,0.014746114,0.109452188,0.0106603,0.108392708,-0.019737758,-0.029023275,-0.071683496,0.043828055,-0.107622065,0.094313405,-0.096675076,-0.108745947,0.101323612,-0.108867146,0.090763539,-0.109580405,0.108837798,0.014500762,-0.109573796,0.073881157,-0.09765064,0.097363509,-0.109576836,0.081651099,-0.096686922,0.072625898,0.109471358,0.074507117,-0.033001598,0.050678916,0.102599815,0.106281795,0.076030381,0.105209172,-0.065492272,-0.101109214,0.100537069,0.016979283,0.087658435,-0.109590843,-0.103417128,0.069018796,-0.011409596,0.108027391,-0.08249785,0.105599545,0.054503057,0.045036383,-0.088396586,0.093988016,-0.014210641,-0.109502763,0.107439823,0.108848527,-0.093831658,0.090136983
miconazole,BYBLEWFAAKGYCD-UHFFFAOYSA-N,A4,0.089200251,-0.089200251,0.088490792,0.089200251,0.089200251,0.089200251,0.089200251,0.089200251,0.089200251,0.089200154,0.089200251,-0.089200251,-0.089200251,0.089200251,-0.089200251,-0.089200251,-0.089200251,0.089200251,-0.089200251,-0.089200251,0.089200251,0.089200251,-0.089200251,0.089200251,0.089200251,0.089200251,-0.089200251,0.089200251,-0.089200251,0.089200251,0.089200251,0.089200251,0.089200251,-0.089200251,0.089200251,-0.089200251,0.089200251,-0.089200251,-0.089200251,0.089200251,-0.089200251,0.089200251,0.007818086,-0.089200251,0.089200251,-0.089200251,-0.012457133,-0.089200251,0.089200251,-0.089200251,-0.089200251,-0.089200251,0.089200251,0.089200251,-0.089200251,0.089200251,-0.089200251,-0.089200251,-0.089200251,0.089200251,-0.089200251,-0.089200251,-0.089200251,0.089200251,0.089200251,-0.089200251,-0.089200251,-0.089200251,0.089200214,0.089200251,-0.089200251,0.089200251,-0.089200251,-0.089200251,0.089200251,-0.089200251,-0.089200251,-0.089200251,0.089200251,-0.089200251,-0.089200251,-0.089200251,0.089200251,0.089200251,0.089200251,0.089200251,-0.089200251,0.089200251,0.089200251,-0.089200251,-0.089200251,-0.089200251,0.089200251,-0.089200251,-0.089200251,-0.089200251,0.089200251,-0.089200251,0.089200251,-0.089200251,0.089200251,-0.089200251,0.089199573,-0.089200251,0.089200251,0.089200251,-0.089200251,0.089200251,0.084882766,0.089200251,0.089200251,0.089200251,0.089200251,0.089200251,0.089200251,-0.089200251,0.089200251,-0.089200251,0.089200251,0.089200251,0.089200251,0.089200251,0.089200251,0.089200251,0.089200251,-0.089200251,-0.077947579,0.089200251
midecamycin,DMUAPQTXSSNEDD-QALJCMCCSA-N,A4,-0.085584812,0.089875199,0.089875199,-0.088568158,-0.089875199,0.089875199,0.08088243,-0.089875109,-0.089873813,0.089875199,-0.085524783,0.089875199,0.089875199,0.089875199,0.089875199,-0.065644637,-0.089871548,0.089875199,-0.089875199,0.08925423,0.089875199,0.089194193,-0.089875199,-0.089875199,-0.089875199,0.089875199,-0.089860298,-0.089165621,-0.089875109,-0.089875199,-0.089875199,-0.089875199,0.089875199,0.089875199,-0.089875199,0.089875199,0.089873478,-0.089875199,0.082218431,0.089875199,0.089842401,-0.089875199,0.089875199,-0.089875199,-0.089875154,0.089875199,-0.089875109,-0.089867644,-0.089875199,-0.089875199,0.089875199,0.089875169,-0.089875199,0.089875169,-0.089875199,-0.089875199,0.089875199,-0.089875199,0.066285536,-0.089875199,-0.089875199,0.089875199,0.089875199,0.089875199,-0.089875199,0.089875199,0.089875199,0.089875199,0.089875199,-0.089875199,-0.089875035,0.089875199,0.089840963,-0.089875199,0.089875199,-0.089875199,-0.014243417,0.089855075,-0.089875199,-0.089875199,0.089875199,-0.010179134,-0.089875199,-0.089641064,-0.089875199,0.089875199,0.089875199,-0.089875199,0.089873351,-0.089875199,-0.089706764,-0.089875057,0.089875199,-0.089875199,0.086829662,-0.089685358,0.089875199,0.068798669,-0.089871451,0.089875199,-0.089875199,0.089875199,-0.089875199,0.089875199,0.089875199,-0.089874543,0.089854926,-0.089874759,0.089874811,0.089875199,-0.085774936,-0.089875109,0.089875199,-0.089875199,0.088805899,0.089875199,-0.089875199,0.089660607,-0.089875199,0.089875199,-0.089875199,-0.089875199,-0.089199729,-0.089873053,0.089875199,0.089875199,0.089874633,-0.086604416
midecamycin acetate,GQNZGCARKRHPOH-RQIKCTSVSA-N,A4,0.034610603,0.08999531,0.08999531,-0.089984857,-0.08999531,0.08999531,0.088186882,-0.089993037,-0.08999531,0.08999531,-0.089344181,0.08999531,0.08999531,0.08999531,0.08999531,-0.087504499,-0.089990579,0.08999531,-0.08999531,0.010492866,0.08999531,0.089815103,-0.08999531,-0.08999531,-0.08999531,0.08999531,-0.089413211,-0.089520425,-0.08999531,-0.08999531,-0.089994624,-0.08999531,0.08999531,0.08999531,-0.08999531,0.08999531,0.08999531,-0.08999531,-0.01476225,0.08999531,0.08994025,-0.08999531,0.08999531,-0.08999531,-0.08999531,0.08999531,-0.08999531,-0.089994885,-0.08999531,-0.08999531,0.08999531,0.089995213,-0.08999531,0.089994214,-0.08999531,-0.08999531,0.08999531,-0.08999531,0.084441319,-0.08999531,-0.089995265,0.08999531,0.08999531,0.08999531,-0.08999531,0.08999531,0.08999531,0.08999531,0.08999531,-0.08999531,-0.08999531,0.08999531,0.089965977,-0.08999531,0.08999531,-0.08999531,0.089540064,0.082822844,-0.08999531,-0.08999531,0.08999531,-0.087168761,-0.08999531,-0.089960404,-0.08999531,0.08999531,0.08999531,-0.08999531,0.089995243,-0.08999531,-0.087508596,-0.08999528,0.08999531,-0.08999531,0.018091723,-0.08999522,0.08999531,0.086968116,-0.089853227,0.08999531,-0.08999531,0.08999531,-0.08999531,0.08999531,0.08999531,-0.089995235,0.089662462,-0.08999531,0.089995146,0.08999531,-0.083795205,-0.089994937,0.08999531,-0.08999531,0.089975335,0.08999531,-0.08999531,0.089630306,-0.08999531,0.08999531,-0.08999531,-0.08999531,-0.089968577,-0.089962929,0.08999531,0.08999531,0.089953586,-0.089984484
minocycline,WTJXVDPDEQKTCV-VQAITOIOSA-N,A4,0.048933189,0.094170481,-0.090331621,-0.091997415,0.064358592,0.095183983,-0.095183916,-0.095183633,-0.09517704,0.095183447,-0.087602295,0.095183983,-0.004330066,0.095183894,-0.095183745,-0.017714974,-0.095183983,0.094990283,0.075113133,0.087298296,-0.090063177,0.095183849,0.095183983,0.090053864,-0.017928382,0.095183983,0.092836641,0.095139123,-0.095183946,-0.094732232,-0.095183983,-0.003224219,-0.095183983,-0.095179677,-0.095183983,-0.09510228,-0.094920479,0.094508559,0.086476713,-0.09518303,-0.018463893,-0.095156804,-0.095183983,0.095159844,-0.095141619,-0.095183946,0.095183983,-0.095183983,-0.095090434,0.095183983,-0.065057576,-0.095183983,0.015471837,0.095182985,-0.095158868,-0.094876893,-0.094440162,-0.052800309,0.09518382,0.090910673,0.069971398,0.070260696,-0.095153019,-0.095170081,-0.095183983,-0.094856665,0.095183931,0.012131826,0.090353817,0.094464049,0.093962453,-0.095181927,-0.087505065,0.095183983,-0.095183983,0.095174573,-0.095148571,-0.095176972,-0.076450117,0.095105968,0.095183983,-0.095173545,-0.041434996,-0.095183983,-0.095131457,0.095183887,0.095183983,-0.095183983,0.080592126,0.09086325,-0.095183983,-0.095183939,0.095183618,-0.09394449,-0.095181674,-0.080366708,-0.093386799,-0.088556983,0.085066296,0.095125243,0.095183983,0.095183574,0.095127389,0.095183983,0.095183983,-0.070877343,-0.054250643,0.095183983,-0.084947266,-0.093622744,0.08526995,0.095183983,-0.095178753,-0.095183983,0.044491407,-0.095183983,0.095183983,-0.095183983,-0.002933828,-0.095183954,-0.093547441,-0.095183983,0.095183983,-0.095181733,-0.095183954,0.095182501,0.095183894,-0.095182739
mitomycin c,NWIBSHFKIJFRCO-WUDYKRTCSA-N,A4,-0.069490962,-0.061867371,-0.096318498,0.088393405,-0.019556373,0.091719694,-0.079842232,-0.077496678,-0.096995823,0.033554673,-0.085175291,0.095557608,-0.060741883,0.096777111,-0.097021207,0.096804976,-0.094232731,0.095058814,0.0970392,0.03092909,-0.076054774,0.096508652,0.097044289,-0.083991393,0.088751473,-0.026881007,0.09599781,-0.091343462,0.010116477,-0.07632751,-0.097045653,-0.096696481,-0.094867639,0.086234093,-0.096565053,-0.094501756,0.095660493,0.096893005,0.094706424,-0.09704344,0.092069343,0.05830916,-0.097000852,0.096360907,-0.077755772,-0.096983224,0.097045653,-0.097044945,0.096468702,0.09572947,-0.051316112,-0.096776046,-0.095578998,0.076565839,-0.089005537,-0.092755422,-0.023508454,0.09598615,0.097044148,0.096740879,0.095952891,0.097002365,-0.097040206,-0.097001173,-0.097045653,-0.096824601,0.097010434,0.096379094,0.070821963,0.09393505,0.093383916,0.061024588,0.092601255,0.097045548,-0.088232927,-0.082514711,-0.07910154,-0.095912874,-0.09627448,-0.094801463,-0.095918484,-0.096984789,-0.091432251,-0.090718478,-0.096819445,-0.008846539,0.096985385,-0.09393166,0.097013384,0.08231654,-0.097045653,-0.091233775,0.097008608,-0.09635447,0.086154655,-0.096667804,-0.096607186,0.041957602,0.093317367,0.095748186,0.096974701,0.09158913,0.091833279,0.097045623,0.097045615,-0.057381269,0.054156478,0.09687563,0.093185015,-0.088991351,0.085761994,0.089833751,0.095116265,-0.097029157,0.062764704,-0.096704707,0.097044311,-0.097039409,-0.096970394,-0.096918404,-0.096005186,-0.096916869,0.068858586,-0.096156731,-0.096995719,-0.097028904,-0.070206136,-0.096965529
monensin,GAOZTHIDHYLHMS-KEOBGNEYSA-N,A4,0.090988711,0.091354199,0.091347605,0.091354199,-0.078122191,0.091354199,0.091335133,-0.091354199,0.091353036,0.091354199,0.091354199,0.091354199,0.091354199,0.091354199,-0.091354199,0.091353863,-0.091354199,0.091354199,-0.08863046,0.091354199,-0.091327854,0.091354199,0.091354199,-0.091354199,-0.091354199,0.091354199,-0.091354199,-0.091354199,-0.075824313,-0.091354199,-0.091354199,-0.091272116,-0.091211028,-0.091352478,-0.091352604,-0.08655075,-0.091354199,-0.091354199,0.091171414,-0.091353938,-0.082728043,-0.091181271,-0.091354147,0.089510322,-0.091354199,0.091354199,0.091353752,-0.091354199,-0.091354199,-0.039486419,0.006193641,0.091352634,-0.091354199,0.091354199,-0.091354199,-0.091354199,0.028823404,-0.091354199,0.090755858,-0.091354199,-0.091354199,0.091354199,0.091354199,0.089708403,-0.091354199,0.091354139,0.091354199,0.091354199,0.091354199,-0.030607389,0.048454892,-0.091354199,-0.08619941,-0.090220325,-0.091354199,0.091354199,-0.091354199,0.091048986,-0.091354199,-0.091354169,0.091354199,0.091354199,0.018227343,-0.091346279,-0.091354199,-0.08908847,0.091354199,-0.091354199,-0.091250874,0.091354199,-0.091354199,-0.091354199,0.09133058,-0.090918578,0.091354199,0.091354199,0.091337606,0.017046213,0.09133932,0.091354199,-0.091348059,0.091354199,0.090896614,0.091354199,0.091354199,-0.091354199,0.091339089,0.090756223,-0.053773765,0.091354199,-0.091352165,0.091354199,0.091354199,-0.091354199,-0.091354199,-0.091354199,0.091354199,-0.091354147,-0.091354199,0.091354199,-0.091354199,-0.091354199,0.091354199,-0.091354199,0.090277955,0.091354199,0.091354199,-0.091345541
moxifloxacin,FABPRXSRWADJSP-MEDUHNTESA-N,A4,-0.084093876,-0.08945331,0.08945331,0.08945331,0.08945331,0.08945331,0.08945331,-0.08945331,0.08945331,-0.08945331,0.089452498,0.08945331,0.060114715,0.089449435,-0.089255385,-0.08945331,0.08945331,0.08945331,-0.089451835,-0.08945331,0.08945331,0.08945331,-0.08945331,-0.089440271,0.08945331,-0.08945331,-0.08945331,0.085889578,-0.08945331,-0.08945331,-0.08945331,0.089453228,-0.089451157,-0.08945331,0.08945331,-0.089452043,-0.08945331,-0.08945331,0.007854193,-0.08945331,-0.08945331,0.08945331,0.088961765,-0.08945331,0.08945331,0.08945331,0.08945331,0.08945331,-0.08945331,-0.08945331,-0.08945331,0.08945331,0.081095099,0.08945331,-0.089451596,-0.08945331,0.08945331,-0.08945331,-0.08945331,-0.08945331,-0.08945331,0.08945331,-0.08945331,0.08945331,0.08945331,0.04857114,0.08945331,-0.08945331,0.08945331,-0.08945331,-0.08945331,-0.088855118,0.08945331,-0.089392968,-0.08945331,0.08945331,0.08945331,0.08945331,0.08945331,-0.08945331,0.08945331,0.08945331,-0.08945331,0.08945331,0.089444563,0.08945331,-0.08945331,0.079826817,-0.089377552,0.089345902,-0.08945331,0.08945331,0.08945331,-0.085530713,0.08945331,0.08945331,0.08945331,0.08945331,0.087762199,-0.08945331,-0.08945331,0.08945331,-0.08945331,0.08945331,0.08945331,0.089296401,0.089452557,-0.089452736,0.089380272,0.08945331,-0.08945331,-0.08945331,0.08945331,-0.08945331,-0.08945331,-0.08945331,0.089453295,-0.087565713,0.089453161,0.08945331,0.08933685,-0.08945331,-0.08945331,-0.08945331,-0.08945331,-0.08945328,0.08945331,0.08945331
mupirocin,MINDHVHHQZYEEK-HBBNESRFSA-N,A4,0.091348939,0.090840101,0.091354601,0.091354601,-0.091342404,0.091336422,0.065625496,-0.091311641,0.091354601,0.091354601,0.091354042,0.086206697,-0.091354601,0.091354601,-0.091354601,0.091354601,0.091002308,0.091354601,-0.089357384,-0.089755431,-0.086825244,0.090235844,0.091354601,-0.091066092,-0.091317303,-0.07984589,-0.091257393,-0.091354519,0.088931531,-0.091354601,-0.091354601,0.091354601,0.091354594,0.091353685,0.091293275,-0.091354601,-0.091306865,-0.091354601,-0.091343708,-0.090630174,0.091354601,0.091354467,0.091348253,-0.091314927,0.087626584,0.091354601,0.090424195,-0.091354601,-0.091354556,-0.091354392,0.091354549,0.091333218,-0.091352239,0.091354601,0.091354601,-0.091354601,-0.091354601,0.072863586,-0.091288418,-0.091354601,-0.091354035,0.091354601,0.091350652,-0.091350868,-0.091354601,0.091354601,0.081606306,0.091186807,0.044673491,0.087939195,0.091082275,-0.091354348,0.091354504,0.089002833,0.091350712,-0.091353156,-0.091354601,0.091354489,0.091347553,-0.081634998,0.047760874,-0.087158442,0.091354601,-0.091354601,-0.091354601,-0.086546488,-0.091354005,-0.09135215,0.091354601,-0.091349445,-0.091354601,-0.091354601,-0.090481758,-0.091354601,-0.084082857,0.091354601,0.001778473,-0.09093938,-0.091354601,0.091354601,-0.091354601,0.091354601,0.037753787,0.091256775,0.091354601,-0.091354601,-0.086491495,-0.01509929,0.091354601,-0.091354601,-0.091354601,0.089734174,0.091354601,-0.091354601,-0.091352515,-0.091354601,0.091109961,0.0859005,-0.091354601,0.091354601,0.091354601,-0.091354601,-0.013675131,-0.084697619,-0.091351762,0.091332503,0.091354601,-0.091354601
nafcillin,GPXLMGHLHQJAGZ-JTDSTZFVSA-N,A4,0.099688366,0.081721961,0.090299934,-0.099560186,-0.100338578,-0.099357128,-0.095209129,0.098421484,0.019670403,-0.053359795,-0.099886827,0.099907123,-0.100271329,0.096865252,-0.097996026,-0.097763084,0.093730964,-0.054703344,-0.010920708,0.10013964,0.10004095,-0.099303447,-0.094918162,0.100294188,-0.094547182,-0.096590057,-0.100003548,-0.099881232,-0.10026025,-0.063839778,-0.032534156,-0.100373544,0.093418688,0.100329079,-0.094146825,0.098543927,-0.05202692,0.094133675,-0.096807495,0.077193387,0.095362812,-0.09979786,-0.075775243,0.000275403,-0.095785409,0.100295693,-0.05157353,0.100368626,0.047944795,-0.100153908,0.097139321,0.10036622,-0.087093137,-0.09893617,0.100327983,-0.091450982,-0.023346396,-0.090816431,-0.046648558,-0.099577114,0.100375667,-0.059592824,0.100243263,0.084853031,0.096155062,0.070484683,0.064599663,0.100377738,-0.005023259,0.09922839,0.08267805,0.088616773,0.100228593,0.084981598,0.100370452,-0.096618541,0.059043609,-0.09841533,-0.096765518,0.099531658,0.091478743,0.042687178,-0.100007206,-0.074413821,-0.096352614,-0.099984191,0.078907646,-0.100250527,0.047794789,-0.096342236,-0.099509604,-0.098910846,0.098394595,0.099308968,-0.100318082,0.015932214,0.093422875,0.0535887,0.066563644,0.100356348,-0.100005828,0.10028021,-0.09486293,0.100377955,0.023079079,-0.100074738,0.100280888,0.100113697,0.067309737,-0.0005424,0.100297987,-0.099983126,0.10037794,-0.089596659,0.097032815,-0.041809916,-0.096001282,0.093985595,0.098719299,0.100199014,-0.100192517,-0.089911424,-0.099086948,-0.099636532,0.073468566,0.086646631,0.095298819,-0.089938842
nalidixic acid,MHWLWQUZZRMNGJ-UHFFFAOYSA-N,A4,0.088509932,-0.088509932,0.088509932,0.088509932,0.088509932,0.088509932,0.088509932,-0.088509932,0.088509932,0.088509932,0.088509932,-0.088509932,-0.088509932,0.088509932,0.088509932,-0.088509932,-0.088509932,0.088509932,-0.088509932,-0.088045403,0.088509932,-0.088509932,-0.088509932,-0.088509932,-0.088509932,0.088509932,-0.088509932,0.088509932,-0.088509932,0.088509932,-0.088509932,0.088509932,0.088509932,-0.088509932,-0.08568462,0.088509932,0.088509932,-0.088509932,-0.088509932,0.088509932,-0.088509932,-0.088509932,0.088509932,-0.088509932,0.088509932,-0.088509932,-0.088509932,-0.088509932,-0.088509932,-0.088509932,-0.088509932,0.088509932,0.088509932,0.088509932,-0.088509932,-0.088509932,0.088509932,-0.088509932,-0.088509932,-0.088509932,-0.088509932,0.088509932,-0.088509932,0.088509932,-0.088509932,0.088509932,-0.088509932,0.088509932,0.088509932,0.088509932,-0.088509932,0.088509932,-0.088509932,-0.088509932,0.088509932,-0.088509932,-0.088509001,-0.088509932,-0.088509932,-0.088509932,0.088509932,-0.088509932,0.088509932,0.088509932,0.088509932,0.088509932,0.088509932,0.088509932,0.088509932,-0.088509932,0.088509932,-0.088509932,0.088509932,-0.088509932,0.088509932,-0.088509932,0.088509932,-0.088509932,0.088509932,0.088509932,-0.088509932,0.088505492,-0.088509932,-0.088509932,0.088509932,0.088509932,-0.088509932,-0.088509932,-0.088509932,0.088509932,-0.088496633,-0.086012393,0.088509932,0.088509932,-0.078066431,0.088509932,-0.088509932,-0.088509932,-0.088509932,0.088509932,0.088509932,0.088509932,0.088509932,0.088509932,0.088509932,0.088509932,0.088509932,0.088509932
narasin,VHKXXVVRRDYCIK-CWCPJSEDSA-N,A4,0.089580819,0.089580819,0.089580819,0.089580819,-0.075940937,0.089580819,-0.089147463,0.089565858,0.089580156,0.089580819,-0.089580819,0.089580819,-0.089580819,0.089580819,-0.089558959,-0.089580819,-0.089580819,0.089580819,-0.089580819,0.089580789,0.089580819,0.089580819,-0.089580819,0.018291822,-0.089580819,0.089580819,-0.089580819,-0.018127633,-0.089580819,-0.089580819,-0.089580819,-0.089580819,0.089580819,0.089580819,-0.089580819,0.089580752,0.089580819,-0.089580819,-0.089580819,0.088731967,-0.089519359,0.087689452,0.077903882,-0.089580819,0.089579009,0.089580819,0.089580618,-0.089580819,-0.089580819,-0.089580819,0.089580819,0.089580819,-0.089580819,0.089580819,0.089580819,-0.089580819,0.089580819,-0.089580819,0.089580819,-0.089580819,-0.089580819,0.089580819,0.089580819,0.089580819,-0.089580819,0.089580819,-0.08725436,0.089580819,0.089580819,0.048950892,-0.089580819,0.089580819,0.089580819,-0.089580819,0.089580819,-0.089580819,-0.089580819,-0.089580819,-0.089580819,-0.089580819,0.089580819,0.089578152,-0.08958064,0.089580819,-0.089580819,0.089580819,0.089580819,-0.089580819,0.089580789,-0.089580819,-0.089580819,-0.089580819,0.089580819,-0.089580819,-0.089537434,0.089580618,0.089580819,0.089580819,0.089514285,0.089580819,-0.089580819,0.089580819,-0.089580819,0.089580819,0.089580819,-0.089580819,-0.089580819,-0.089580819,0.089580819,0.089580819,-0.089580819,0.089574374,0.089580819,-0.089580819,0.084284715,-0.089579999,-0.089580819,0.089580819,-0.089580819,0.089580819,-0.089580819,-0.089580819,0.089580819,-0.089580819,0.089580819,0.089580819,0.089578889,-0.089580819
neomycin sulfate,OIXVKQDWLFHVGR-WQDIDPJDSA-N,A4,0.091043867,-0.089960687,-0.047744699,-0.091025881,0.091043808,0.091043867,-0.091043867,0.090704598,-0.091042936,0.091043867,0.091043867,-0.084350169,-0.091043867,0.091043867,-0.091043867,-0.059713159,-0.091043867,0.091043837,-0.091042772,0.091043867,-0.090299644,-0.09101706,0.091043867,-0.091006123,-0.091043867,-0.046868335,-0.091043867,0.091043867,0.091043867,0.032850832,-0.091043867,0.091041885,0.090741694,-0.091043867,-0.090098687,-0.091043867,-0.091043867,0.014962813,-0.091035262,0.09103512,-0.091043763,-0.091042981,-0.091043867,0.091043867,-0.091043822,0.09095557,0.091043867,-0.091043867,0.090998493,0.091043867,-0.089700431,-0.091043867,-0.086147964,-0.059174746,0.091043867,0.076188676,-0.016553104,-0.08809676,-0.091043867,-0.091043845,0.090640754,-0.091043636,-0.091043867,-0.091043867,-0.091043867,-0.091043867,0.091043867,-0.091043867,0.091043867,0.091043867,-0.090917878,-0.091038235,-0.091043867,0.090804569,-0.091043867,0.091043867,0.09104272,0.073052697,0.091043867,0.091043867,0.091043867,0.091043845,-0.091042839,-0.091043867,-0.091043763,-0.090513878,0.091043688,0.091043822,-0.066419221,0.091043867,-0.091043867,-0.091043867,0.091040529,-0.09104348,-0.091043867,-0.091043867,0.090035513,-0.091043867,0.091043867,0.090448864,-0.091043867,0.091043867,0.091035977,0.091043867,0.091043867,-0.091043867,-0.091037035,-0.091043867,0.090566039,-0.091043867,-0.091043867,0.091043867,-0.091043867,-0.091043867,-0.089207143,-0.091043867,0.091043867,-0.091043867,-0.09103784,-0.090897568,0.091043867,-0.091043867,-0.090691231,0.077657782,-0.091043867,0.091043867,0.091043867,-0.091043867
netilmicin,CIDUJQMULVCIBT-MQDUPKMGSA-N,A4,0.027130479,0.080634952,-0.09091226,-0.092422083,0.092436425,0.092436425,-0.092427179,-0.092436425,0.086978264,0.092436425,0.092436425,0.09207546,-0.092436425,0.092436425,-0.092436425,0.070264876,-0.092436425,0.092436425,-0.033612929,0.092436425,-0.092385896,0.092436425,0.092436425,-0.086350694,-0.092436425,0.092436425,-0.092436425,-0.084944479,0.092218846,-0.09243115,-0.092436425,-0.021185573,-0.092436343,-0.092436425,-0.080309227,-0.092436425,-0.092436425,-0.089558363,0.034853198,-0.091566637,-0.049195502,-0.07183338,-0.092436425,0.092144445,-0.092436425,0.092428386,0.092436373,-0.092436425,-0.092422806,0.092436425,-0.092436425,-0.092436425,-0.092264324,0.092436425,0.083629489,-0.092436425,0.092382982,-0.092418566,-0.059189063,-0.092436425,-0.092408575,0.082042068,-0.092432141,-0.092436425,-0.092436425,-0.092436425,0.092436425,0.092436425,0.092436425,0.092436425,-0.011542235,-0.092430636,-0.092436425,0.092277855,-0.092436425,0.092436425,-0.092436425,0.075913489,0.092436098,0.09242174,0.092436425,0.042934626,0.091352731,-0.092436425,-0.092436425,-0.09114708,0.092436425,-0.090353347,0.092436425,0.092436425,-0.092436425,-0.092436425,0.092436425,-0.092436425,-0.055337884,0.092436098,0.092030555,-0.092436396,0.092436425,0.092436425,0.092429236,0.092436425,0.092436425,0.092436425,0.092436425,-0.092432097,0.066500343,-0.091827966,-0.091784805,-0.083664075,-0.092436425,0.092436425,-0.092436425,-0.092436425,-0.085520148,-0.092436425,0.092436425,-0.092436425,-0.092436425,-0.091372699,-0.092426024,-0.092436425,0.092436425,-0.092436373,-0.0858934,0.092433274,0.092436425,-0.092436425
nifurtimox,ARFHIAQFJWUCFH-IZZDOVSWSA-N,A4,-0.088888429,-0.090076141,-0.090199538,-0.090199538,-0.090199322,-0.087430671,0.090199538,-0.090199493,-0.090199538,0.090199538,0.090109751,-0.090199471,-0.088284492,-0.090199538,0.090199538,-0.090199538,0.090199254,0.090199538,0.090199538,0.090067282,-0.072250523,0.090199538,-0.090199538,-0.090199351,0.090199538,-0.090199538,0.090199538,0.090198927,-0.090199538,-0.090199478,0.090199493,0.090199538,-0.090199538,-0.090199538,-0.090186335,-0.090175368,0.09010531,-0.088657074,-0.090161249,-0.090199538,0.090195954,0.090107843,-0.020542685,0.090199538,-0.090199538,-0.090199538,-0.090199538,0.086556576,0.089059778,-0.090199441,0.090199538,-0.090199538,0.090199538,0.090199538,0.090199538,-0.090199538,0.090199538,-0.089669265,0.090199538,-0.090090588,-0.090108186,-0.090199538,0.090199538,-0.090199538,-0.090199538,-0.089822605,0.090199538,0.090199538,0.082745187,-0.090199538,0.08627639,0.05542947,-0.078498527,-0.090197407,-0.090199538,-0.090199538,-0.079800598,0.086246312,0.090188108,0.090199538,-0.090199538,0.090198293,0.090199538,-0.053889215,0.090199538,-0.090160735,0.090199538,-0.090199538,0.090199411,0.090198755,0.090199538,-0.090199538,-0.090199538,0.090199538,0.090199448,0.090199538,-0.090163246,0.090199538,-0.090199411,0.090199538,0.090196691,-0.090199538,0.090194449,-0.090199538,-0.090199485,-0.090199009,0.090199076,-0.090199538,-0.090199538,-0.090199538,-0.090199538,0.089728363,0.090199538,0.090199538,0.017205453,0.090199538,0.090198927,0.090199538,-0.090199538,-0.090186432,0.090199538,-0.090199538,-0.090199463,0.067372181,-0.090132602,0.090199538,-0.090199538,-0.090199538
nigericin,DANUORFCFTYTSZ-SJSJOXFOSA-N,A4,0.089765728,-0.089764409,-0.022778818,0.089765728,0.08975824,0.089765728,0.089764908,-0.08976534,0.089765728,0.089765728,0.089765728,0.089765728,-0.089765728,0.089765728,-0.089765728,0.089765728,-0.089765728,0.089765728,-0.08976566,0.089656539,-0.089765728,0.089765728,0.089765728,-0.089765728,-0.089765094,0.089765728,-0.089765728,-0.089765728,-0.089765728,-0.089765728,-0.089765728,0.0192148,-0.089764975,-0.089765728,-0.089765728,-0.089765728,-0.089765728,-0.089765728,-0.089765728,-0.089765728,-0.089751378,0.089765728,0.089229703,0.083925121,-0.089764483,0.089765728,0.089765683,-0.089765728,-0.089765728,-0.089765728,-0.08976534,-0.089733653,-0.089567512,0.089765728,0.089765728,-0.089765728,-0.089765728,-0.089765728,0.089761011,-0.089486912,-0.089765728,0.089765728,0.089765728,-0.089765728,-0.089765728,0.089765728,0.070773266,-0.089757793,0.089765266,0.087355636,-0.089765728,-0.089765392,0.089765728,-0.089765728,-0.089742087,0.089765728,-0.089765728,0.089744441,-0.089765698,-0.089751363,0.089765728,0.089765728,0.089765728,-0.089765728,-0.089765728,0.089602932,-0.089765728,-0.089765728,-0.082207315,-0.089756988,-0.089765728,-0.089765728,0.089765728,0.089066163,0.08976528,0.089765728,-0.067140773,0.089765728,0.089711264,0.089765728,-0.089765728,0.089765728,-0.07797166,0.089765728,0.089765728,-0.089765728,-0.089765728,-0.076301098,0.089765728,0.076313742,-0.089765728,0.089765728,0.089765728,-0.089765728,-0.089765728,-0.089765728,0.089765728,-0.089765728,-0.089765728,0.089765728,0.08975219,-0.089765728,0.089765728,-0.089765728,-0.089765728,0.089765728,0.089765728,-0.089765728
nitrofurantoin,NXFQHRVNIOXGAQ-YCRREMRBSA-N,A4,0.09034954,-0.090346299,-0.09034954,0.09034954,0.08913134,0.09034954,0.09034954,-0.090290502,0.09034954,-0.09034954,0.09034954,-0.09034954,-0.09034954,-0.09034954,-0.09034954,-0.09034954,-0.09034954,0.09034954,0.09034954,-0.045543261,-0.09034954,-0.09034954,-0.09034954,-0.09034954,0.09034954,0.09033601,-0.09034954,0.082426615,-0.09034308,-0.09034954,0.09034954,0.09034954,0.09034954,-0.09034954,0.09034954,-0.090292647,0.09034954,0.030167049,-0.09034954,-0.09034954,-0.089980453,0.09034954,-0.09034954,0.090348989,-0.090329662,-0.09034954,-0.090349421,-0.09034954,0.090306774,0.074245349,-0.090338126,-0.09034954,0.09034954,0.09034954,0.081500947,-0.09034954,0.090349123,0.044700086,0.09034954,0.09034954,-0.088908672,-0.09034954,-0.09034954,-0.09034954,-0.09034954,0.09034954,-0.09034954,0.09034954,0.09034954,0.090214074,0.09034954,0.090349354,-0.09034954,-0.09034954,0.09034954,-0.09034954,-0.090261623,-0.09034954,0.09034954,-0.09034954,-0.09034954,-0.09034954,-0.017430738,-0.09034954,0.09034954,-0.090291813,0.09034954,-0.09034954,-0.079607233,0.09034954,0.09034954,-0.09034954,-0.09034954,-0.09034954,0.09034954,0.090349101,-0.09034954,-0.090349495,0.09034954,0.088462487,0.075651884,-0.09034954,0.09034954,-0.09034954,-0.09034954,-0.09034954,0.09034954,-0.09034954,0.09034954,-0.09034954,-0.09034954,0.09034954,0.09034954,0.09034954,-0.09034954,-0.090349518,-0.042528134,0.088265143,-0.09034954,0.090349339,-0.09034954,-0.09034954,-0.09034954,-0.09034954,0.09034954,-0.09034954,-0.09034954,-0.090349443
nitroxoline,RJIWZDNTCBHXAL-UHFFFAOYSA-N,A4,0.08936882,-0.08936882,-0.08936882,0.08936882,0.08936882,-0.08936882,0.08936882,0.08936882,0.08936882,-0.087392971,0.08936882,-0.08936882,-0.08936882,-0.08936882,-0.08936882,-0.08936882,-0.08936882,0.08936882,-0.08936882,-0.009210206,-0.08936882,0.08936882,-0.08936882,-0.08936882,0.08936882,-0.089320421,-0.08936882,0.089246355,-0.08936882,0.08936882,0.08936882,0.08936882,0.08936882,-0.08936882,0.089344501,-0.08936882,0.08936882,0.040100392,-0.08936882,-0.08936882,-0.08936882,0.08936882,0.024253584,-0.08936882,0.08936882,-0.08936882,-0.08936882,-0.08936882,0.08936882,-0.08936882,-0.08936882,-0.08936882,0.08936882,0.08936882,-0.08936882,0.08936882,0.08936882,-0.08936882,0.08936882,0.08936882,0.08936882,-0.08936882,-0.08936882,-0.08936882,-0.08936882,0.08936882,-0.08936882,-0.08936882,0.08936882,0.08936882,-0.08936879,0.08936882,-0.089364849,0.08936882,0.08936882,-0.08936882,-0.08936882,-0.08936882,0.08936882,0.089368671,-0.08936882,-0.08936882,0.08936882,-0.08936882,0.08936882,-0.088089421,0.08936882,0.08936882,0.08936882,-0.08936882,-0.08936882,-0.08936882,-0.08936882,-0.08936882,0.08936882,0.089365244,0.08936882,-0.08936882,0.08936882,-0.08936882,-0.08936882,-0.08936882,-0.08936882,-0.08936882,0.08936882,0.089274943,-0.08936882,-0.08936882,0.08936882,-0.08936882,-0.08936882,0.08936882,0.08936882,0.08936882,-0.08936882,-0.08936882,-0.08936882,-0.08936882,-0.08936882,0.08936882,0.08936882,-0.08936882,-0.08936882,0.08936882,0.08936882,0.08936882,-0.08936882,-0.08936882
nonactin,RMIXHJPMNBXMBU-QIIXEHPYSA-N,A4,-0.032291315,0.102391876,-0.095099136,0.100025855,-0.102244504,0.094236784,-0.079794802,-0.064423747,-0.096931346,0.029493604,-0.101928435,0.088022888,-0.102309376,0.102407791,0.060662124,-0.101691097,0.101995625,0.102418132,-0.093140081,-0.044512488,0.102413893,-0.070260435,-0.102418609,0.034190137,-0.062047161,0.086670332,-0.017461656,-0.007997096,-0.102371395,-0.102405436,-0.098431401,-0.102271363,0.102400318,0.102146268,-0.083890319,0.05467771,0.102413639,-0.09109579,-0.094907984,0.063373208,0.099164873,0.092332117,0.086391531,-0.023039728,-0.081519313,-0.032467365,-0.09066356,-0.100743622,0.094750144,-0.102416955,0.102417573,0.101975709,-0.101885416,0.090035833,0.102068052,-0.102418453,0.099764496,0.101746477,0.099748291,0.012381653,-0.025097962,0.077975564,0.101263829,0.101867497,-0.102418944,0.08312203,0.091084696,0.101692617,0.076076373,-0.098451599,-0.102000304,0.102107637,0.099981666,-0.043920644,0.102418251,-0.102419227,0.051195666,-0.102147669,-0.102413945,0.017389107,-0.075342342,-0.087049887,0.015543901,0.098556913,-0.09608914,0.101110108,0.102117009,-0.102419265,0.101439096,-0.102418706,-0.10226129,-0.102366589,0.102320664,-0.102393039,-0.025166078,-0.039762333,0.062050905,0.102342866,-0.090679437,0.10241764,-0.100602083,0.063646019,-0.074748009,0.102381691,0.102419265,-0.102340922,-0.097130202,-0.089228317,0.061893582,0.073304169,0.053325534,-0.035309155,0.102419265,0.101948828,0.101856485,-0.025105637,-0.076987453,0.102393501,-0.102416575,0.102398805,-0.102258593,-0.101803556,-0.062740594,-0.085679196,0.102325082,0.100770049,-0.087369055,-0.099543907
norfloxacin,OGJPXUAPXNRGGI-UHFFFAOYSA-N,A4,0.088638939,-0.088638939,0.088638939,0.088638939,0.088638939,0.088638939,0.088638939,-0.088638939,0.088638939,0.088638939,0.088638939,0.088638939,0.088638939,-0.088638246,0.088638939,-0.088638939,0.088637479,0.088638939,-0.088638939,0.088638939,0.088638939,-0.088638939,-0.088638939,-0.088638939,-0.088638939,0.088638939,0.088638939,0.088638939,0.088638939,0.060010448,-0.088638939,-0.088638939,0.088638939,-0.088638939,0.088638939,0.088638939,-0.088638939,-0.088638939,0.088638939,0.088638939,-0.088638939,-0.088638939,-0.088638939,-0.088638939,0.088638939,0.088638939,0.088638939,-0.088638939,-0.088638939,-0.088638939,-0.088638939,0.088638939,-0.088638939,0.088638939,-0.088638939,-0.088638939,0.088638939,-0.088638939,0.088638939,-0.088638939,-0.088638939,0.088638939,-0.088638939,0.088638939,0.088638939,0.088638939,0.088638939,0.088638507,0.088638939,-0.088638939,-0.088638939,-0.088638939,-0.088638939,-0.088638939,0.088638939,0.088638939,0.088638939,0.088638939,-0.088638939,-0.088638939,0.088638939,-0.088638939,0.088638939,0.088638939,0.088638939,0.088638939,0.088638939,0.088638939,-0.088638939,0.088638939,0.088638939,0.088638939,0.088638939,0.088638939,0.088638939,0.088638939,0.088638939,-0.088638939,0.088638939,-0.088638939,-0.088638939,0.088638939,-0.088638939,-0.088513374,0.088638939,0.088638939,-0.088638939,0.080354922,0.088638939,0.088638939,0.088638939,-0.088638939,0.088638939,-0.088638939,-0.088638939,0.088638939,-0.088638939,-0.088638939,0.088638939,0.088638939,0.088638939,-0.088638939,0.088638939,0.088638939,-0.088638939,0.088638939,0.088638939,0.088638939
novobiocin,YJQPYGGHQPGBLI-KGSXXDOSSA-N,A4,0.061536163,0.093599662,0.091738142,0.02268791,-0.093779236,0.093875259,-0.093893334,-0.093886115,-0.061573192,0.093893796,-0.093720078,0.093893796,-0.093798049,0.093893223,-0.093875244,0.076504201,-0.093893796,0.093893103,0.072286986,-0.084970027,-0.026593443,0.093891777,0.093893796,0.016128263,-0.08128608,0.093893453,0.091092348,0.093729705,-0.093686618,-0.087638125,-0.093893796,0.093890458,-0.093830436,-0.093795508,-0.093840607,-0.09378881,-0.093893796,-0.058200926,-0.092913501,-0.092119366,0.086132005,-0.09374024,-0.093893714,0.063484862,-0.093890145,0.08399599,0.092639334,-0.09389361,-0.093191981,0.093893796,0.053985171,-0.093893796,-0.093344465,0.093889222,0.015930517,-0.093859233,-0.093893796,0.091175914,0.090883449,-0.089640751,-0.062718019,-0.080623649,-0.087524936,-0.093838908,-0.093893796,0.093884118,0.093892984,-0.091912344,-0.022629935,-0.052816689,0.09388531,-0.093893796,-0.093839824,0.093893796,-0.093893737,0.090365015,-0.093884788,0.085602894,0.070058487,0.092910804,0.093893796,-0.093879648,0.083900854,-0.093893796,-0.093893357,0.093892202,0.093885526,-0.093858644,-0.091751315,-0.093061052,-0.093893796,-0.093893759,0.093888022,-0.093224414,-0.093893796,0.092051223,-0.084133498,-0.093891971,-0.093585022,0.091841526,0.093885012,0.093893737,0.093702383,0.093838684,0.093893796,-0.080040224,-0.046920627,0.093893796,-0.078595273,-0.09388832,-0.092847705,0.093893796,-0.093884349,-0.093893796,0.0757384,-0.093893796,0.093892977,-0.093890607,0.092945032,-0.093741104,0.092648752,-0.093890443,0.092248313,-0.093872555,-0.093820103,0.093893327,0.093893796,-0.093828648
nsc630678,VABRZWDEEDQLRD-UHFFFAOYSA-N,A4,-0.099027507,0.098063543,0.095898956,-0.098863721,-0.098544754,0.060082212,-0.09693107,0.033609476,0.098159656,0.097427018,-0.098802164,0.099046595,-0.080976747,0.098980121,0.037045795,-0.029846337,-0.09893468,0.098997146,0.097032435,0.097212538,-0.098393828,0.09903679,0.099047624,0.095280789,0.052671283,0.098723084,0.01095501,-0.095938295,-0.098169684,-0.096582085,-0.09904702,0.093963169,-0.096714795,0.098950669,-0.041776679,-0.096283823,-0.097965188,0.074818723,-0.092247695,-0.097709477,0.098684527,-0.005164036,-0.089150421,-0.073066235,-0.098293751,0.098969847,-0.090445884,-0.032467365,0.050519533,0.094421692,-0.09843614,0.098680913,-0.098917298,0.089076087,0.099015348,-0.098972552,-0.098883048,-0.090161517,0.099041015,-0.098869525,0.092649899,-0.098621055,0.09825141,-0.098644815,-0.086908355,0.098090194,0.091236539,0.099047668,0.05695115,0.098812282,0.098900653,-0.064544551,-0.056146592,0.097274937,-0.091148548,0.08528164,-0.097790234,-0.083546817,-0.048177294,-0.084773518,0.043255016,-0.085314006,0.067776203,-0.099046737,-0.099046908,-0.073112682,0.099004135,-0.099033117,0.098902084,-0.014090205,-0.099047109,-0.098815784,0.089903243,-0.091265157,-0.098982938,0.099020846,-0.09206219,-0.096814349,0.033612769,0.099047862,-0.063381925,0.099047862,0.098831445,0.09851519,0.089816146,0.077912807,0.098897658,0.098482743,-0.095505439,0.032764327,0.088727392,-0.019768121,-0.08055646,-0.099046312,0.098968007,-0.099038206,0.093803354,-0.077161677,0.072243817,0.099042885,-0.06960284,-0.098918833,0.097145021,-0.099039398,0.09857399,0.09296079,0.059030544,0.098183587
ofloxacin,GSDSWSVVBLHKDQ-UHFFFAOYSA-N,A4,0.088567354,-0.088567354,-0.088567354,0.088567354,0.088567354,0.088567354,0.088567354,0.088567354,0.088567354,-0.088567354,-0.088567354,-0.088567354,-0.088567354,0.088567354,-0.088567354,-0.088567354,0.088567354,0.088567354,-0.088567354,-0.088567354,0.088567354,0.088567354,-0.088567354,0.088567354,0.088567354,-0.088567354,-0.088567354,0.088567354,-0.088567354,0.088567354,0.088567354,0.088567354,0.088567354,-0.088567354,0.088565826,-0.083808094,0.088567354,-0.088567354,-0.088567354,0.088567354,-0.088567354,0.088567354,-0.088567354,-0.088567354,0.088567354,-0.088567354,0.088567354,-0.088567354,0.088567354,-0.088567354,-0.088567354,-0.088567354,0.088567354,0.088567354,-0.088567354,0.088567354,-0.088567354,-0.088567354,-0.088567354,-0.088567354,-0.088567354,0.088567354,-0.088567354,0.088567354,0.088567354,-0.088567354,-0.088567354,-0.088567354,0.088567257,0.088567354,-0.088567354,0.088567354,-0.088567354,0.088567354,0.088567354,-0.088567354,-0.088567354,-0.088567354,0.088567354,-0.088567354,-0.088567354,-0.088567354,0.088567354,0.088567354,0.088567354,0.088567354,-0.088567354,0.088567354,0.088567354,-0.088567354,-0.088567354,-0.088567354,0.088567354,-0.088567354,0.088567354,-0.088567354,0.088567354,-0.088567354,0.088567354,-0.088567354,-0.088567324,-0.088567354,0.088567145,-0.073845826,0.088567354,0.088567354,-0.088567354,0.088567354,-0.088567354,0.088567354,0.088567354,0.088567354,0.088567354,0.088567354,-0.088567354,-0.088567354,0.083673738,-0.088567354,0.088567354,0.088567354,-0.088567354,0.088567354,-0.088567354,0.088567354,-0.088567354,0.088567354,0.088567354,-0.088567324
orbifloxacin,QIPQASLPWJVQMH-DTORHVGOSA-N,A4,0.089926928,0.089911938,0.089926928,0.089926928,0.089926928,0.089926928,-0.088965923,0.089926928,0.089926928,-0.089926928,-0.089926928,0.089926884,-0.089926928,-0.037711378,-0.089926928,-0.089926928,0.089926928,0.089926928,-0.089926928,-0.089926928,0.089926928,0.089926928,-0.089926928,-0.089638852,0.089926928,-0.089926928,-0.089926928,0.089926928,-0.089926928,0.089926928,-0.054970555,0.089926928,0.089913681,-0.089926928,-0.089926928,-0.089926392,0.089926928,-0.089926928,-0.089926928,-0.089926928,-0.089926928,0.089926928,-0.089926928,-0.089926928,0.089926928,-0.089926928,0.089926928,0.089926928,-0.089583911,-0.089926928,-0.089926928,-0.089926928,0.089926928,0.089926928,-0.089926928,0.089926928,-0.089926928,-0.089924358,-0.089926928,-0.089926928,-0.089926928,0.089926928,-0.089926928,0.089926928,0.089926928,-0.089919351,0.088644996,-0.089926928,0.089926928,0.089926928,-0.089926928,0.089926928,0.088895716,0.089926928,0.089926928,-0.089926928,-0.089880861,0.089926928,0.089926928,-0.089926928,-0.089926928,-0.089926928,0.089926928,0.089926928,0.089926928,0.089926928,-0.089926928,-0.086071201,0.089926928,-0.089926928,-0.089926928,0.089926928,0.089926928,-0.089926928,-0.089887239,-0.089926928,0.089926928,0.027145805,-0.089926928,-0.089926928,-0.089926928,0.082038701,-0.089926079,0.089926928,0.089926928,0.089926928,-0.089926928,0.089926802,0.080451466,0.089926928,0.089923099,0.089926928,0.089926928,0.089926146,-0.089926928,-0.089926928,0.066622205,-0.089926928,0.089922063,0.089926928,-0.08992672,-0.089926928,-0.089926928,0.008396398,-0.089926928,-0.089926928,0.089926928,0.089926928
oritavancin,VHFGEBVPHAGQPI-LXKZPTCJSA-N,A4,0.090926021,0.090924039,-0.090619892,-0.09092848,-0.032161511,0.09092848,-0.09092848,-0.090921469,-0.090615876,0.09092848,-0.083537251,0.09092848,-0.090915769,0.09092848,-0.09092848,-0.09092848,-0.09092848,0.090920657,-0.09092848,0.052706286,0.073017836,0.090928406,0.09092848,0.090928234,-0.090799294,0.09092848,-0.09092848,0.09092848,-0.09092848,0.089248762,-0.09092848,0.09088596,-0.09092848,-0.09092848,-0.09092848,-0.09092845,-0.09092848,0.044386521,-0.090881765,0.089038953,0.08847791,-0.090927571,-0.09092848,0.09092848,-0.09092848,-0.09092845,0.090857394,-0.09092848,-0.076123551,0.09092848,-0.0909134,-0.09092848,0.090426303,0.09092848,0.090906352,0.088077225,0.08714328,0.063673981,0.090928175,-0.090927362,0.09092848,-0.09092848,-0.09092848,-0.09092848,-0.09092848,-0.09092848,0.09092848,-0.090898395,0.09092848,0.090049237,-0.090927936,-0.090927936,-0.090903923,0.09092848,-0.09092848,0.09092848,0.08788728,-0.090811476,0.088283852,0.09092848,0.09092848,0.090890549,0.090171061,-0.09092848,-0.09092848,0.09092848,0.09092848,-0.090886772,-0.086613536,0.090884469,-0.09092848,-0.090925954,0.09092778,-0.09092848,-0.09092848,-0.090037875,0.089571252,-0.09092848,0.09092842,0.034371778,0.09092848,0.09092848,0.09092848,0.09092848,0.09092848,-0.090928368,-0.090824619,0.090928309,-0.09092848,-0.088811368,-0.085296325,0.09092848,-0.09092848,-0.09092848,-0.01422696,-0.09092848,0.090928033,-0.09092848,0.090923324,-0.09092848,0.039030105,-0.09092848,0.09092848,-0.090928346,-0.090923399,0.09092848,0.09092848,-0.090928413
ornidazole,IPWKIXLWTCNBKN-UHFFFAOYSA-N,A4,0.088967994,-0.088967994,-0.088967994,0.088967994,0.088967994,0.087418519,0.088967994,0.088967197,0.088967994,-0.088967651,0.088967994,-0.088967994,-0.088967994,-0.088967994,-0.088967994,-0.088967994,-0.088967994,0.088967994,-0.088967994,-0.08710745,-0.088967994,0.088967994,-0.088967994,-0.088967994,0.088967994,0.088967994,-0.088967994,0.088967994,-0.088967994,-0.088967137,0.088967994,0.088967994,0.088967994,-0.088967994,0.088967994,-0.088967793,0.088967994,0.088965282,-0.088967994,-0.088967994,-0.088967994,0.088967994,0.062866747,0.088967994,0.088548906,-0.088967994,-0.088967994,-0.088967994,0.088967994,-0.088967681,-0.088967994,0.088967994,0.088967994,0.088967994,-0.088967994,0.088967994,0.088967994,-0.088967994,0.088967994,0.088967994,0.088967994,-0.088967994,-0.088953808,-0.088814147,-0.088967994,0.088967994,-0.088967994,-0.088967994,0.088967994,0.088967994,-0.088967994,0.088967219,-0.088967994,0.088967994,0.088967994,-0.088967994,-0.08868508,-0.088967994,0.088967994,0.088967994,-0.088967994,-0.088967994,0.088967994,-0.086345598,-0.077486359,0.088967994,0.088967994,0.088967994,0.088965878,-0.088967763,0.088966429,-0.088967994,-0.088967994,-0.088967994,0.088967994,0.088967994,0.088967994,-0.088967994,0.088967994,-0.088967994,0.086662516,-0.088967994,-0.088804111,-0.088967994,0.088967994,-0.08896783,-0.088967994,-0.088967994,0.086990803,-0.088967994,-0.088967994,0.088967994,0.088967994,0.088967994,0.088967994,-0.088967994,-0.088967994,-0.087859526,-0.088967994,0.053158671,0.088967994,-0.088967301,-0.088967994,0.088967994,0.088967994,0.088967502,-0.088967994,0.088967994
ostreogrycin a,DAIKHDNSXMZDCU-RLJJXFIZSA-N,A4,0.095935918,0.096119262,0.076421581,0.096118391,0.081473775,0.096118897,-0.088557668,-0.056289025,0.093674481,-0.096043631,-0.095902614,-0.024862217,-0.095855109,0.096119352,-0.096100397,0.002315004,0.092276335,0.096119352,0.095988341,-0.019590518,0.096114211,0.056922279,-0.096057646,-0.083340198,-0.094990812,0.06978187,0.005316827,-0.086774103,-0.095483154,-0.090710476,-0.096090473,-0.095466405,0.096119352,-0.093542419,0.093673237,0.096115239,0.094365358,-0.085626267,0.077295169,0.065004855,-0.070105694,0.007733811,-0.095395431,-0.094706051,0.096083626,-0.062728979,0.09610074,-0.096119352,-0.095797539,-0.096119352,0.089781009,0.09588249,-0.096119352,0.096104234,0.048583854,-0.096119352,0.033793285,0.096053839,0.09595871,0.091890663,-0.092953496,0.096116401,0.096099891,0.060842462,-0.096119352,0.096119352,-0.096084721,0.09611591,0.091910191,-0.067425989,0.014872996,0.096111365,0.089911431,-0.093892008,0.096119352,-0.096119352,-0.092603222,-0.096056111,-0.096118107,-0.091002397,0.078992531,0.095687285,-0.083988257,0.096110187,-0.09611924,0.088005766,0.092500731,-0.096119352,0.09006349,-0.096117593,-0.096119352,-0.096119292,0.096119352,-0.096117109,0.095910549,0.0957257,-0.095111132,-0.093788378,0.09596777,0.096119352,0.006399549,0.096119352,0.081366822,0.096119352,0.096119352,-0.096119292,-0.065792732,-0.092044502,0.095883161,-0.096043907,0.093841389,0.096103646,0.096119352,0.088141702,-0.082353219,-0.096118473,-0.086815514,-0.035254717,-0.096118882,0.096117809,-0.096119352,-0.096118771,0.092608444,-0.096119247,0.096107408,0.096118525,-0.081314437,-0.095852576
oxacillin,UWYHMGVUTGAWSP-JKIFEVAISA-N,A4,-0.085953698,0.095248312,0.095617466,-0.095626228,-0.095627859,-0.095473692,-0.029639626,0.095624477,0.09555392,-0.095626228,-0.095387779,0.095628016,-0.095609814,0.095614851,-0.087423436,-0.091624714,0.095611714,-0.092460342,0.071745507,-0.090374313,-0.086823344,0.083820991,-0.094070822,0.095411919,0.095627792,0.023554692,-0.095116653,-0.088407025,-0.095627561,-0.095627233,-0.031623986,-0.095532432,-0.095623039,0.087432444,-0.093435302,-0.075397834,0.095597461,0.094636843,-0.094621502,-0.095624916,-0.084776707,-0.094897777,0.091250926,-0.02030004,0.095628045,0.095596835,0.094650671,0.095628105,-0.017380811,-0.095628105,-0.009811143,0.095029213,0.095584542,-0.095627248,0.095628105,0.087833859,-0.095499985,-0.09503638,-0.095594004,-0.09561751,0.095555246,0.095464997,0.095576823,-0.071564078,0.095628105,-0.055783983,0.094496161,0.095071584,-0.095573947,0.083563544,-0.091422684,-0.095544003,0.095603861,0.095627993,-0.08732979,0.095626295,0.090285636,0.095593743,0.095605284,0.095626958,-0.006975506,-0.086741723,-0.095614053,-0.095601603,-0.012736367,0.051781256,-0.095541224,-0.057174988,0.094927333,-0.081998378,-0.095628105,0.07182169,-0.095210768,-0.011311387,-0.095026106,-0.088732146,0.095405124,-0.095621884,0.095483549,0.095228918,0.062696122,0.095592737,-0.091990717,0.095627911,-0.095627949,-0.095370226,0.095628008,0.095119439,0.095604204,0.068732262,0.095627174,0.09034884,0.09562809,-0.095617004,0.095595174,-0.090132497,-0.054575946,0.095115587,0.04610981,0.095616624,0.088725187,-0.095462412,-0.095627621,-0.092730053,-0.094165035,0.095600314,0.095624626,0.095627509
oxolinic acid,KYGZCKSPAKDVKC-UHFFFAOYSA-N,A4,0.089410238,-0.089410238,0.089410238,0.089410238,0.089410238,0.089410238,0.089410238,-0.081768133,-0.089410238,0.089409955,0.089410238,-0.089410238,-0.089410193,0.089410238,0.089410238,-0.089410238,-0.089410238,0.089410238,-0.089410238,-0.089099959,0.089410238,-0.089410238,-0.089410238,-0.089410238,-0.089410238,0.089410238,-0.089410238,-0.089410238,0.089410238,0.089410238,0.089410238,0.089410238,0.089410238,0.089410238,-0.089409456,0.089410238,0.089410238,-0.089410238,-0.089410238,0.089410238,-0.089410238,-0.089410238,0.089410238,-0.089410238,0.089405492,-0.089410238,-0.089410238,-0.089410238,-0.089410238,-0.089410238,-0.087677464,0.089397281,-0.089410238,0.089410238,-0.08937455,-0.089410238,0.089410238,-0.089326181,0.089410238,-0.089410238,-0.089410238,0.056855034,-0.089410238,-0.01481979,-0.089410238,0.089410238,-0.089410238,0.089410238,0.089410238,-0.089410238,-0.089410238,0.089410238,-0.089410238,-0.089410238,0.089410238,-0.089410238,0.089410238,0.061075758,-0.089410238,-0.089410238,0.089410238,-0.089410238,-0.089405864,0.089408554,0.089410238,0.089410238,0.089410238,-0.089410238,-0.089362629,-0.089410238,0.089410238,0.089407742,0.089410238,-0.089410238,0.089410238,-0.089410238,0.08442498,-0.089410238,0.089410238,0.089410238,-0.089410238,-0.089399464,-0.089410238,-0.089410238,0.089410238,-0.08816269,-0.089410238,-0.089410238,-0.089253828,0.089410238,-0.089410238,-0.089410238,0.089410238,0.089410238,-0.087809958,0.089410238,-0.089410238,0.089410238,-0.089410238,0.089410238,0.089410238,-0.089410238,0.089380041,0.089410238,0.089410238,0.089410238,-0.087881714,0.07015156
paromomycin,UOZODPSAJZTQNH-LSWIJEOBSA-N,A4,0.089346871,-0.089346871,-0.087880649,0.089346871,0.089346871,0.089346871,-0.089346871,-0.089346871,-0.089346871,0.089346871,0.089346871,-0.089346871,-0.089346871,0.089346871,-0.089346871,0.089346871,-0.089346871,0.089346871,-0.089346871,0.089346871,0.089069635,-0.089346871,0.089346871,-0.089346871,-0.089346871,-0.089346871,-0.089346871,0.089346871,0.089346871,-0.089343369,-0.089346871,0.089346871,0.089346789,-0.089346871,0.089346811,-0.089346871,-0.089346871,-0.089346871,-0.089346871,0.089346871,0.089346871,0.089346871,-0.089346617,0.089346871,-0.089346871,0.089346871,0.089346871,-0.089346871,0.089337982,0.089346871,-0.088501267,-0.089346871,-0.089273579,0.089346871,0.089346871,-0.089346871,-0.08933311,0.003118135,-0.089339375,-0.089346871,0.089113832,-0.089346409,-0.089346871,-0.089346871,-0.089346871,-0.089346871,0.089346871,-0.089346871,0.089346871,0.089346871,-0.078626394,-0.089346871,-0.089346871,0.086421788,-0.089346871,0.089346871,-0.082103893,0.089346871,0.089346871,0.089346871,0.089346871,0.086061642,0.089346454,-0.089346871,-0.089346871,-0.089346871,-0.089346871,0.089346871,0.089346871,0.089346871,-0.089346871,-0.089346871,0.089335732,-0.089346416,-0.089346871,-0.089185782,-0.064133428,-0.089346871,0.089346871,0.089346871,-0.089346871,0.089346871,0.089346871,0.089346871,0.089346871,-0.089346871,-0.089346871,-0.089346871,0.089346871,-0.089346871,-0.089346871,0.089346871,-0.089346871,-0.089346871,-0.089346871,-0.089346871,0.089346871,-0.089346871,-0.089346871,-0.089346871,0.089346871,-0.089346871,0.053234398,0.088614948,-0.089346871,0.089346871,0.089346871,-0.089346871
pefloxacin,FHFYDNQZQSQIAI-UHFFFAOYSA-N,A4,0.088913389,-0.088913389,0.088913389,0.088913389,0.088913389,0.088913389,0.088913389,-0.088913321,0.088913389,0.088913389,0.088913389,0.088913389,0.088913389,0.088913389,0.088913389,-0.088913389,0.088913389,0.088913389,-0.088913389,-0.088901438,0.088913389,0.088913389,-0.088913389,-0.088913389,-0.088913389,0.088913389,0.088913389,0.088913389,-0.088913389,0.088913389,-0.088913389,-0.088913389,0.088913389,-0.088913389,0.088913389,0.088913389,0.088913389,-0.088913389,0.088913389,0.088913389,-0.088913389,-0.088913389,-0.088913389,-0.088913389,0.088913389,-0.088913389,0.088908568,-0.088913389,-0.088913389,-0.088913389,-0.088913389,0.088913389,0.088913389,-0.054989975,-0.088913389,0.088913389,0.088913389,-0.088913389,-0.088913389,-0.088913389,-0.088913389,0.088913389,-0.088913389,0.088913389,0.088913389,0.088913389,0.086417601,-0.088913389,0.088913389,0.088913389,-0.088913389,0.072170675,-0.088913389,-0.088913389,0.088913389,-0.088913389,0.088913389,-0.088913389,-0.088913389,-0.088913389,0.088913389,-0.088913389,0.088913389,0.088913389,0.088913389,0.088913389,0.088913389,0.088913389,0.088913389,-0.088913389,0.088913389,0.088913389,0.088913389,-0.088913389,0.088913389,-0.088913389,0.088913389,-0.088913389,0.088913389,-0.088913389,-0.088913389,0.088913389,-0.088913389,-0.088913389,0.088913389,0.088913389,-0.088913389,-0.088913389,-0.088913389,0.088913389,0.088913389,0.063776843,0.088913389,0.088913389,-0.088913389,0.088913389,-0.088913389,-0.088913389,0.088913389,0.088913389,0.088913389,0.088913389,0.088913389,0.088913389,-0.088584498,0.088913389,0.088913389,0.088913389
penicillin g benzathine,WIDKTXGNSOORHA-CJHXQPGBSA-N,A4,-0.114057057,0.097304337,0.052116197,-0.100982726,-0.110221341,0.113473378,-0.056390181,0.096779652,0.046317834,0.108174622,-0.107224882,-0.023633244,-0.058097091,0.11588905,0.031964045,0.044248939,-0.104492679,0.062520839,0.06194124,0.065914795,0.017345179,0.074885935,0.11485137,0.113448851,0.006254407,-0.033274822,0.027684836,-0.115184963,0.043530066,0.072200067,-0.115622021,-0.097732507,-0.091921747,0.11213886,-0.07398726,-0.114038788,0.066683918,0.105540864,0.102494061,0.048885319,0.10841161,-0.040966157,-0.005970918,-0.033869546,0.039582796,0.013437808,0.093060046,0.082058191,0.096062452,0.104153693,-0.094195426,0.101205796,-0.106339984,-0.028604874,0.020250518,-0.080015503,0.106847644,0.09875793,0.114208825,-0.028506011,0.095507063,0.002440604,-0.099706918,-0.107343197,-0.114205047,-0.056987077,0.11258623,0.116107352,0.101515949,0.115746245,0.022137867,0.061615996,0.112344891,0.111191384,-0.114475228,0.073152021,-0.078402758,-0.107190184,-0.091630429,-0.044173993,-0.009763644,-0.115726687,-0.023172775,-0.073886618,-0.112291828,-0.10236685,0.116103932,-0.099266253,0.116100609,0.105630144,-0.112376139,-0.017090907,0.083105594,-0.115987718,0.012301083,-0.012857777,-0.08594881,-0.103044607,0.114416488,0.116143554,0.092604578,0.103118889,0.114924245,0.116127081,0.089732282,0.109965906,0.041843232,0.114178613,-0.101873964,0.092188999,0.109104373,-0.101018555,-0.018228143,-0.115988225,0.114930667,-0.009508817,0.113611102,-0.104916528,-0.076754451,0.095789351,-0.06366843,-0.06199833,0.104018517,-0.069458306,0.105837852,-0.115481228,-0.064108968,0.083739541
penicillin g potassium,IYNDLOXRXUOGIU-LQDWTQKMSA-M,A4,0.033322155,0.082330398,-0.095631637,-0.106069826,-0.106839307,-0.095759161,-0.066587202,-0.074861579,0.047760528,-0.023922719,-0.028759172,-0.040354505,-0.092812873,0.029542536,0.088468134,-0.106678344,0.106518649,-0.05646354,-0.104365326,0.062991038,-0.036743909,-0.097835004,-0.106844842,0.013305282,0.105898514,-0.051482264,-0.062020618,-0.106450133,-0.040663708,-0.10683544,-0.055022318,-0.105616204,-0.017788174,0.106441274,-0.089953333,-0.006080092,0.106724292,0.105736464,-0.062377274,-0.100131601,0.106764242,0.097100586,0.054663692,0.106536195,-0.106488608,-0.056153364,-0.106052339,0.106731139,-0.053469915,0.015357004,0.106777295,0.105763286,0.04904541,0.093742058,0.028507289,-0.10642536,0.106775112,0.096544959,-0.061838619,-0.009949994,0.106796563,0.087096483,0.106515542,-0.047769602,-0.106583953,0.052649494,0.106579848,0.106677487,0.10682252,-0.100897476,0.076523267,-0.055930976,0.106622033,0.102984652,0.104823954,-0.106847934,0.103660136,-0.105310328,-0.096142322,0.106207661,-0.062835746,-0.103196852,-0.070729323,-0.105371006,0.028129946,-0.106621593,0.10684295,-0.106816217,0.105771154,-0.098353602,-0.105579048,-0.106081165,-0.098828949,-0.098730035,0.06760399,0.105279893,-0.003819372,0.10446465,-0.0693385,0.106524006,-0.097092137,0.106627859,0.104884848,0.106844664,0.106017716,-0.081504501,0.106633738,-0.096056506,0.012237314,-0.010276636,0.104834355,-0.106479108,0.106849201,0.016505813,0.103676789,0.076310337,0.041628677,0.105337292,-0.106841788,0.097772956,-0.106788717,-0.105629139,-0.106800057,-0.037500758,0.105093546,-0.104101561,-0.106480479,-0.061073892
penicillin g sodium,FCPVYOBCFFNJFS-LQDWTQKMSA-M,A4,0.001513167,0.080123074,-0.09697362,-0.105932333,-0.106775738,-0.097900376,-0.034401458,-0.071424492,0.05321651,0.011476961,-0.04466626,-0.007565362,-0.07410863,-0.022780169,0.086933784,-0.10662663,0.106468178,-0.061613467,-0.105760939,0.049628451,-0.079833314,-0.081052184,-0.106778465,-0.044164725,0.106406473,-0.022003535,-0.025002895,-0.10648834,-0.017776312,-0.106770396,-0.067522451,-0.105930589,-0.024824224,0.106409281,-0.091249742,-0.034293734,0.106702708,0.105614051,-0.073786214,-0.099981248,0.106651664,0.099959776,0.054262843,0.106624983,-0.106363378,-0.074662916,-0.106311597,0.10662441,-0.050396051,0.028819542,0.1067065,0.103547521,0.046617866,0.099174276,-0.034504019,-0.105835788,0.106738992,0.101641953,-0.061777402,-0.013774745,0.106662296,0.096771151,0.106499016,-0.061708458,-0.106669538,0.058936767,0.106688254,0.106221728,0.106760256,-0.102576256,0.070025437,-0.050714899,0.106554158,0.105374441,0.103097804,-0.106780261,0.10356196,-0.104385912,-0.098105796,0.105972797,-0.072955042,-0.103755839,-0.061643973,-0.10621576,0.052627534,-0.106535584,0.106779099,-0.106760226,0.105988823,-0.09711276,-0.105950624,-0.106198303,-0.10042157,-0.100452073,0.057445593,0.105780743,-0.003700809,0.104184248,-0.065602511,0.10617692,-0.092991732,0.106547967,0.105771802,0.106777713,0.106245175,-0.047625419,0.106383413,-0.093894407,-0.000474992,-0.025472771,0.104528718,-0.106517449,0.10678111,0.030447787,0.101257175,0.093768105,0.051438238,0.105877392,-0.106778599,0.080889404,-0.106704585,-0.105846956,-0.106746987,-0.053950913,0.10426525,-0.104447581,-0.106646262,-0.06748642
penicillin v,BPLBGHOLXOTWMN-MBNYWOFBSA-N,A4,0.103495531,0.048793618,0.085004784,-0.102404766,-0.103742927,-0.102822557,-0.10377457,0.103670195,0.093338557,-0.039323594,-0.095869638,0.099030435,-0.103816435,0.102062404,-0.103756137,-0.103424527,-0.00432058,0.075849287,0.038142987,0.09421052,0.103823833,-0.09965466,-0.102988452,0.102462567,0.059374049,-0.097943716,-0.044327505,-0.102363251,-0.10382013,-0.08249177,0.051125467,-0.103710562,-0.068809301,0.103777893,-0.102771744,0.05275926,-0.024547882,0.096679553,-0.093365587,0.031462006,0.098737977,-0.077841178,-0.089972898,-0.055935975,-0.054709226,0.099536732,0.095573984,0.10381113,0.092613257,-0.10339383,0.103392422,0.103571326,-0.031755861,-0.073246844,0.103834465,-0.10326165,-0.007465851,-0.085628912,-0.001954939,-0.093547188,0.103813954,-0.076359682,0.103850283,-0.095667101,-0.067318998,-0.079539835,-0.021952379,0.103844769,-0.103616484,0.103680067,0.097183622,0.024042958,0.103786461,0.053791851,0.103780337,-0.103030935,0.097524785,-0.099148467,-0.055014491,0.102561951,-0.070798434,0.095205873,-0.103651606,-0.069814809,-0.098433606,-0.103389166,-0.090184338,-0.10384848,0.072101168,-0.103718162,-0.103752889,-0.082263045,0.038030829,0.102371506,-0.103849836,0.071159519,0.037206516,0.079120047,0.070763163,0.10385257,-0.098497182,0.102246597,0.068381123,0.103851743,0.082093939,-0.103415117,0.103840299,0.103019394,0.095424764,-0.085866347,0.103442408,-0.085964859,0.103849404,-0.040627778,0.101789095,-0.101837717,-0.057623543,0.102532655,0.080160402,0.103318624,-0.102883093,-0.098888665,-0.08946418,-0.103767894,0.098641068,-0.075200893,0.084085919,0.022061847
penicillin v potassium,HCTVWSOKIJULET-LQDWTQKMSA-M,A4,0.081278369,0.062895164,-0.067935959,-0.105959572,-0.106392249,-0.086109504,-0.099096835,-0.028042009,0.042591378,0.056503635,0.02024282,-0.002726071,-0.00494004,-0.010020022,0.029504858,-0.106284149,0.099479817,0.008805731,-0.105884731,-0.002391214,-0.010025307,-0.072431818,-0.106394395,-0.088593937,0.10605742,0.010033566,0.071055472,-0.106152669,-0.021831851,-0.106362745,-0.009956291,-0.105098121,-0.073676303,0.106314279,-0.103329636,-0.060307883,0.106330156,0.104144901,-0.077540025,-0.085491292,0.106219888,0.092145614,0.036269445,0.106231794,-0.106009804,-0.086987793,-0.103909701,0.10619913,-0.065572426,-0.02012581,0.106359668,0.088398665,0.031339221,0.104195982,-0.066606306,-0.106255576,0.10631185,0.103042938,-0.055655397,-0.058074567,0.10625048,0.10261184,0.106202275,-0.097856373,-0.106370598,0.070305385,0.10593421,0.106025361,0.106260203,-0.099833883,0.039994147,-0.068541802,0.106223725,0.101665676,0.104735151,-0.106395252,0.105846047,-0.103625134,-0.097799063,0.102877915,-0.052167844,-0.099389315,-0.09894979,-0.106105939,0.066316471,-0.106173411,0.106393971,-0.106395125,0.103727512,-0.104273759,-0.105181351,-0.10410665,-0.102439851,-0.100507692,-0.063712232,0.103914641,-0.007810231,0.098317429,-0.033157356,0.106101774,-0.094545521,0.106263451,0.105438776,0.106394805,0.106306717,-0.079018265,0.106282122,-0.087720871,0.031983305,-0.083366223,0.102488838,-0.106238224,0.106395595,0.028978877,0.098064348,0.092709452,0.017415926,0.10552679,-0.106390804,0.029203488,-0.106365703,-0.106107272,-0.106314555,-0.098616056,0.105188213,-0.104785129,-0.106243849,-0.053009618
pentamidine,XDRYMKDFEDOLFX-UHFFFAOYSA-N,A4,0.090435944,-0.090435944,-0.090435944,0.090435944,0.090435944,0.090435944,0.090435944,-0.00998699,-0.090337545,0.090435944,0.090435944,-0.090435944,-0.090435944,0.090435944,-0.090435944,0.049713574,0.090435944,0.090435944,-0.090435944,0.090435944,0.090435944,-0.090435944,0.090435944,-0.090435944,0.089710556,-0.090435944,-0.090435944,0.090435944,0.090435944,0.0372965,-0.090435944,-0.090435944,0.079631232,-0.090435944,0.090435944,-0.090433769,0.090390503,0.090434559,0.090435944,0.090435758,0.090435944,0.090435944,-0.090406671,0.090435944,0.090414613,-0.090435818,0.090435944,-0.090435944,0.090435944,0.090435944,0.090435944,0.090435222,0.090434462,0.090435944,-0.089428805,0.090435944,0.090435944,-0.012090863,0.090435944,-0.090435162,0.090435944,0.090435944,-0.090435944,0.090435944,-0.090435944,-0.090435944,0.085704528,-0.090435944,0.089081138,0.090435944,-0.090435944,-0.090432741,-0.0904212,0.090435944,-0.090435944,0.090435944,-0.090435944,-0.089834616,0.090435944,0.090435944,0.090435944,0.005956342,0.090414092,0.090435944,-0.087465592,-0.090435944,-0.090435944,0.090435944,-0.090430073,0.090435944,0.090435892,0.090435944,-0.090435944,0.090435944,0.090435944,-0.090435944,0.090435944,-0.090435944,0.090435944,-0.090435944,-0.08643803,-0.090435944,0.090435944,0.090435944,0.090435944,-0.090435944,-0.090435944,-0.089757398,0.090435944,0.090435944,-0.090435944,0.084904902,-0.090435944,-0.090435944,-0.090341642,-0.090435944,0.090435944,-0.061508797,-0.090435944,-0.090435944,0.090435944,0.090435542,0.090435944,0.090435944,-0.090435944,-0.090435944,0.090435944,-0.090435944
piperacillin,IVBHGBMCVLDMKU-GXNBUGAJSA-N,A4,0.100524493,0.029816799,0.0988883,-0.1009271,-0.101078123,-0.090427265,-0.101024419,0.100932598,0.011976411,0.094320022,-0.097127825,0.044713791,0.015236525,0.093888111,-0.100235686,-0.062987179,-0.101023361,0.03720947,-0.084129103,0.09784887,0.101060718,-0.093498796,-0.099490948,0.100973338,-0.098228998,-0.100966901,0.09957017,-0.10107705,-0.077379555,0.094706945,0.012348334,-0.101075895,-0.100137331,0.101079091,-0.097073294,0.069092192,-0.089363232,0.100692578,0.07982827,0.096247412,0.098992318,-0.101066433,-0.089239128,0.098905213,-0.100158654,-0.021660456,0.094341926,0.101016112,0.095085792,-0.099518463,0.096064635,0.095101945,-0.096649595,-0.060361959,0.098830268,-0.099716142,0.058423862,0.099864073,0.092560917,-0.100516133,0.10104271,0.026783776,0.074945085,-0.085994944,-0.099164106,0.054482978,-0.095108457,0.101079293,-0.092273705,0.100994214,0.047893811,0.035717841,0.100944959,0.07824184,0.101068921,-0.101068586,0.101045981,-0.10097485,-0.097249635,0.065965511,-0.014082715,-0.054248933,-0.10107895,-0.096246004,0.071947031,-0.100927435,0.101070613,-0.101079293,0.062224858,-0.090236321,-0.09732943,-0.027749578,0.077533945,0.091629237,-0.101079293,-0.086957313,-0.08822386,-0.035376042,0.100919843,0.101067372,0.023015101,0.082521498,0.095134705,0.101079293,0.101063512,-0.098899603,0.101078063,0.101077557,0.061271083,-0.100303575,0.099933922,-0.101078987,0.100698963,-0.09989769,0.088008977,0.101048231,0.035167247,0.079008706,0.100877374,-0.052548278,-0.101077795,-0.10038057,-0.033949889,-0.101077788,0.099561155,-0.095481411,-0.071959607,-0.098152265
pirlimycin,HBJOXQRURQPDEX-MHXMMLMNSA-N,A4,0.092750758,0.037229888,0.092742279,-0.092742302,0.059605651,0.092752144,-0.071619704,-0.092752144,0.092440695,0.092752144,0.092743054,0.092716932,0.092325628,0.002949697,-0.091901816,-0.092524722,-0.092752144,0.092705674,-0.092752114,0.092751198,0.092751518,-0.092752054,0.092752144,0.092750914,-0.092752144,0.092752144,-0.092744581,0.092430778,0.091930971,0.005447428,-0.092752144,0.09274973,-0.092751555,-0.092752144,-0.092531882,-0.092752144,-0.092752144,-0.092752144,0.092702784,0.092751175,0.080234103,-0.092752144,-0.092752144,-0.068488277,-0.092752144,0.092751235,-0.092746198,-0.092751965,-0.092752144,0.092752144,0.092752144,-0.092752144,0.092727803,0.092752144,-0.078479588,-0.092752144,0.085025936,0.035046421,-0.092751764,-0.092744976,-0.092730321,0.06768959,0.092732333,0.092741802,-0.092752144,0.092743367,0.080310605,-0.092752144,-0.092536703,-0.092750661,0.092752144,-0.092752121,-0.09275014,-0.039550602,-0.092752144,0.092741013,-0.092752144,0.092752144,0.092751592,0.092752144,0.092752144,-0.033479299,-0.092746429,-0.068331674,-0.092749082,0.091248982,0.092752002,-0.088572785,-0.092751943,-0.036451351,-0.012999935,-0.092752114,0.092464224,0.092677124,-0.092752144,0.09275198,0.092747651,-0.092752144,-0.092644893,0.092751794,0.092751987,0.092752144,0.092734396,0.092751794,0.092752144,0.090361394,-0.092750706,0.092752002,-0.058291774,-0.092745073,-0.092729911,0.091617689,-0.092752144,-0.092752144,-0.092745028,-0.092752144,0.092733972,-0.092255443,0.092751212,-0.09200947,0.079521783,-0.091557868,0.092752144,-0.091588356,0.092509076,0.092752144,0.092752144,0.092730984
plazomicin,IYDYFVUFSPQPPV-PEXOCOHZSA-N,A4,0.08466354,-0.091530785,-0.003939512,0.062998012,0.092143044,0.092143044,-0.092143044,-0.087393634,-0.09211982,0.092143044,0.092143044,0.080666177,-0.092143044,0.092143044,-0.092143044,0.09213265,-0.092143044,0.092143044,-0.091985635,0.092143044,-0.092139453,0.092140429,0.092143044,-0.091981292,-0.092143044,0.092142135,-0.092143044,0.086748041,0.092140138,-0.03126261,-0.092143044,-0.079157241,-0.092133418,-0.092143029,-0.089360699,-0.092143044,-0.092143044,0.071275435,-0.089342095,0.088749669,-0.02866577,0.080651127,-0.092141971,0.092104122,-0.092143044,0.091927707,0.092134096,-0.092143044,-0.090093665,0.092143044,-0.092143044,-0.092143044,-0.092107557,0.092126213,0.092143044,-0.092142992,-0.07100632,-0.0765834,-0.068878703,-0.092143044,0.085447378,-0.092018522,-0.092143044,-0.092143044,-0.092143044,-0.092143044,0.092143044,0.092142813,0.092143044,0.092143044,-0.090933718,-0.091713078,-0.092143044,0.092140637,-0.092143044,0.092143044,-0.092140608,0.091068402,0.092142075,0.092057407,0.092143044,-0.001882688,0.092141256,-0.092143044,-0.092143044,-0.092125431,0.092143044,0.090094768,0.092143044,0.092143044,-0.092143044,-0.092143044,0.092142828,-0.092143044,-0.087030813,0.092006154,-0.090540513,-0.092143044,0.092143044,0.092143044,-0.077845685,0.092143044,0.092142753,0.092143044,0.092143044,-0.092142977,-0.081584901,-0.092138574,-0.046021048,-0.092143014,-0.092143044,0.092143044,-0.092143044,-0.092143044,-0.089695714,-0.092143044,0.092143044,-0.092143044,-0.092143044,-0.014359816,0.084062755,-0.092143044,0.092140831,-0.092073202,-0.092142463,0.085654534,0.092143044,-0.092143044
polymyxin b,WQVJHHACXVLGBL-BPJDFBQWSA-N,A4,0.090640523,-0.059566185,-0.090640567,-0.090640567,0.086737283,0.090640567,0.090640448,-0.090638421,0.090640567,0.090640567,0.090640567,-0.090640567,0.090623625,-0.033177137,0.090640567,-0.090640567,-0.071847782,0.090640567,-0.090640567,0.090640567,0.090640567,-0.090640567,0.090640567,-0.090640567,-0.090640567,0.090640567,-0.090640567,0.090639815,0.090640567,-0.090640008,-0.090640567,-0.078410581,0.090640567,-0.090640567,0.090640567,-0.074198171,-0.090640567,0.046723533,0.090640567,0.090640508,-0.084496468,-0.090640083,-0.090640567,0.090640567,-0.090267688,0.090640567,0.090640567,-0.090640567,-0.073280104,0.090640567,0.090559639,0.090640567,0.090639241,0.090640567,-0.090640567,-0.090640567,0.090640567,-0.090640567,-0.090640567,-0.090640567,-0.090640567,0.090640567,0.090439685,0.090640567,-0.090640567,-0.090640567,0.090640567,0.090640567,0.090640567,-0.03625622,-0.066577606,-0.090640567,-0.090640567,-0.090640515,-0.090640567,0.090640567,-0.09064047,0.086914524,0.090640567,0.090640567,0.090640567,0.090640567,0.044729449,0.090520732,-0.090640567,-0.090640567,0.090640567,0.090640567,-0.086479813,0.090640567,0.090640567,-0.090630382,-0.090640567,-0.090637796,0.090640567,0.090640284,0.090640567,-0.090640567,0.090640567,0.090640567,0.090640359,0.090640567,0.090640567,0.090640567,0.090639032,-0.083566345,-0.089537121,-0.090640567,0.090505205,0.090640567,0.090639554,0.090598278,-0.090640567,-0.090640567,0.090640478,-0.090640567,0.090640567,-0.09058734,-0.090640567,-0.090640567,-0.090640567,0.09063904,0.090640567,0.090640567,0.090640567,-0.082362548,0.090640567,-0.090640254
polysporin,SGPYLFWAQBAXCZ-RUDZPDEXSA-N,A4,0.090128809,-0.090128809,-0.090128809,-0.090128809,0.090128809,0.090128809,0.087764762,-0.090128809,0.090128809,0.090128809,0.090128809,-0.090128809,-0.090128809,0.090128735,-0.07817436,-0.090128809,0.09000852,0.090128809,-0.090128809,0.090128809,0.090128809,-0.090128809,0.090128809,-0.090128809,-0.090128809,-0.052711584,-0.090128809,0.090128809,0.090128809,-0.090046458,-0.090128809,0.056740772,0.090128809,-0.090128809,0.090128809,-0.090128809,-0.090128809,-0.09009172,0.062679663,0.090128809,-0.090052575,0.090023324,-0.090128809,0.090128809,-0.090128809,0.090128809,0.090128809,-0.090128809,0.090128735,0.090128809,0.090128809,0.090071626,0.081812888,0.090128809,0.090128794,-0.090128809,0.090128809,-0.090125568,-0.090128809,-0.090128809,-0.090128809,0.090128809,-0.089728929,0.090128809,-0.090128809,-0.090128809,0.090128809,-0.090117335,0.090128809,0.090102151,-0.09012863,-0.090128809,-0.090128809,-0.090049542,-0.090128809,0.090128809,-0.090128809,0.089865655,0.090128809,0.090128809,0.090128809,0.090128809,0.090076536,-0.090128809,-0.090128809,-0.090128809,0.090128809,0.090128809,0.086552218,0.090128809,-0.030504702,-0.090128809,-0.090128809,-0.090127669,0.090128809,0.084882937,0.090128809,-0.090128809,0.090128809,0.090128809,0.087419435,0.090128809,0.090128809,0.090128809,0.08984115,-0.090128809,-0.090055719,-0.090128809,0.090128809,0.090128809,-0.089771777,0.090128183,-0.090128809,-0.090128809,0.049163669,-0.090128809,0.090128809,-0.090128809,-0.090128809,-0.090128809,-0.085561872,-0.08898022,0.090128809,0.090128809,0.090128541,0.054430515,0.090128809,-0.090128809
prednisone,XOFYZVNMUHMLCC-ZPOLXVRWSA-N,A4,0.089783654,-0.089780569,-0.089783654,0.089783654,0.083257616,0.089596018,0.089055583,0.089783303,-0.089775361,-0.089783654,0.089783654,0.089783654,0.084166206,-0.089783475,-0.089783654,0.089633092,-0.089783654,0.089783654,0.089778714,0.08978343,-0.089783654,0.089783654,0.089768052,-0.089783654,0.067543544,0.089783654,-0.088285498,-0.089783654,-0.089783654,-0.089783654,-0.089783654,-0.089783654,0.084829375,-0.089783654,-0.089783654,0.089783154,-0.089773096,-0.089783654,-0.089783654,-0.089783654,-0.089783654,0.089783654,-0.089783654,0.089783654,-0.086405024,-0.089783654,0.089783654,-0.089783654,-0.089775756,-0.089783654,-0.089636736,-0.089783654,-0.089783654,0.089783654,-0.04377225,-0.089783654,-0.0897412,-0.089782029,0.089783654,0.089783654,-0.089783654,0.089783654,0.089783609,-0.089783654,-0.089783654,0.089781091,-0.089782692,-0.089783654,0.089778587,-0.089781851,0.089782067,0.089782372,0.08976347,-0.089781538,0.089783654,-0.089783654,-0.089783654,-0.089584425,-0.089783654,0.086821042,0.089779995,0.089783654,-0.089783654,0.026231134,-0.089783654,-0.089783654,0.08898636,-0.089783654,-0.089783654,-0.089783654,-0.089783654,-0.089783654,0.089783654,0.089783654,-0.0895878,0.089783654,-0.089055255,0.089580677,0.089783654,0.089783654,0.089186318,0.089783654,-0.088738069,0.089783654,0.089783654,-0.089783654,-0.081171021,0.089783654,0.089783654,-0.089783654,-0.089783654,0.089783654,0.089783654,-0.089783654,-0.089783654,-0.089783654,0.089783654,-0.089783654,-0.089783654,-0.089783587,-0.089783654,-0.089783654,0.089783654,-0.089783654,-0.089767806,-0.002118291,-0.089779481,-0.089783654
pretomanid,ZLHZLMOSPGACSZ-NSHDSACASA-N,A4,-0.086900063,-0.091173597,-0.091306806,0.091306806,-0.07269419,-0.055844374,0.091306806,-0.091306679,0.091306806,-0.091304168,0.091306806,-0.091302209,-0.091306806,-0.09039285,-0.091306694,-0.091306806,-0.067718148,0.024201296,-0.091306806,0.091306806,-0.091306806,0.091306806,-0.091306806,0.091302365,0.089290135,0.091306806,0.091065586,0.091306806,0.090038396,-0.091306806,0.091148898,0.091306806,0.089184754,-0.091306806,0.091306806,-0.091253683,0.091270745,0.091305837,-0.091306806,-0.091306806,-0.091290884,0.091306806,-0.091306783,0.091306739,-0.091306806,-0.091306806,-0.091306806,-0.091306604,0.091306806,0.052789222,-0.091291279,-0.091305047,0.091306806,0.091306806,-0.091263488,0.091306597,0.091306806,-0.091306478,0.091306806,0.091306806,0.091306806,-0.091306806,0.091305777,0.086732857,-0.091306806,-0.08662539,-0.091138735,-0.091306806,0.091306806,-0.090901464,-0.090956986,-0.091306806,-0.091306806,-0.009048305,0.091306806,-0.091306806,0.091306791,-0.091306806,0.091306806,0.091306806,-0.055722721,-0.091237217,0.091306806,-0.036322974,-0.068798423,0.091306806,0.091306806,0.090732619,-0.091303051,0.091267742,0.091306806,-0.091306806,-0.065681525,-0.091306806,0.091306806,0.091306806,-0.091306806,-0.091306694,0.091080002,-0.091306806,-0.005304855,-0.0907555,0.091306806,-0.09129902,0.091306806,-0.091306806,-0.091306634,-0.091306806,-0.091306806,-0.091306806,-0.091306105,-0.086907797,0.091306806,0.091306806,0.091306806,0.091306776,0.091306753,0.09077666,-0.091306806,-0.091306806,0.091305465,-0.091306806,-0.091306806,-0.08944428,0.091304697,0.091286771,-0.091306806,0.091306806
procaine,MFDFERRIHVXMIY-UHFFFAOYSA-N,A4,-0.090004846,-0.090004846,-0.090004846,-0.090004846,0.035570249,0.090004846,0.090004846,-0.090004846,0.089307174,0.090004846,0.090004846,-0.090004846,-0.090004846,0.089944445,0.090004846,0.090004846,0.070894495,0.090004846,-0.090004846,0.090004846,0.090004846,-0.090004846,0.090004846,-0.090004846,-0.090004846,-0.080832399,-0.090001218,-0.090004846,0.090004846,-0.090004846,-0.090004846,0.090004846,0.090004846,-0.090004817,0.090004846,0.090004846,-0.090004846,-0.090004846,0.090004846,-0.090004787,0.090004846,-0.090004846,0.090004846,0.090004846,0.090004772,0.090004645,0.090004846,-0.090004846,0.090004846,0.090004846,0.08968915,0.090004846,-0.090004846,0.090004846,-0.090004846,-0.090004846,0.090004846,-0.090004846,0.01709307,-0.038899686,-0.090004846,0.090004846,-0.090004846,0.090004846,-0.090004846,-0.089976534,0.090004846,0.090004846,0.090004846,-0.090004846,0.090004846,0.090004846,-0.090004846,-0.090004846,0.090004846,-0.090004846,-0.090004846,0.090004846,-0.090004846,-0.090004846,0.090004846,-0.090004846,-0.090004846,0.014591093,0.090004846,0.090004846,0.090004846,0.090004846,-0.089979008,0.090004846,0.090004846,0.088140175,0.090004846,-0.090004846,0.090004846,-0.090004846,0.089989908,-0.090004846,0.090004846,0.090004846,-0.090004846,0.083093807,-0.090004846,-0.090004846,0.090004846,-0.089924343,-0.090004846,-0.090004846,0.090003341,0.090004846,-0.090004846,-0.090004846,0.090004846,-0.090004846,0.090004846,0.090004846,-0.090004846,0.090004846,-0.090004846,0.090004846,0.090004846,0.089972235,-0.090004846,0.090004846,-0.090004846,0.090004519,-0.081890725,-0.090004846
puromycin,RXWNCPJZOCPEPQ-NVWDDTSBSA-N,A4,0.090494484,-0.090503544,-0.090123609,-0.090503506,0.060597334,0.090503544,-0.090503477,-0.067450792,-0.090503544,0.090503544,0.090503544,-0.090503544,-0.090503544,0.090466708,-0.090503544,0.090503544,-0.090503544,0.090503544,-0.090476364,0.090503544,0.075076662,-0.090503544,0.090503544,-0.090503544,-0.090503544,-0.090244025,-0.090503544,0.090503544,0.090503544,0.057278026,-0.090503544,0.090503544,0.090503544,-0.090503544,0.090501711,-0.090503544,-0.090503544,-0.09050341,0.090498842,0.090503544,0.090503506,-0.090503544,-0.090503544,0.087304346,-0.076059632,0.090503544,0.090503544,-0.090503544,0.090503544,0.090503544,-0.071235128,-0.090503544,0.090347156,0.090503544,0.090503544,-0.090503544,0.090499289,-0.090503104,-0.090503544,-0.090503544,-0.09050338,-0.090312988,-0.090503544,-0.090503544,-0.090503544,-0.090503544,0.090503544,-0.090503544,0.090503544,0.090503544,0.090503544,-0.09050326,-0.090503544,-0.089814365,-0.090503544,0.090503544,-0.09001486,0.090503544,0.090503544,0.090503544,0.090503544,-0.090493679,-0.090503544,-0.090503544,-0.090503544,-0.090503544,0.090503544,0.090503544,-0.088034973,0.090503544,0.09025643,-0.090503544,0.090371393,-0.090503544,-0.090503544,-0.090503544,0.090503544,-0.090503544,0.090503544,0.090503544,-0.090503544,0.090503544,0.090503544,0.090499364,-0.069402941,-0.090503544,-0.090503544,-0.090503544,0.090503544,-0.090503544,-0.090503544,0.090503544,-0.090503544,-0.090503544,-0.05118617,-0.090503544,0.090503544,-0.090503544,-0.090503544,0.015737165,0.090503544,0.068054676,-0.090503544,0.090503544,-0.090485744,0.053305045,0.090503544,-0.090503544
pyocyanin,YNCMLFHHXWETLD-UHFFFAOYSA-N,A4,0.0933538,0.09334866,-0.093339123,0.092776082,0.093322344,0.093354426,0.062509075,-0.093352333,0.091059648,-0.093354516,0.09222921,-0.093354516,-0.093354516,0.093344577,0.090840712,-0.093354516,0.093351603,0.093354516,-0.04166247,-0.093352281,0.093354516,-0.093354516,-0.093354516,-0.090522707,0.093339287,-0.090445668,-0.093354516,0.093353935,-0.093348399,-0.093352139,0.093346506,0.093354516,0.093354464,-0.093354203,0.093354054,0.091870993,0.093354516,-0.093323849,0.080688983,-0.093354091,-0.011346533,0.093311876,-0.092584394,-0.090433091,0.03675051,-0.093354516,-0.093354486,-0.093318202,0.093236044,-0.093354516,0.093073033,0.0933538,0.09270905,0.093353845,0.09332978,-0.093347475,0.093354121,0.093354516,-0.083369069,0.085347973,0.093354106,-0.093354069,-0.09292753,0.093341313,-0.0933045,-0.093352348,-0.093354434,0.093354151,0.093354516,0.050854757,-0.04379734,0.093354516,-0.007985699,-0.093352504,0.093354516,-0.093354516,-0.008898919,-0.093354285,0.093125284,0.093352109,-0.09335342,-0.093354516,0.092965133,0.093353391,0.088143528,0.090609141,0.087414183,0.091792062,0.093354516,-0.093346678,-0.093246169,-0.051990122,-0.071163468,-0.093354516,0.093352921,-0.093344159,-0.08806105,0.092986181,-0.040762972,0.093354419,-0.093354449,-0.092863008,0.09251073,-0.090219319,0.09335427,-0.092952311,-0.093352668,-0.093354516,-0.092350014,0.09335383,0.004212526,-0.093010686,0.093354516,0.093352713,0.092938781,-0.093352586,-0.093351066,0.05700101,-0.093354516,0.093354516,-0.071369283,-0.093308017,-0.093351372,0.093354516,0.093035184,-0.093241952,0.025265791,-0.089235291
pyrazinamide,IPEHBUMCGVEMRF-UHFFFAOYSA-N,A4,0.089198411,-0.089198411,-0.089119814,0.089198411,0.089198411,-0.079104103,0.089198411,-0.089198411,0.089198411,0.089198411,0.089198411,-0.089198411,-0.089198411,0.089198411,-0.089198411,0.089198411,0.089198411,0.089198411,-0.089198411,-0.089198411,0.089198411,-0.089197174,0.089198411,-0.089198411,0.089198411,-0.089198411,-0.089198411,-0.089195698,0.089198411,0.089198411,-0.089198411,0.089198411,-0.089198411,-0.089198411,0.089198411,-0.089196853,0.089198411,-0.089198411,-0.089198411,0.089198411,0.08916682,0.089198411,0.089198411,0.089198411,0.089198411,0.088760503,-0.089198411,-0.089198411,-0.089198411,0.089198411,0.089198411,-0.089198411,0.089198411,0.089198411,0.089198411,0.089198411,-0.089198411,-0.089198411,-0.089198411,-0.089198411,-0.089187473,0.089198411,0.089198411,0.089198411,0.089198411,0.089198411,-0.089198411,-0.089198411,-0.089198411,0.089194462,-0.089198411,-0.089198411,0.089198411,-0.089136183,-0.089007095,0.089198411,-0.089198411,0.089198411,0.089198411,0.089198411,-0.074791387,-0.089198411,0.089198411,0.089198411,0.089198411,-0.089198411,-0.089198411,0.089198411,0.089198411,0.089198411,-0.089198411,-0.089198411,-0.089198411,0.089198411,0.089198411,0.089198411,0.089198411,-0.089198411,-0.001779162,-0.089197874,0.089198411,-0.089198411,-0.089198411,-0.089198411,0.089198411,0.089198411,-0.089198411,0.089198411,0.089198411,-0.047522809,-0.089198411,-0.089198411,-0.089198411,-0.089198411,-0.089198411,-0.089198411,-0.089198411,-0.089198411,-0.089198411,0.087934308,0.089198411,-0.089198411,0.089198411,0.089198411,-0.089197494,-0.087326571,0.089198411,-0.089198411
quinupristin,WTHRRGMBUAHGNI-LCYNINFDSA-N,A4,-0.093740128,0.093822464,0.093822464,-0.067653939,-0.032848276,0.093822449,0.093746632,-0.093822464,0.093125865,0.093822464,0.031932682,0.093822464,0.093820065,0.093822464,0.093822464,0.093822323,0.093541048,0.093822464,-0.0938012,0.093342751,0.093822464,0.0482397,0.093820386,-0.093822464,-0.093822464,0.093821861,-0.00566601,-0.093822263,0.086211763,-0.093818441,-0.093822464,0.093822464,0.093822464,0.067619666,0.093237028,0.093822464,-0.093788892,-0.029215194,-0.037143443,0.093822464,-0.075734392,-0.093822464,0.092800632,-0.093822405,-0.081967741,0.093822464,-0.093822308,-0.093822464,-0.093822464,0.086568937,0.093527809,0.093822464,-0.093822345,0.093249358,-0.093822464,-0.093822464,-0.093816847,-0.093702972,-0.093821943,-0.092065848,-0.093822464,0.093822464,0.093822464,0.093822464,-0.093821868,0.093822464,-0.09371075,0.093822293,0.093811713,-0.093822464,0.093822464,-0.093809426,-0.093222611,-0.093632258,0.093821801,-0.093822427,-0.09382242,0.093675122,-0.093822464,-0.093822464,0.093822464,-0.093820281,-0.025857402,-0.028868178,-0.093822464,0.093820028,0.093822464,-0.093818076,0.072271019,-0.091339573,-0.084994897,-0.093822464,0.093814954,-0.093795195,0.093818888,0.072590277,-0.092725009,-0.093821228,-0.093794569,0.093822241,-0.093812205,0.093822464,-0.093820192,0.071494721,0.093822464,-0.093537487,0.087966248,0.080288388,-0.081606753,0.005099519,0.093713351,-0.076171912,0.093822464,-0.093821846,0.078002051,-0.037435889,-0.092886619,0.093813777,-0.061437305,0.093822464,-0.092823036,0.093807243,0.090554312,0.093789019,0.093822464,0.093822464,0.093790568,-0.092261232
rifampicin,JQXXHWHPUNPDRT-WLSIYKJHSA-N,A4,-0.072993353,0.094522662,0.095626064,0.0920958,0.093686596,-0.056929104,-0.095630616,-0.077703707,0.077914409,-0.045087546,0.095512301,-0.007196086,-0.095634557,0.095634557,-0.095634557,0.095634557,-0.095634423,0.095634557,0.095634557,-0.094108693,0.09563449,0.015750734,0.095634557,0.083086364,0.084003285,-0.020657631,0.095634513,-0.095634513,0.035802662,-0.095634557,-0.095602214,0.091334105,0.095170587,0.095629603,0.083880156,-0.09563452,-0.095261984,-0.093437299,0.052497908,-0.050022233,0.095634557,0.073919348,0.095446654,-0.095634557,-0.09467642,0.095634557,0.023236835,-0.095471576,-0.095634125,-0.095628656,0.095598727,0.09542308,-0.095634557,0.09550596,0.095634557,-0.095634557,-0.095632009,0.03678751,0.095634513,-0.095633857,0.08117786,0.015344657,0.09563338,-0.095634557,-0.095634513,0.095634557,-0.093758993,0.095634557,-0.095634557,0.094504431,0.095634557,0.094054513,0.095632732,-0.091049775,0.095633954,-0.095634557,0.056141254,0.094776623,0.093251057,-0.094980121,-0.095552631,-0.079706103,0.079702996,-0.095634557,-0.095632918,-0.095624767,-0.095633633,-0.095634557,0.095634557,-0.09559913,-0.095634557,-0.095634341,0.095040776,-0.086639225,-0.095634446,0.095634557,-0.095633492,-0.011818305,-0.095588155,0.095634557,-0.095634557,0.095634557,0.095634371,-0.012467654,0.093251042,-0.095634326,0.095628835,-0.058318853,0.095634386,-0.095634557,-0.095634557,0.095137417,0.09555316,-0.095634557,0.084792987,-0.095634557,0.095400162,0.074503779,-0.095629953,0.095634557,0.063888848,-0.095634557,0.088894039,-0.09563452,0.095601536,-0.065912575,0.095631771,-0.084840037
rifamycin,HJYYPODYNSCCOU-ODRIEIDWSA-N,A4,0.089372128,0.085729554,0.089699887,0.089700125,0.015927052,0.089699,-0.083019078,-0.089687973,0.089700125,0.089700125,0.089700095,0.08968655,-0.089700125,0.089700125,-0.089700125,0.089700125,-0.089700125,0.089700125,0.089700125,-0.080293864,0.078926541,0.089700125,0.089700125,0.089700125,0.087036826,0.089699768,0.089660607,-0.089700125,-0.089303665,-0.089700125,-0.089700125,0.08969938,0.089689933,0.082931072,0.089700125,-0.089700125,-0.089700125,-0.089700125,-0.089700125,-0.089700125,0.089700125,0.089700125,0.089700125,-0.089700125,-0.08969523,0.089700125,0.089688271,-0.089700125,-0.089700125,-0.089700125,0.089700125,0.089699849,-0.089699775,0.089700125,0.089700125,-0.089700125,-0.089700125,-0.086725786,0.089700125,-0.089700125,-0.089700125,0.089671835,0.089700125,-0.089700125,-0.089700125,0.089700125,-0.083420463,0.089700125,-0.089700125,0.089700125,0.089700103,-0.089700073,0.089700125,-0.089698978,0.089700125,-0.089700125,-0.089700125,-0.088334471,0.089700043,-0.088971145,-0.089696705,-0.089696616,0.089700125,-0.089700125,-0.089700125,0.06282226,-0.089700125,-0.089700125,0.089700125,-0.089700125,-0.089700125,-0.089700125,0.089700125,-0.089303754,-0.089700125,0.089700125,-0.089693382,0.089700125,-0.089700125,0.089700125,-0.089700125,0.089700125,0.089700125,0.088440888,0.089700125,-0.089405261,0.086361617,0.089449883,0.089700125,-0.089700125,-0.089700125,0.089700125,0.089700125,-0.089700125,-0.089699633,-0.089700125,0.089699946,-0.0896933,-0.089700125,0.089700125,0.089700125,-0.089700125,0.089700125,-0.089700125,-0.007942466,0.089700125,0.089700125,-0.089700125
rifapentine,WDZCUPBHRAEYDL-GZAUEHORSA-N,A4,-0.063993402,0.095914148,0.095959753,0.093286939,0.092055701,-0.064734727,-0.095963657,-0.000820101,0.093945585,-0.078924298,0.095619194,0.095767945,-0.095963746,0.095963746,-0.095963746,0.095963746,-0.095963523,0.095963746,0.095963746,-0.088150717,0.09596093,0.095939949,0.095963746,0.028736977,0.054386623,0.031179231,0.095963463,-0.095963746,-0.051010188,-0.095963746,-0.095963746,-0.018280597,0.066652805,0.095958591,0.006770734,-0.095963709,-0.095956936,-0.092730567,-0.084889799,-0.093899339,0.095963746,0.09092135,0.095423549,-0.095963746,-0.095834389,0.095963746,0.05824155,-0.095726013,-0.095963486,-0.09596353,0.095862508,0.095944524,-0.095963746,0.095893174,0.095963746,-0.095963746,-0.095955282,0.027553366,0.095963746,-0.095963702,0.093090244,0.080620639,0.09596359,-0.095963746,-0.095963635,0.095963746,-0.011289314,0.095963746,-0.095963694,0.095780507,0.095963746,0.093719117,0.09596353,-0.040664554,0.095963106,-0.095963746,-0.041604932,0.093434215,0.069767088,-0.095752902,-0.095686503,0.075450785,0.086785279,-0.095963746,-0.095963746,-0.095961176,-0.095960572,-0.095963746,0.095963746,-0.095901668,-0.095963746,-0.095963664,0.095839135,-0.076587215,-0.095963456,0.095963746,-0.095963128,-0.005980014,-0.095508352,0.095963746,-0.095963746,0.095963746,0.095963709,0.095795773,0.095917575,-0.095963709,0.095963642,0.003491458,0.095957048,-0.095963746,-0.095963687,0.095872462,0.09596166,-0.095963746,0.087899014,-0.095963746,0.095952258,-0.053453948,-0.09596286,0.095963746,-0.06193177,-0.095963746,0.094250172,-0.095963746,0.095556661,0.026451457,0.095962599,-0.092868611
rifaximin,NZCRJKRKKOLAOJ-XRCRFVBUSA-N,A4,0.082386799,0.085665978,0.090758689,0.090905875,0.067947559,0.09004119,-0.089411542,-0.08863198,0.090905875,0.090059802,0.090860501,0.090841517,-0.090905875,0.090905875,-0.090905875,0.090905875,-0.090903156,0.090905875,0.090905771,-0.090291195,0.090397544,0.090904087,0.090905875,0.013136434,0.054353464,0.089735888,0.090896986,-0.090905875,0.070665009,-0.090905875,-0.090905875,0.086525328,0.088936269,0.090255827,0.09090542,-0.090905763,-0.090905875,-0.090905838,-0.090903841,-0.090902776,0.090905704,0.090902336,0.090893291,-0.090905875,-0.090893835,0.090905875,0.090649225,-0.090905875,-0.090905875,-0.09090583,0.090896808,0.090895809,-0.090905875,0.090905875,0.090905875,-0.090905875,-0.090905875,0.090041548,0.090905778,-0.090904988,-0.090886503,0.090701193,0.090905666,-0.090905875,-0.090905875,0.090905875,-0.076970272,0.090905875,-0.09090583,0.089865372,0.090905391,-0.090835571,0.090905525,-0.089018323,0.09090586,-0.090905823,-0.090905353,0.068177685,0.090636469,-0.090411596,-0.089632139,-0.072296642,0.090905875,-0.090905875,-0.090905875,-0.012424914,-0.090905845,-0.090905853,0.090905875,-0.090905815,-0.090905875,-0.090905875,0.090876915,-0.079816721,-0.09090104,0.090905875,-0.090905875,0.089995183,-0.090905398,0.090905875,-0.090905875,0.090905875,0.090905875,0.056638062,0.090905875,-0.090899296,0.09034089,0.090671055,0.090904087,-0.090905875,-0.090905875,0.090903983,0.090905465,-0.090905875,-0.09085203,-0.090905875,0.090904653,-0.065155432,-0.090903521,0.090905875,0.090892196,-0.090905875,0.090882853,-0.090905875,-0.074104756,0.090821497,0.090905875,-0.090900652
roxithromycin,RXZBMPWDPOLZGW-XMRMVWPWSA-N,A4,-0.041086596,0.099273346,0.099353895,-0.099357054,-0.099533789,0.099512875,-0.086144514,0.088878512,-0.081394345,0.0995287,0.084356226,0.099383585,0.09953621,0.099226072,0.098503411,0.082080394,-0.099492297,0.050502378,-0.096472338,-0.09054625,0.039894946,0.097696282,0.021223398,-0.096114993,-0.094223514,0.096792594,0.096427172,-0.099017672,-0.094383694,-0.072447114,-0.099268958,-0.00197715,-0.08468163,0.099516399,-0.09933757,-0.095528118,0.082621954,0.099006265,0.098404706,0.083767027,0.089725398,-0.0995012,-0.01605528,0.070389144,0.082922362,0.094299458,0.000886438,0.098829485,-0.099467002,0.095109008,-0.05709938,-0.082744911,-0.098766357,0.098316476,-0.099536419,-0.099536858,0.089966975,0.032527447,-0.006842877,-0.099383712,0.036989078,0.099534474,0.099085003,-0.096808821,-0.099519163,0.099425033,0.099511415,0.099484771,0.099511266,0.039441977,0.092341274,-0.033428561,0.099071339,0.099345453,-0.099311471,-0.099208146,-0.090925299,0.014060131,-0.099340312,-0.097184956,0.099535331,-0.071473621,-0.099526383,-0.099466302,-0.098427996,-0.09946163,0.099536858,-0.099536821,0.099406935,-0.083513521,-0.099166565,-0.099491701,-0.092301741,-0.099514276,-0.098048903,0.083162189,0.088560194,-0.099532411,0.097380057,0.09953256,0.088907622,0.099536858,0.061291419,0.099536858,0.099536858,-0.061028153,0.099465109,0.093362041,0.06531316,-0.067622475,0.099041641,-0.091512457,0.099513724,-0.099536367,0.099511497,0.014889367,0.098860212,-0.096004777,-0.09948232,0.093142055,-0.099387228,-0.068454295,-0.028454736,-0.097563505,0.084821016,-0.079115286,-0.019084858,0.09001404
salinomycin,KQXDHUJYNAXLNZ-XQSDOZFQSA-N,A4,0.08901792,0.08901792,0.08901792,0.08901792,-0.087612867,0.08901792,-0.088886887,0.089010328,0.089017384,0.08901792,-0.08901792,0.08901792,-0.08901792,0.08901792,-0.089012243,-0.08901792,-0.08901792,0.08901792,-0.08901792,0.089017838,0.08901792,0.08901792,-0.08901792,-0.035609208,-0.08901792,0.08901792,-0.08901792,-0.082619205,-0.08901792,-0.08901792,-0.08901792,-0.08901792,0.08901792,0.08901792,-0.08901792,0.08901643,0.08901792,-0.08901792,-0.08901792,0.08328297,-0.088181354,0.088529535,0.083052635,-0.08901792,0.089008495,0.08901792,0.089017443,-0.08901792,-0.08901792,-0.08901792,0.08901792,0.08901792,-0.08901792,0.08901792,0.08901792,-0.08901792,0.08901792,-0.08901792,0.08901792,-0.08901792,-0.08901792,0.08901792,0.08901792,0.089017779,-0.08901792,0.08901792,-0.083583467,0.08901792,0.08901792,0.073598266,-0.08901792,0.08901792,0.08901792,-0.08901792,0.08901792,-0.08901792,-0.08901792,-0.08901792,-0.08901792,-0.08901792,0.08901792,0.089017503,-0.08901789,0.08901792,-0.08901792,0.08901792,0.08901792,-0.08901792,0.08901792,-0.08901792,-0.08901792,-0.08901792,0.08901792,-0.08901792,-0.089016326,0.089017853,0.08901792,0.08901792,0.088894494,0.08901792,-0.08901792,0.08901792,-0.08901792,0.08901792,0.08901792,-0.08901792,-0.089017689,-0.08901792,0.08901792,0.08901792,-0.08901792,0.089015223,0.08901792,-0.08901792,0.085886233,-0.089017853,-0.08901792,0.08901792,-0.08901792,0.08901792,-0.08901792,-0.08901792,0.08901792,-0.08901792,0.08901792,0.08901792,0.08901599,-0.08901792
sanguinarine,INVGWHRKADIJHF-UHFFFAOYSA-N,A4,0.089760534,-0.089760534,-0.089760534,0.089760534,0.089750618,0.089760534,0.089760534,0.089192256,0.084011272,-0.089760534,0.089760534,-0.089760534,-0.089760534,-0.088315696,0.089760505,-0.089760534,-0.089760534,0.089760534,-0.089760534,-0.089760534,0.089760534,-0.089760534,-0.089760534,-0.089760534,0.089760534,0.089760534,-0.089760534,-0.089759834,-0.088802755,-0.057483487,0.0897559,0.089760534,0.089760534,-0.089748345,0.089760534,0.053329244,0.089760534,-0.089760534,-0.089760534,-0.08854273,-0.089760534,0.089760534,0.089759797,0.08976052,0.089759842,-0.089760534,-0.089760534,-0.089760534,0.089760534,-0.089760534,0.089613587,0.089755557,0.089760534,0.089760534,0.089760534,-0.089760534,0.089760534,0.089760534,0.089760497,-0.085721642,-0.089760125,-0.089760534,-0.089760534,-0.089760534,-0.089760534,0.046363708,-0.089760534,0.089505501,0.089760534,-0.08875557,-0.089760534,0.089760534,-0.089760534,-0.089760534,0.089760534,-0.089760534,0.089760534,-0.089760534,-0.053559337,-0.089726478,-0.089760534,-0.089760534,0.089758813,0.089757308,0.089760534,0.089760534,0.089760534,-0.089760534,-0.089758135,-0.089760534,-0.065770917,-0.089760534,0.089760534,-0.089760534,0.089760534,-0.086883202,-0.089760534,-0.089760534,0.089760534,0.089760534,-0.089760534,-0.089760445,-0.088556588,-0.089760534,0.089760534,-0.089760534,-0.089760534,-0.089760534,-0.089760385,0.089583859,-0.089760534,-0.089753568,0.089760534,0.089760534,0.089760534,0.08974804,-0.089760534,0.089760534,-0.089760534,0.089760534,0.089705639,-0.089760534,0.074806631,0.089760534,0.089760534,0.089760534,-0.089760534,-0.086649999
secnidazole,KPQZUUQMTUIKBP-UHFFFAOYSA-N,A4,0.088632502,-0.088632502,-0.088632502,0.088632502,0.088632502,0.088557482,0.088632502,0.088632397,0.088632502,-0.088632189,0.088632502,-0.088632502,-0.088632502,-0.088632502,-0.088632502,-0.088632502,-0.088632502,0.088632502,-0.088632502,-0.081503332,-0.088632502,0.088632502,-0.088632502,-0.088632502,0.088632502,0.088632502,-0.088632502,0.088632502,-0.088632502,-0.069145702,0.088632502,0.088632502,0.088632502,-0.088632502,0.088632502,0.088632502,0.088632502,0.088632144,-0.088632502,-0.088632502,-0.088632502,0.088632502,-0.088629477,-0.088630706,0.088632502,-0.088632502,-0.088632502,-0.088632502,0.088632502,-0.088632502,-0.088632502,0.084817514,0.088632502,0.088632502,-0.088632502,0.08863245,0.088632502,-0.088632472,0.088632412,0.088632502,0.088632502,-0.088632502,-0.088632502,-0.088632502,-0.088632502,0.088632502,-0.088632502,-0.088632502,0.088632502,0.088632502,0.085466184,0.088632502,-0.088632502,0.088632502,0.088632502,-0.088632502,-0.088632502,-0.088632502,0.088632502,0.088632457,-0.088632502,-0.088632502,0.088632502,-0.088632502,0.088632502,0.088632502,0.088632502,0.088632502,0.088632502,-0.088609375,-0.088571854,-0.088632502,-0.088632502,-0.088632502,0.088632502,-0.088632502,0.088632502,-0.088632502,0.088632502,-0.088632502,-0.088632502,-0.088632502,-0.088632502,-0.088632502,0.088632502,-0.088632502,-0.088632502,-0.088632502,0.088632502,-0.088632502,-0.088632502,0.088632502,0.088632502,0.088632502,-0.088624977,-0.088632502,-0.088632502,-0.088624895,-0.088632502,0.088632502,0.088632502,-0.088632502,-0.088632502,0.088632502,0.088632502,0.088632502,-0.088632502,-0.088632502
sitafloxacin,PNUZDKCDAWUEGK-CYZMBNFOSA-N,A4,-0.094150402,-0.087989517,-0.094150253,0.094150402,0.090995714,-0.094150402,0.09415023,0.078026839,-0.094144829,-0.094150402,-0.094150402,0.094148695,0.057711046,-0.094150029,-0.094150402,-0.094150133,0.094148546,-0.094089113,0.094148129,0.09401428,0.094147921,0.094150402,-0.092439935,0.045809135,0.094121851,-0.094150402,0.094043426,0.078616075,-0.094150402,-0.094094045,-0.094150402,-0.094150402,-0.081720158,-0.094150402,0.091110244,0.068686843,0.02360291,-0.094150022,0.07802017,-0.094149284,-0.069893152,0.094150402,-0.091372095,0.041076384,-0.049325,0.094129674,0.094150186,0.094149351,0.094146512,-0.094150402,-0.090575218,0.049078882,0.094146386,-0.094150364,-0.093766131,0.067535646,-0.094150402,0.091067195,0.092997752,0.093181089,-0.056923043,0.094150402,-0.094150364,0.049119238,0.094150402,-0.094150402,0.093332693,-0.094150402,-0.093318842,-0.089989096,-0.094149657,-0.09370923,0.094150402,0.062779307,0.085558876,0.094150402,0.094146341,0.094150379,-0.094072469,0.06652724,-0.094149336,-0.045139469,-0.094126768,0.094089665,-0.094149865,0.094147429,-0.094150402,-0.094150402,-0.094147414,-0.094150402,-0.094150402,0.094150402,0.094150402,0.059479088,0.084521748,0.050588153,0.09403117,0.094149657,0.094150119,-0.094150402,-0.04960385,0.092643008,-0.094147936,0.094150402,0.094122469,-0.089697704,-0.070007391,0.094150402,-0.092862159,0.094150402,-0.049931832,-0.08518777,0.094150402,-0.091526657,-0.094104819,0.092329286,0.094149478,-0.087624833,0.094150402,-0.094101004,-0.094148479,-0.094139338,-0.094150402,-0.094150402,-0.094150402,-0.093508869,0.094150402,0.09414766
sodium salicylate,ABBQHOQBGMUPJH-UHFFFAOYSA-M,A4,-0.091512971,-0.091512971,-0.091512971,0.091512971,-0.091512971,0.073922969,0.091512971,-0.091512285,0.091511235,0.091500618,0.091512971,-0.091512971,-0.091512971,-0.091512971,0.091512971,-0.091512971,0.065245442,0.091512971,-0.091512971,0.091512971,-0.091512971,-0.091512971,-0.091512971,-0.091512971,0.091512971,0.091497838,-0.091512971,-0.090360872,0.091213599,-0.091512971,-0.091508262,0.091512971,0.091512971,-0.091512971,0.091512971,0.091512762,0.091512971,-0.091512971,-0.091512971,-0.091512971,0.091497235,0.091512971,0.091512918,0.091512971,0.091512777,-0.091512971,-0.091512971,-0.091512971,0.091512971,-0.091512665,-0.018597826,0.091512971,0.091512971,0.091512971,-0.019280149,0.065218747,0.091512971,-0.05921378,0.064636871,-0.091421582,0.091512822,0.091432959,-0.091512971,-0.091489583,-0.091512971,-0.029998751,-0.091512971,-0.077071965,0.091512971,-0.091512002,0.091512971,0.091512971,-0.090512432,-0.091497146,0.091512971,-0.091512971,-0.091512971,-0.066957228,-0.049471579,0.091512971,-0.091512971,-0.091512971,0.091512971,-0.091512971,0.091512971,0.091512971,0.091512971,0.091512971,-0.091317512,-0.091512971,0.040847465,-0.091512971,-0.091512799,-0.091512971,0.091512971,-0.091512971,0.091442525,-0.091512971,-0.091512948,0.091512971,-0.091512971,-0.091512971,-0.091471002,-0.091512971,0.091512971,-0.091512971,-0.091512971,-0.091512971,-0.068853356,0.065649994,-0.091512971,-0.089439124,0.091512971,0.091512889,0.089408137,0.091512926,-0.091512971,0.091512971,-0.091512971,0.091512971,0.091512971,-0.091512971,-0.091512971,0.091512971,-0.090042315,0.091512971,-0.091512971,-0.091512971
sparfloxacin,DZZWHBIBMUVIIW-DTORHVGOSA-N,A4,-0.093451262,-0.093451262,-0.093451262,0.093451262,-0.093451113,0.084035613,0.09343756,0.034648262,-0.06375131,-0.057726774,-0.093448997,-0.081107274,-0.089314424,-0.086132079,-0.093440168,0.093352586,0.093450837,-0.093325898,0.093451262,0.093451262,0.093451262,0.064414926,0.093451262,-0.093451262,0.093449086,-0.093451262,0.093446188,-0.093451187,0.093451262,-0.06781666,-0.093330868,-0.08417432,0.090996362,-0.09293586,0.093451262,-0.087129548,-0.093451262,-0.093450926,0.09305416,-0.093444161,0.093441911,0.093451262,0.078660466,0.093451262,-0.087248422,-0.09329199,0.093451262,-0.09344092,0.093451262,-0.090741411,0.092776366,0.093451262,-0.093451262,0.087247044,-0.093451262,0.042186912,0.093451262,0.093451262,0.093451142,0.087021172,-0.09034133,0.093451262,-0.093451262,0.093450353,0.093404017,-0.093451262,0.093451262,-0.093450911,0.034665383,0.080443837,0.091608562,0.093423225,0.093151674,0.056203891,0.093318835,0.093451008,-0.078320153,0.093451262,-0.093451262,-0.093450122,-0.093446858,-0.075288698,-0.086935095,-0.030982841,-0.09337721,-0.041374438,-0.093451232,0.093451262,0.080925688,0.093443274,-0.093451068,0.093451262,0.073601693,0.046977691,0.093451262,-0.093451262,-0.087840535,0.093427993,0.091346771,-0.093451262,-0.093327641,-0.093451262,0.09344539,0.077565528,-0.087988645,-0.093438916,-0.093422063,0.092666611,-0.093450978,0.093451262,-0.09244135,-0.093448997,0.093451262,-0.093451262,0.073902585,0.040145647,0.093451262,0.078122057,-0.093451262,-0.093444109,-0.093343198,-0.093451224,-0.093451262,0.093450829,-0.093451262,-0.093451262,0.093451232,-0.093451217
spectinomycin,UNFWWIHTNXNPBV-WXKVUWSESA-N,A4,0.089133255,-0.089133255,0.089133255,0.089133255,0.089133255,-0.089122936,-0.089133255,-0.089133255,0.089103267,0.089133255,0.089133255,-0.089133181,-0.089133255,0.089133255,-0.089133255,0.089133255,-0.089133255,0.089133255,-0.089133255,-0.088994168,0.089133039,0.089133166,0.089133255,-0.089133255,-0.088958293,-0.089133255,-0.089132339,-0.026872911,0.089133255,-0.086022779,-0.089133255,0.089133255,0.089133255,-0.089133255,0.089133255,-0.089133255,-0.089133255,-0.089133255,-0.089133255,0.089133255,0.089133255,0.089133255,0.089133255,-0.088974997,-0.089133255,0.089133255,-0.089133255,-0.089133255,-0.089133255,0.089133255,0.089133203,-0.089133255,0.085258052,0.089133255,0.089133255,-0.089133255,-0.089133255,0.089133196,-0.089133255,-0.089133255,-0.089133255,-0.089133255,-0.089133255,-0.089133255,-0.089133255,0.089133255,-0.089047462,-0.089133255,-0.089133255,0.084939659,0.089133255,-0.089133255,-0.089133255,0.089133225,-0.089133255,0.089023098,-0.089133255,0.089133255,0.089133255,0.089133181,0.089131318,-0.089133255,0.089133255,-0.089133255,-0.088222392,-0.089133255,-0.089133255,0.089133255,0.089133255,0.089133255,-0.089133255,-0.089133255,-0.089133255,-0.034357723,-0.089133255,0.089133255,-0.089133255,-0.089133255,-0.089130148,0.089133255,-0.089133255,0.089133255,-0.085116856,-0.089133255,0.089133255,-0.089133255,-0.089133255,-0.089133255,0.089133255,-0.089133255,-0.089133255,0.089133255,-0.089133255,-0.089133255,-0.089133255,-0.089133255,0.089133255,-0.089133255,-0.089133255,0.089133255,0.089133255,-0.089133255,-0.089133255,0.089133255,-0.089133255,0.089133255,0.089133255,-0.089133255
spiramycin,ACTOXUHEUCPTEW-CEUOBAOPSA-N,A4,-0.090805225,0.091840886,0.091840886,0.091840886,-0.091840886,0.091840871,-0.091432869,-0.086640507,0.091840886,0.091840886,0.040207308,0.091840886,-0.091840886,0.091840886,-0.091839314,0.091840886,-0.091745518,0.091840886,0.091673046,0.079807527,-0.034816172,0.091840886,0.091840886,-0.091783121,-0.091840886,0.09150736,-0.089151025,-0.091840297,-0.091651008,-0.091840886,-0.091840886,0.091840886,0.09184017,0.091840006,-0.0285767,-0.091840886,-0.091840789,-0.091840886,-0.091840856,-0.091839477,0.091840886,0.091396138,0.091838747,-0.091840886,-0.091792762,0.091840886,0.07256908,-0.091840886,-0.091840886,-0.091840886,0.091840461,0.091840237,-0.091840886,0.091840886,0.091840774,-0.091840886,-0.091840886,-0.091791533,-0.073762678,-0.091840886,-0.091840886,0.091840886,0.091840886,-0.091804348,-0.091840886,0.091840886,0.091840796,0.091840886,0.091471672,0.091733843,0.091840729,-0.09177389,0.091833688,0.021474183,0.091832981,-0.091840677,-0.091840886,0.091785863,0.052307695,-0.091790326,0.091837689,-0.038002733,0.091840886,-0.091840886,-0.091840886,0.038939986,0.087689713,-0.091840886,0.091840886,-0.091840886,-0.091840886,-0.091840886,0.022616951,-0.091840886,-0.091840811,0.091840886,0.06226347,0.085400008,-0.091840886,0.091840886,-0.091840886,0.091840886,0.091669954,0.091840856,0.091840886,-0.091840886,0.091372505,0.091525294,0.091812499,-0.091840886,-0.091840252,0.091840789,0.091840886,-0.091840886,-0.064295851,-0.091840886,0.091556057,0.087823048,-0.091840886,0.091840886,0.091840856,-0.091840886,0.091723636,-0.091840886,-0.089239538,0.091840886,0.091840886,-0.091840886
streptogramin b,YGXCETJZBDTKRY-DZCVGBHJSA-N,A4,-0.091739319,0.091740258,0.091739461,-0.091740258,0.071006425,0.091736205,0.091739818,-0.091740258,0.091623209,0.091740258,-0.051155955,0.091740258,0.091676414,0.091739893,0.091740258,0.091740258,0.091739468,0.091740258,-0.091576189,0.091740198,0.091740258,0.09136752,0.091740258,-0.091740258,-0.091740258,0.091738872,-0.088609733,-0.091739856,0.091646403,-0.091740258,-0.091740258,0.091740258,0.091740258,-0.091642581,0.091551848,0.091740258,-0.091740258,0.056700803,-0.091717124,0.091739573,-0.090417065,-0.091740258,0.070761412,-0.091740258,-0.076064192,0.091740258,-0.091740258,-0.091740258,-0.091740258,0.091740258,0.088453785,0.091740258,-0.072170615,0.09166012,-0.091740258,-0.091740258,-0.091739289,-0.091740258,-0.091740258,-0.091740221,-0.091740258,0.091740258,0.091740258,0.091740258,-0.032014847,0.091740258,0.091639861,0.091740258,0.091682561,-0.091740258,0.091740258,-0.091740258,-0.091740228,-0.09172383,0.09171696,-0.091714151,-0.091740258,0.091740258,-0.091740258,-0.091740258,0.091740258,-0.091740258,0.091134615,-0.091740228,-0.091740258,0.091736794,0.091740258,0.091739699,0.076005079,0.091212928,0.09063828,-0.091740258,0.062469952,-0.083235338,0.091739982,-0.091739371,-0.085206732,-0.091737635,-0.091740258,0.09173926,-0.091740258,0.091740258,-0.091740258,-0.091739744,0.091740258,-0.011162197,0.091432698,-0.034733243,-0.091739379,0.091740258,0.091587365,-0.004194557,0.091740258,-0.091740258,-0.058830477,-0.085559979,-0.091731571,0.091740206,-0.081365697,0.091740258,0.084809944,0.091740258,-0.084096119,0.091740258,0.091740161,0.091740258,0.091740258,-0.091740258
streptomycin,UCSJYZPVAKXKNQ-HZYVHMACSA-N,A4,0.090182163,-0.090182163,0.090182133,-0.090182163,0.090182163,0.09017808,-0.090182163,-0.090182163,-0.090182163,0.069511667,0.090182163,-0.090180293,-0.090182163,0.090182163,-0.090182163,-0.090182163,-0.090182163,-0.090182163,-0.090182163,0.079406135,0.058778904,-0.090181209,0.090182163,-0.005983664,0.081917331,0.090182163,-0.090182163,0.090182163,-0.086536728,0.069193482,-0.090182163,-0.090180106,-0.090182059,-0.090182163,-0.090174787,-0.090182163,-0.090182163,0.090182163,-0.090182163,-0.09014646,0.090166733,-0.090147957,-0.090182163,0.090182163,-0.090182163,-0.090181984,0.090105549,-0.090182163,-0.090103939,0.090182163,-0.089052126,-0.090182163,0.090182163,0.090178825,0.090182163,0.08862377,0.085341424,-0.090181977,-0.089782543,-0.090182163,0.090181224,-0.090182163,-0.090182163,-0.090182163,-0.090182163,-0.090182163,0.090182163,0.090182163,0.090182163,0.090182163,-0.090182163,-0.090182163,-0.090182163,0.090182163,-0.090182163,0.090182163,0.02692285,-0.090182163,0.090182163,0.090182163,0.090182163,0.090182118,0.090182163,-0.090182163,0.090182163,-0.088425979,0.090182163,0.090182163,0.090182163,0.090182163,-0.090182163,-0.090182163,0.090182163,-0.090182163,-0.090182163,0.038903028,-0.090182163,-0.090182163,0.090182163,0.090182163,0.090181537,0.090182163,0.083514929,0.090182163,0.090182163,-0.090178393,-0.086016133,-0.090180129,0.090182163,-0.090182163,-0.090182163,0.090182163,-0.090182163,-0.090182163,-0.090182163,-0.090182163,0.090182163,-0.090182163,-0.090182081,-0.090182163,-0.090182163,-0.090182163,0.090182163,0.090171307,-0.090181828,0.090182163,0.090182163,-0.090182163
streptozotocin,ZSJLQEPLLKMAKR-GKHCUFPYSA-N,A4,0.090417683,-0.094870076,0.094870076,0.093709305,0.086469509,-0.094865322,-0.094870076,0.094551437,-0.094870076,0.094869934,0.094839431,0.094734237,-0.094870076,-0.094759129,-0.094870076,0.09486986,-0.094870076,-0.094870046,-0.094864599,-0.094842687,0.094869837,-0.094870076,0.094870076,0.094868824,-0.094792128,-0.033020642,0.094779842,0.094870076,0.038229387,0.094869867,-0.071023263,0.094870076,0.094313137,0.036333803,-0.094838835,-0.094870076,-0.074104883,0.094336919,-0.090896897,0.094869874,0.094870076,-0.094862439,-0.039245818,-0.094870076,0.091944546,0.094870031,-0.094857298,0.09353777,-0.094825163,0.094870076,-0.009765986,-0.094870076,0.094869748,-0.094860427,0.094869807,-0.094870031,-0.094870076,0.089769565,0.093832783,-0.09486974,0.094425023,-0.094870076,-0.094870076,-0.094870076,-0.094870076,0.094818078,0.08403606,-0.094846942,0.089743458,-0.020933755,0.093549825,0.094621487,-0.056764949,0.094866455,-0.094870076,0.094407894,0.094869934,0.094870076,-0.005154157,-0.094580576,0.094836414,-0.094335705,-0.094086066,-0.094870076,0.094870076,-0.002070408,-0.055427663,-0.094866201,0.09397953,0.094780505,-0.020990329,-0.094870076,-0.09224873,-0.094869301,-0.094870076,-0.068317197,0.094846807,-0.094870076,-0.047950841,-0.080302238,-0.094870076,-0.087850004,-0.094870076,0.035234377,-0.094870076,-0.094821006,-0.094863504,-0.071178712,0.094870076,-0.094870076,-0.094870076,-0.09486375,-0.094870076,-0.094870076,-0.057045203,-0.094870076,0.092917465,-0.094816357,-0.094766103,0.093087159,0.094870076,-0.061745964,-0.094870076,0.09274096,0.094675563,-0.087654397,0.092904113,-0.032467589
sulfacetamide topical,SKIVFJLNDNKQPD-UHFFFAOYSA-N,A4,-0.09059681,-0.091016524,-0.091016524,0.091016524,-0.054931138,-0.091016524,0.091016524,0.091016524,0.09101636,0.091016524,-0.091016524,-0.091016524,-0.091016524,-0.091016524,0.091016524,-0.082233742,-0.091016524,0.091016524,-0.069301397,0.091016524,-0.091016524,0.074619994,-0.090906903,-0.091016524,0.089072183,-0.091016524,-0.091016524,-0.091016524,0.091016524,0.091016524,0.091016524,0.091016524,0.091016524,0.087985605,0.039298024,0.091016524,0.091005325,-0.091016524,-0.091016524,-0.091005281,-0.091016524,0.091016524,0.091016524,-0.090598069,0.091016524,-0.091016524,0.091016524,-0.091016524,0.091016524,-0.091016524,-0.091016524,-0.090980865,0.091012463,0.07736057,-0.091016524,0.091016524,0.090946019,-0.091016524,-0.090762869,-0.091016524,0.061498232,0.091013543,0.091007449,-0.091016524,-0.090960667,-0.09029647,-0.0910163,-0.091016524,-0.091011867,0.091016524,0.091016524,0.091016524,-0.091016524,-0.091016524,-0.091016524,-0.091016524,-0.091016524,0.088852338,0.090779155,-0.091016375,-0.091016524,0.044566147,0.091016524,-0.091016524,0.091016524,-0.091016471,0.057715889,0.091016524,0.088249177,-0.091016524,0.091016412,-0.091016524,-0.076684482,0.017136792,0.091016524,-0.091016524,0.091016479,-0.026324755,-0.088127941,0.091016524,-0.091016524,-0.091016524,-0.091016524,-0.091016524,-0.089388199,-0.091009453,-0.091016524,-0.091016524,-0.091016248,-0.091016524,-0.091016524,0.091016524,-0.091016479,0.091016524,-0.091016524,0.082018897,-0.091010235,-0.090946138,-0.091016524,0.091016524,0.091016524,-0.091016524,-0.091016494,0.091016524,-0.091016524,0.091016524,-0.091016524,-0.091016524
sulfadiazine,SEEPANYCNGTZFQ-UHFFFAOYSA-N,A4,-0.087376393,-0.089768611,-0.089768611,0.089768611,0.089768611,-0.089768611,0.089768611,0.089768611,-0.089738205,-0.089768611,-0.089634858,-0.089768611,-0.089768611,-0.080288492,-0.088985242,-0.089768052,-0.089768611,-0.089768447,0.089768611,0.051369753,-0.089768611,-0.089768611,-0.089765035,-0.089768611,0.089768611,-0.089768611,-0.089768611,-0.089768611,0.089768611,-0.089768492,0.089768611,0.089768611,0.089768611,-0.085191384,0.089768611,0.089768611,-0.086506888,0.089402765,-0.089768611,-0.089768611,-0.089768611,0.089768611,0.089766704,0.089765772,0.089768611,-0.08976797,0.089768611,-0.089768611,0.089768611,0.089768611,-0.089768611,-0.089320526,-0.089768611,-0.089768611,-0.089651302,0.089768447,0.089753926,-0.089768611,0.011092206,0.089768611,0.081509016,0.089756615,0.089768611,-0.089768611,-0.089768611,-0.089768611,-0.089768611,-0.089768611,0.089768611,0.089725986,0.089768581,0.089768611,0.089768611,-0.088676155,-0.089768611,0.089768611,-0.089768611,-0.089768611,0.089673877,-0.089768611,-0.089768611,0.089768611,-0.089768611,-0.078615636,0.089768611,-0.089768611,-0.088646412,0.089768611,-0.089768611,-0.089768611,0.089768611,-0.089768611,0.089768611,0.089768611,0.087671168,-0.089768611,-0.089768611,0.089768402,0.089768611,-0.006249816,-0.089768611,-0.089768611,-0.089768611,-0.089275286,-0.089768611,-0.089768529,-0.089768611,-0.089768611,0.08920294,-0.089768611,-0.089768611,0.089768611,-0.089768611,0.089768611,-0.089768611,-0.089767821,0.08974696,-0.089768611,-0.077394098,0.089768611,-0.089768611,-0.089768611,-0.089768611,-0.089768611,-0.089768611,0.089768611,-0.089768611,-0.089768611
sulfamethoxazol,JLKIGFTWXXRPMT-UHFFFAOYSA-N,A4,-0.092006803,-0.092474349,-0.077019945,0.092474274,-0.092474483,-0.092474021,-0.092458941,0.092474513,0.09244965,0.092474163,-0.0918331,-0.092474513,-0.092463568,-0.092447601,0.092474513,-0.026052535,0.092452027,-0.09247414,0.092472628,-0.092474394,-0.092474513,-0.092474513,-0.092474513,0.09226913,0.066862889,-0.092474297,-0.092474513,0.09168423,0.091167547,-0.07527934,0.090873495,0.092459366,-0.092474513,0.092472106,0.092474513,-0.042183809,0.092474483,-0.092474155,0.089052826,-0.074669093,-0.092474513,-0.092468038,0.092474513,0.092474513,0.092474513,-0.092474513,0.092473097,-0.010212169,-0.092473462,0.092458427,-0.092434518,0.055113964,-0.092474125,-0.092474513,-0.092471264,-0.092385463,0.092474386,-0.092474513,-0.092473298,0.04423552,0.092255726,0.092474513,0.092474513,-0.092474513,0.092474513,-0.092379242,0.092473634,-0.092474513,0.092474513,0.064005338,0.092474513,0.092474513,0.092433721,-0.059862662,-0.092474513,0.092474326,-0.092474513,0.092474513,0.091953389,0.09240485,-0.092474513,0.092474513,-0.092474513,0.016562099,0.092446432,-0.092331134,-0.092467874,0.092474513,-0.09247449,-0.092434317,0.092459716,0.076965168,-0.092474513,0.091720596,0.092472196,-0.091597378,0.092472427,-0.092367694,-0.092472635,0.092436999,-0.092474513,-0.092474513,-0.074282534,-0.092474408,-0.092474513,-0.092474513,0.092474319,-0.092474513,0.002178011,-0.092474513,-0.090989091,0.092474513,-0.092474513,-0.092474513,-0.092405498,0.047255445,0.092474513,-0.092424899,0.048797037,0.092474513,0.092474513,-0.092472427,-0.092474513,0.092471026,-0.092474513,0.092474483,-0.09246853,0.092474513
sulfamonomethoxine,WMPXPUYPYQKQCX-UHFFFAOYSA-N,A4,-0.070983082,-0.090021417,-0.089590028,0.090021417,0.090004146,-0.090021417,0.086466298,0.090021417,0.089977242,0.090021417,-0.090018474,-0.090021417,-0.090021417,0.028245775,0.090021417,-0.089218266,-0.090021417,0.090021417,0.089978777,0.090015329,-0.090021417,-0.090021417,-0.090013616,-0.090021417,0.08960332,-0.090021417,-0.090021417,-0.090021417,0.090021417,0.090021417,0.090021417,0.090021417,0.090021417,0.090010419,0.090021417,0.090019941,0.089523278,-0.090021417,-0.090021417,0.089952596,-0.090021417,0.090003833,0.090021417,0.090011969,0.090021417,-0.090021417,0.090021417,-0.090021417,0.090021417,-0.076806724,-0.090021417,-0.090021349,-0.090020545,-0.090021141,-0.090021253,0.090021417,-0.089601897,-0.090021417,-0.090021417,0.089350142,0.089783974,0.090016656,0.090021417,-0.090021417,-0.043489046,-0.090019241,-0.090019308,-0.090021417,-0.089597218,0.090021417,0.090021417,0.090021417,-0.086023264,-0.090021417,-0.090021417,0.090018079,-0.090021417,0.045717053,0.088636816,-0.089983866,-0.090021417,0.090021417,-0.0877112,0.082631044,0.090021342,-0.090021417,-0.090021275,0.090021417,-0.090021417,-0.090021417,0.090021417,-0.089999296,0.089954853,0.090021372,0.089382961,-0.090021417,0.087613873,-0.088223606,0.09001971,0.090021417,-0.090021417,-0.090021417,-0.090021417,-0.090021417,-0.083602346,-0.090021387,-0.090021417,-0.090021417,-0.090015352,-0.090021417,-0.090021417,0.090021417,-0.090021417,0.090021417,-0.090021417,-0.090021417,-0.04334563,-0.090021417,0.088608354,0.090021417,0.090021417,-0.090021417,-0.090021275,0.090005405,-0.090021417,0.090021417,-0.090021417,-0.090021417
sulfaquinoxaline,NHZLNPMOSADWGC-UHFFFAOYSA-N,A4,-0.087818481,-0.089490063,-0.089490063,0.089490063,0.089490063,-0.089490063,0.089490063,0.089490063,0.089490063,0.089490063,-0.089487441,-0.089490063,-0.089490063,-0.08938577,0.089490063,-0.089489266,-0.089490063,0.089489147,-0.089489862,0.089490063,-0.089490063,0.089490063,-0.089490063,-0.089490063,0.089490019,-0.089490063,-0.089490063,-0.089490063,0.089472614,0.089490063,0.089490063,0.089490063,0.089490063,0.030623399,-0.089490026,0.089490063,0.089490063,-0.08948575,-0.089490063,-0.089490063,-0.089490063,0.089490063,0.089490063,-0.089490063,0.089490063,-0.089490063,0.089490063,-0.089490063,0.089490063,-0.089490063,-0.089490063,-0.089490063,0.089490063,0.089486822,-0.089490063,0.089490063,0.089490011,-0.089490063,0.089473195,-0.089490063,0.089082219,0.089476414,0.089490063,-0.089490063,-0.089489408,-0.089489169,-0.089490063,-0.089490063,-0.089490063,0.089490063,0.089490063,0.089490063,-0.089490063,-0.089490063,-0.089490063,-0.084355481,-0.089490063,-0.089490063,0.089489982,-0.089490063,-0.089490063,0.089469403,0.089490063,-0.088606261,0.089490063,-0.00912706,0.089485936,0.089490063,0.089483492,-0.089490063,0.089464307,-0.089490063,0.089490063,-0.089375794,0.089490063,-0.089490063,0.089485087,0.089397788,0.089162208,0.089490063,-0.089490063,-0.089490063,-0.089490063,-0.089490063,0.089489982,0.005340811,-0.089490063,-0.089490063,-0.089490063,-0.089490063,-0.089490063,0.089490063,-0.089489229,0.089490063,-0.089489959,0.087067142,-0.089487962,-0.089489996,-0.089490063,0.089490063,0.089477666,-0.089490063,0.088803925,0.089490063,-0.089490063,0.089490063,-0.089490063,-0.089490063
sulfisoxazole,NHUHCSRWZMLRLA-UHFFFAOYSA-N,A4,-0.09313605,-0.093144067,0.09311796,0.09312281,-0.093144067,-0.093143217,-0.09310855,0.093144067,0.092987075,0.093144067,-0.02189325,-0.093144067,0.068640269,-0.093142413,0.093144067,0.093123205,0.039620411,0.045975547,0.093057625,-0.093144067,-0.093144067,-0.093144067,-0.093144067,-0.066878647,-0.002778413,-0.093144067,-0.093144067,0.069067791,0.092139572,0.092660785,0.02420109,0.09312778,-0.093142293,0.093144067,0.093144067,-0.091559187,0.093144067,-0.093144067,-0.090381168,0.070283219,-0.093144067,-0.093144067,0.093144067,0.093144037,0.093144067,-0.093144067,0.09314277,-0.085430026,-0.093144067,0.068247505,-0.09314394,-0.087014593,-0.093117997,-0.093144067,-0.093143977,-0.09308859,0.093141772,-0.093144067,-0.093144067,-0.093143284,0.040436953,0.093144067,0.093144067,-0.093144067,0.093144067,-0.088497035,0.093144067,-0.093144067,0.093143694,-0.012071575,0.093144067,0.093144067,0.092436269,-0.0930629,-0.093144067,0.09314201,-0.093144067,0.093144067,0.049282141,0.085987248,-0.093144067,0.093144067,-0.093144067,0.036962602,0.093138359,-0.092202619,-0.078440361,0.093144067,-0.093144067,-0.093144067,0.093144067,0.092135586,-0.093144067,0.090561107,0.093141258,-0.093116999,0.093144067,-0.093138918,-0.093144067,0.093144067,-0.093144067,-0.093144067,-0.093023241,-0.093144067,-0.093144067,-0.093144067,0.093143992,-0.093144067,-0.048700035,-0.093144067,-0.09283103,0.093144067,-0.093144067,-0.093144067,-0.09314391,0.092650451,0.093144067,-0.093143426,0.038903985,0.093144067,0.093144067,-0.093119137,-0.093144067,0.093140483,-0.093144067,0.093144067,-0.093144067,0.093144067
sulphamethizole,VACCAVUAMIDAGB-UHFFFAOYSA-N,A4,-0.091074161,0.091072135,0.091021329,0.06623403,0.091061391,-0.089705296,-0.061049499,-0.091074161,0.005034173,-0.091074161,-0.089458957,-0.091070846,0.091074161,0.082541622,0.091074161,-0.078048073,0.091074161,-0.091073886,0.091074161,0.0824036,-0.091074161,0.085951358,-0.091073953,-0.091074161,0.090083942,0.091060303,-0.091074161,0.090774372,-0.052144244,-0.091074161,0.091074161,0.091074161,0.091061957,-0.091073968,0.091074094,0.091071814,-0.090870522,0.04608468,0.087608866,-0.091074161,-0.090981312,0.09106949,-0.091074064,0.091023974,-0.091074035,0.08526659,0.091073334,-0.09107291,0.090057395,0.091074161,-0.080202185,-0.090609275,-0.091074161,0.075911187,0.091074161,-0.076177001,-0.091074161,-0.091071852,0.080056064,0.091074161,-0.091074161,-0.09106949,-0.091029033,-0.091074161,-0.091074161,-0.091074064,0.088530123,0.091074161,0.091074161,-0.091074161,-0.090941586,0.091074161,0.088489152,0.091073833,-0.08259172,0.088865392,-0.091074161,-0.090602733,-0.09107317,-0.091074161,-0.091074161,0.091074161,-0.091074161,-0.090968743,0.083516523,-0.091073632,-0.091074161,-0.091074161,-0.090707123,0.091074161,0.091074161,-0.091073185,-0.091073774,0.091074161,0.091074161,-0.09106002,0.0905293,0.091074161,0.091074117,0.085749678,0.091063634,0.091074109,-0.091074161,0.091001287,-0.091074161,0.091066219,0.091074161,-0.091074161,0.091073968,-0.091074161,-0.091072731,0.091074161,-0.091074161,0.091073394,-0.091074161,0.086370498,0.09093716,-0.081391618,0.09107393,0.091074161,-0.091074161,0.091068834,-0.091074161,-0.091074161,-0.091071881,0.05250242,-0.091074161,0.078539677
taurolidine,AJKIRUJIDFJUKJ-UHFFFAOYSA-N,A4,0.094089121,0.094109774,-0.093919054,-0.094109774,0.094081923,-0.062086672,0.094109565,0.094103567,-0.094109416,0.094105087,-0.092865594,-0.093881935,-0.094109714,-0.094098397,0.094109774,0.093563192,0.094109252,0.094109774,0.094109774,0.048843835,-0.093944401,0.094109774,-0.094109774,-0.091682509,-0.094039872,-0.092587821,0.092373073,0.094109744,-0.033728458,0.094108447,-0.093917899,-0.090035319,-0.094107948,-0.090472683,-0.094109774,0.079917282,-0.094109774,-0.094109535,0.094106756,0.094108336,-0.094109774,-0.094109707,0.094106995,0.094109774,0.094087109,-0.094109774,-0.094108634,0.00638439,-0.082075484,-0.094109736,-0.094109774,-0.035659503,-0.094109774,-0.094047122,0.094109774,-0.094105236,0.094109774,-0.053469438,0.094104037,-0.094109774,-0.092668213,-0.094109774,0.094109066,-0.094109774,0.09410955,0.053002961,0.094109774,-0.003668621,0.093988895,-0.093826026,0.013378449,0.09410765,0.091079764,-0.094108485,-0.094109774,-0.092920616,-0.09410768,0.094109774,0.077611446,0.094109774,-0.084061757,0.094109774,-0.07882867,0.094081305,-0.040574323,-0.0940907,0.044736348,-0.052205283,0.074894264,0.0941085,-0.050922945,0.09406852,-0.094109774,0.094109334,0.043657176,-0.052672327,0.094029568,0.094109774,-0.094080709,0.094109774,-0.094095431,-0.094109505,0.094108969,-0.094109774,-0.093120702,-0.091666535,-0.087322652,-0.094109774,-0.094108768,0.094102226,-0.094109707,0.094079666,-0.083483905,-0.094109774,0.094108604,0.093383923,0.090540215,-0.085627273,-0.094033614,0.094109148,0.094108433,-0.092066072,0.092269562,-0.080913924,-0.094109774,0.091309428,-0.093837552,0.094040036
tedizolid,XFALPSLJIHVRKE-GFCCVEGCSA-N,A4,-0.091837086,0.091847599,0.091847762,-0.091372736,-0.091847762,0.091847762,-0.091847762,0.08974085,0.091847762,-0.091715477,-0.091847762,0.091847673,0.091847762,0.091847762,-0.091847762,-0.072269,-0.091847762,-0.091847762,-0.091323793,0.091785021,-0.091837615,0.091729723,-0.091847762,-0.091351561,-0.07797154,0.091847762,0.091846377,0.091745004,0.091846101,-0.091011696,0.091847762,0.082571477,-0.091847762,0.090532623,-0.091847688,-0.091847762,-0.091847762,-0.091847762,-0.091847695,0.091847762,0.091537774,0.000184469,-0.091262393,-0.091362484,0.091847762,-0.09175761,-0.0913513,0.091847762,-0.091847233,-0.091847733,0.091818556,-0.091847762,-0.091847762,0.091847762,-0.091841072,0.057334285,0.091847762,0.091847762,-0.091607839,-0.091847762,-0.091847762,-0.023518572,0.091830209,-0.091847762,0.091847762,-0.091847762,0.091847762,-0.091847762,-0.091847718,-0.085107774,0.091844581,-0.069120064,-0.091847502,0.091844283,-0.091847576,-0.089992933,0.091823317,0.091847762,0.005241166,0.077530168,-0.091847762,-0.091830164,-0.007031236,-0.091847762,0.091847762,0.091847561,0.091847762,-0.085051663,-0.091847762,0.09183313,0.091847762,0.090787053,-0.091847762,-0.091847762,-0.091847762,-0.073669046,0.091847733,-0.091847762,-0.091847762,-0.091847762,0.091832414,-0.091847762,0.091847762,0.043625269,-0.091847762,0.091847017,0.09184622,0.091730721,-0.09182471,-0.091843724,-0.091847762,-0.085929342,0.091847762,0.09184736,-0.091847762,0.091847762,-0.091846697,0.091843084,-0.091847762,-0.091847628,0.091703691,-0.091847762,-0.091847762,0.091829956,0.091847762,-0.019434726,0.091847293,0.057924785
teicoplanin,BJNLLBUOHPVGFT-CAYRISATSA-N,A4,0.07902433,0.09207058,-0.087801583,-0.092072628,-0.091778569,0.092072628,-0.092072628,-0.091983192,0.08867038,0.092072628,0.088401467,0.092036046,-0.092069775,0.092072628,-0.091926992,-0.092070743,-0.092072628,0.091854721,-0.06627775,0.092072554,0.091148034,0.09207242,0.092072628,0.092046566,-0.092072554,0.092072628,-0.061204076,0.092072316,-0.092057735,0.090312779,-0.092072628,0.091907725,-0.092072628,-0.092072628,-0.092072628,-0.092072628,-0.092072628,0.091814153,0.091737255,-0.082348958,0.060245335,-0.092072628,-0.092072628,0.092031367,-0.092051826,-0.047351651,0.092072628,-0.092072628,0.078778386,0.092072628,-0.092072599,-0.092072628,0.070032313,0.092072628,-0.089079998,-0.092072397,0.092071272,0.038185798,-0.00818462,-0.092072628,-0.010738665,0.011053802,-0.092072628,-0.092072628,-0.092072628,-0.092072628,0.092072628,0.09203697,0.092072628,0.092072628,-0.000614772,-0.092068493,-0.092071474,0.092072628,-0.092072628,0.092072628,-0.090622902,-0.088283651,0.092009202,0.092072539,0.092072628,-0.09176024,-0.092065558,-0.092072628,-0.092072628,0.092037044,0.092072628,-0.092071235,0.09161751,0.092062064,-0.092072628,-0.092072628,0.092072576,-0.092072628,-0.092072628,-0.091650531,0.092072077,-0.092072628,0.092072628,0.092072628,0.092072628,0.092072628,0.092072628,0.092072628,0.092072628,-0.092009656,-0.034473352,0.092071287,-0.092067488,-0.090324044,-0.091231398,0.092072628,-0.092072628,-0.092072628,0.092072248,-0.092072628,0.092072628,-0.092072628,-0.090072051,-0.09207245,-0.092031829,-0.092070796,0.092072628,-0.091701493,-0.080554463,0.092068464,0.092072628,-0.091940857
telavancin,ONUMZHGUFYIKPM-MXNFEBESSA-N,A4,0.09070345,0.091570117,0.074778676,-0.091570199,-0.09156923,0.091570199,-0.091570064,-0.091479413,0.079569429,0.091570199,0.088651292,0.091531284,0.069770962,0.089941934,0.067465305,-0.091570154,-0.091570199,-0.090700909,-0.066841826,-0.074570015,0.084853329,0.09147153,0.091570199,0.091570199,-0.08988376,0.091570199,0.083892658,0.091562532,-0.091570199,0.089578532,-0.091570199,0.091529168,-0.091570199,-0.091570057,-0.091570169,-0.091570199,-0.091570199,0.091481939,0.091210909,-0.091435514,-0.07257694,-0.091570199,-0.091570199,-0.036743835,-0.091111898,-0.091172569,0.091485329,-0.091441102,-0.068731166,0.091570199,-0.091569483,-0.091570199,0.091550119,0.091570199,-0.09144365,-0.091569968,0.091425985,0.054944824,-0.091174878,-0.091569759,-0.076320089,-0.084676452,-0.09152931,-0.091569059,-0.091570199,-0.091570146,0.091570199,0.090562366,0.091570199,0.091505289,0.083170228,-0.085609794,-0.091390975,0.091547199,-0.091570199,0.091274701,-0.084401242,0.017014561,0.091303609,0.091566645,0.091570199,-0.089556605,-0.091570199,-0.091570199,-0.091565944,0.091570199,0.091570199,-0.091570199,-0.048070658,-0.091486163,-0.09137629,-0.091570154,0.091570199,-0.091570176,-0.091570199,-0.091319062,0.091441274,-0.091570199,0.091568969,0.091570199,0.091570087,0.091570199,0.091570199,0.091570199,0.091570199,-0.077133231,0.087127171,0.091512144,-0.091079347,-0.091569677,-0.091472983,0.091570199,-0.091570199,-0.091570199,0.091502532,-0.091570199,0.091570199,-0.091570199,0.091569886,-0.091434829,-0.091569573,-0.08979582,0.091570199,-0.091546126,0.065941907,0.091570199,0.091570199,0.091299608
telithromycin,LJVAJPDWBABPEJ-PNUFFHFMSA-N,A4,-0.092153557,0.092209086,0.027713412,-0.091403686,-0.092209086,0.092209056,-0.026061095,-0.092209071,-0.092209086,0.092209086,0.082320519,0.092209086,0.092209086,0.092208043,0.092209086,-0.092206247,-0.092209086,0.092207827,-0.092209086,-0.091711529,0.092209086,0.092157952,-0.092209086,-0.092209086,-0.092209086,0.092209041,0.092209086,-0.092208996,0.082415387,-0.092208989,0.092124835,-0.092209056,0.092208728,0.092209086,-0.092208974,0.092209086,0.032094598,-0.0551727,0.042938039,0.092209086,0.09199021,-0.092209086,0.092208803,0.088610247,-0.092209086,0.090673871,-0.092209086,-0.092209086,-0.046965264,-0.092208341,0.092209086,-0.084773064,-0.092209086,-0.0663848,-0.092209086,-0.092209086,0.092209086,0.07492803,0.090654612,-0.091725625,-0.07664229,0.092209086,0.087065905,0.092209086,-0.092209086,0.092209086,0.077465981,0.092209086,0.092209086,-0.092209086,-0.092207871,0.087503418,-0.088081211,-0.092208363,0.092209086,-0.092209086,0.092209086,-0.092024691,-0.092209086,-0.092209086,0.092209086,-0.092207879,-0.092209086,-0.092208989,-0.074009314,0.092209086,0.092209086,-0.092209086,-0.090111643,-0.092209086,0.085587844,0.048566356,0.092209086,-0.092209086,-0.09217333,-0.092209086,-0.092206486,-0.091110013,0.091935724,0.092148982,-0.092209086,0.092207253,-0.092207462,0.092209086,0.092209086,-0.083313428,0.090742268,-0.086036578,0.08915323,0.092205733,-0.089954436,-0.092208974,0.092209086,0.092140734,0.085225537,0.092209086,-0.091945753,0.054581534,-0.088707075,-0.088219672,-0.092209086,-0.092201978,-0.092209011,-0.078503594,0.092209086,0.092209056,-0.092193738,-0.089855559
temocillin,BVCKFLJARNKCSS-DWPRYXJFSA-N,A4,-0.094435915,0.011539701,0.103890814,-0.103547901,-0.104956053,-0.103475578,-0.10484767,0.10534443,0.104086742,0.095685862,-0.091477968,0.105066359,-0.10490863,0.105434515,-0.097851954,0.01143103,-0.081270598,0.077796228,-0.008753761,0.097946346,-0.032036796,0.00339552,0.105207078,0.105294406,0.091087781,-0.019636065,0.061023518,-0.105538078,-0.104978725,-0.047375273,-0.104096867,-0.083407201,-0.103469037,0.105542332,-0.097447135,-0.094483577,0.092270494,0.105132811,-0.08884307,-0.056262005,0.104125433,-0.075524576,-0.041928966,-0.083036542,-0.085750304,0.086832717,0.083833888,0.104274243,0.104241118,-0.009864334,-0.024490487,0.10528823,0.064863168,-0.079321057,0.105420738,-0.060924958,-0.035126284,-0.018046029,0.104376778,-0.027762612,0.10523726,-0.097280927,0.086157747,-0.105404571,-0.102367811,-0.030734494,0.080315106,0.105568156,-0.10005229,0.105529986,0.102595098,-0.041416232,0.104960039,0.104220591,0.03327461,0.019298706,-0.041518256,-0.105347626,-0.099915966,-0.100967593,-0.105268642,-0.104192734,-0.013176428,-0.104436994,-0.10146562,-0.103752017,0.091588527,-0.10548614,0.10537193,0.097934559,-0.105500869,-0.101716645,0.09225361,-0.056197543,-0.104408517,0.101909332,-0.104204901,0.047048073,0.082225665,0.105569877,0.057901353,0.102975838,0.09952008,0.105334498,-0.036485761,0.075416766,0.104696795,0.105347633,0.033628229,-0.04021965,0.102713801,-0.104713105,0.085133046,-0.102939107,0.105204403,-0.096800253,0.099357173,-0.066020861,0.083511718,0.105306797,-0.056629296,-0.101819918,0.083545655,-0.100965366,0.099923886,-0.10511177,-0.095763177,0.082611538
thalidomide,UEJJHQNACJXSKW-UHFFFAOYSA-N,A4,0.103874318,0.1037907,-0.087003849,0.101180054,-0.006062664,0.094567746,-0.036279906,0.097519822,0.085675649,-0.10405416,-0.014628377,-0.104049854,-0.104053259,-0.08151526,-0.103982784,-0.098718785,0.092496008,0.104040973,0.103960991,-0.104016714,0.104009062,-0.10357172,-0.095111094,-0.102723777,0.104051009,-0.089557029,0.097464032,-0.103405163,-0.093006805,-0.027139137,0.1034462,0.092563972,0.096266747,-0.104015119,0.07904426,0.018349139,0.101948753,-0.089927003,0.090225354,-0.079696141,-0.077762462,0.103618801,-0.090292417,-0.059484076,0.103867598,-0.103323162,0.019655867,0.094990417,0.014311638,-0.104034409,0.096538514,0.083138265,-0.10202954,0.10010986,0.08065673,-0.09957438,0.069465525,0.104052432,-0.090507463,0.10401997,0.007866288,0.075535759,0.049734496,-0.104041703,-0.10188619,-0.054868855,-0.10399241,0.090760365,0.048061062,-0.084008947,0.103603892,0.10356544,0.054106355,-0.101521403,0.104053013,-0.104055263,-0.070782848,0.069525957,0.09323889,0.076067828,-0.104047954,-0.04043743,-0.0891039,0.103757493,0.091400117,-0.104033478,-0.103529595,-0.103688218,0.103511184,-0.09194459,-0.104047604,-0.09279009,0.03759905,-0.031025389,0.030704742,0.011100427,-0.095163792,-0.083032168,-0.004042825,0.104052499,-0.042333856,-0.100237057,0.103979245,0.088968717,0.099528737,-0.089976117,0.007589937,-0.09295357,0.091154113,-0.040513705,-0.100895964,0.103924997,0.103991188,0.10163898,-0.098898716,-0.104002498,0.077326633,-0.053715907,-0.103700623,0.103277035,-0.103753991,-0.104042016,-0.103584111,-0.051857878,0.05806005,-0.10405381,-0.079695441,-0.089380749
thiamphenicol,OTVAEFIXJLOWRX-NXEZZACHSA-N,A4,0.083857663,0.101905465,-0.087686881,-0.021859622,-0.074703097,-0.101894394,-0.10191603,0.096623309,0.099228829,-0.001671869,-0.098329879,-0.096771233,0.10191267,-0.03410884,0.101593517,-0.095362909,-0.011794403,0.09307193,-0.099792719,-0.057721023,-0.101916172,-0.101700597,-0.053821817,-0.078176714,-0.100884981,-0.098660141,-0.101327308,-0.100162007,0.10042914,-0.07003101,-0.095423572,-0.043887682,0.026536381,0.101498641,-0.064649075,0.101895526,0.096491724,-0.069139816,-0.084132217,-0.10093002,-0.073302239,-0.056607682,0.101506948,0.084162712,-0.071462244,-0.098104566,0.064433716,-0.101916067,-0.006824692,0.08758799,0.093655452,0.089786388,-0.07959193,-0.101815432,-0.10184183,0.052269373,-0.09674824,-0.101841114,-0.099760339,0.101635791,0.101878725,0.101882704,0.042342294,0.101602301,0.101890206,-0.1018999,-0.09514983,-0.101916172,-0.101892062,-0.021727005,0.101905026,-0.04351937,0.004123143,0.018795215,-0.101916172,0.101916172,0.101776443,-0.096004888,0.047772888,0.030097408,-0.086402692,0.101916172,-0.099927455,-0.078168854,-0.101895347,-0.101139218,-0.101808503,0.10188558,-0.10173706,-0.101914711,0.079203598,-0.055324048,-0.101346195,0.092923172,-0.077427462,-0.101911448,-0.100748613,0.001267012,-0.098007448,-0.101892814,-0.101912782,0.049456816,0.056166284,0.021561338,0.101297431,-0.101915672,0.097006015,-0.101916172,-0.101883359,-0.094954014,0.10190884,0.101916172,-0.101916172,0.097775169,-0.101909325,-0.100760631,-0.100550041,-0.101219349,0.101816021,0.100621067,0.101695642,0.058776293,0.093212776,-0.101905666,-0.101289749,0.101916172,-0.085167512,0.064799532
tiamulin,UURAUHCOJAIIRQ-QGLSALSOSA-N,A4,0.089115851,0.089115851,0.089115851,0.089115851,0.089115851,0.089115851,0.089048341,-0.086847007,0.089114308,-0.089115851,-0.089115851,0.089115851,-0.089115851,0.089115851,0.076425828,-0.089115851,0.089115851,0.089115851,-0.089115851,0.089115851,0.089115851,0.089115746,-0.089115851,-0.089115851,-0.089115851,-0.082486071,-0.089115851,-0.023601225,-0.089115851,-0.089115851,-0.089115851,-0.089115851,0.089115851,-0.076183014,-0.089115694,0.089115851,0.089115851,0.080080062,-0.089115851,0.089115851,-0.089115642,0.082384773,-0.089115851,-0.089115851,0.088678867,0.089115806,-0.089115851,-0.089115851,-0.089115851,-0.089115851,-0.088337772,0.089115851,-0.089113116,0.089115851,-0.089115851,-0.089115851,0.089115731,-0.089115851,-0.089115851,-0.089115851,0.088798538,0.089115851,0.089115851,0.089115851,-0.089115851,0.089115851,-0.089115851,0.089115851,0.089115851,-0.089115851,-0.089115851,0.089115851,0.089108713,-0.089115851,0.089115851,-0.089115851,-0.089115851,-0.089115851,-0.089115851,-0.089115851,0.089115851,-0.089115396,0.089115851,0.087668814,-0.089115851,0.089115851,0.089115851,-0.089115851,0.089115851,-0.089115851,-0.089115851,-0.089115851,0.089115851,-0.089115851,0.089115851,0.089115851,0.089115851,-0.088637501,0.089115851,0.089115851,-0.089115851,0.089115851,-0.089115851,0.089115851,0.089115851,-0.089115851,-0.089115851,-0.089115851,0.089115851,0.089115851,0.089115851,0.089106299,0.089115851,0.089115851,-0.089097686,-0.089021407,-0.089115851,-0.088909797,-0.089115851,0.089115851,-0.089115851,-0.089115635,-0.089115851,-0.089115389,0.089115851,0.089115851,-0.089114778,-0.089115851
ticarcillin,OHKOGUYZJXTSFX-KZFFXBSXSA-N,A4,-0.098893307,0.003810546,0.104547694,-0.108205259,-0.105099052,-0.106849708,-0.103730574,0.106964871,0.107493125,0.073657274,-0.098529279,0.107796632,-0.108501419,0.108778767,-0.07823842,-0.040458847,-0.045467753,0.093952209,0.013219121,0.098680802,0.012683412,0.023419205,0.108538404,0.107960343,0.088587962,0.002862931,-0.032393035,-0.108822137,-0.10849338,-0.103398256,-0.106898285,-0.078836545,-0.098903336,0.108806588,-0.070871368,-0.027254483,0.065808922,0.107876658,-0.101777345,-0.095983595,0.103654638,-0.060350485,-0.025970399,-0.105184816,-0.09650629,0.105313197,-0.026955018,0.105595462,0.094842643,-0.033931915,-0.010365842,0.108823299,0.044241913,-0.061901115,0.108872585,-0.046590764,-0.071010411,-0.071430095,0.106349424,-0.080142222,0.10846664,-0.106270939,0.108016171,-0.106079295,-0.042761583,0.063368522,0.053448897,0.108888745,-0.106098093,0.108787417,0.106444404,-0.058440793,0.10717807,0.103617258,0.079454519,0.029565658,-0.059405167,-0.108288787,-0.03783809,-0.068481423,-0.108001262,-0.102937944,0.037430063,-0.107096285,-0.105210111,-0.107413165,0.050997362,-0.107046269,0.108703762,0.078549497,-0.108810954,-0.105454557,0.089707427,0.003915392,-0.105919123,0.108362027,-0.10484428,0.062107023,-0.042633656,0.108891234,-0.008632069,0.108613946,0.095259711,0.106132917,-0.060549669,0.088452563,0.108534247,0.108383939,0.055416133,0.001494779,0.106297001,-0.106420793,0.083394691,-0.106579222,0.108166412,-0.106217556,0.089464143,-0.036395308,0.09706267,0.108862467,-0.038413402,-0.104999892,0.094015747,-0.097827382,0.103468098,-0.105212636,-0.051269356,0.093370453
tildipirosin,HNDXPZPJZGTJLJ-UEJFNEDBSA-N,A4,-0.092805631,0.093292698,0.092258349,0.061796743,-0.092797391,0.093292698,0.092272006,-0.093292601,0.093201905,0.093292698,0.085250013,0.093292691,0.093286902,0.093292698,0.093185969,0.093292579,-0.093241371,0.093292698,0.092462242,0.093292557,0.093214437,0.093282893,0.093292698,-0.093147725,-0.093292698,0.093292542,-0.09313108,-0.093287803,-0.028868636,-0.093292698,-0.093292698,0.09222836,0.093285516,0.085354805,-0.058780193,-0.092565566,-0.09329246,-0.093248293,0.090826705,-0.089639753,0.093102865,-0.093292624,-0.069420688,-0.093287058,-0.093284354,0.093292698,0.082077608,-0.093292646,-0.093292698,-0.004417194,0.093155347,0.093205899,-0.093292698,0.093292698,-0.093292139,-0.093292698,0.035926871,-0.093281783,0.040742192,-0.093292698,-0.093292661,0.093292698,0.093292698,0.092743799,-0.093292698,0.093292698,0.093292601,0.093292698,0.093292683,-0.091995075,0.093280986,-0.012205137,-0.025406091,-0.088759869,-0.090574019,-0.09147305,-0.093292698,0.092735261,-0.093263716,-0.093223363,0.093292698,0.091028906,-0.093276769,-0.086658172,-0.093292698,0.007426337,0.093292698,-0.093292698,0.093267962,-0.090997241,-0.093292698,-0.093292698,0.093264617,-0.093292668,0.068103574,0.093290225,0.092912674,-0.083256364,-0.092395313,0.093292698,-0.088008367,0.093292698,0.091535337,0.093292698,0.093292698,-0.093291178,0.093291566,0.053896807,0.054931264,0.064136915,-0.056041878,0.093213879,0.093292698,-0.093292698,0.079232208,-0.093292698,0.093289427,-0.088542387,-0.093292661,0.093292698,-0.093292139,-0.093256079,0.093289435,-0.093292683,0.093145825,0.093292698,0.093292698,-0.093057491
tilmicosin,JTSDBFGMPLKDCD-XVFHVFLVSA-N,A4,-0.093378507,0.093443312,0.069034383,-0.048634827,-0.093289584,0.093443312,0.091700539,-0.093442604,0.092743866,0.093443312,0.077896446,0.093443103,0.093421862,0.093443312,0.09341044,0.093443312,-0.093441658,0.093443312,0.093364343,0.093443222,0.093267277,0.093440138,0.093443312,-0.093187705,-0.093443312,0.093442805,-0.083052337,-0.093440637,0.012466406,-0.093443312,-0.093443312,0.092107341,0.093436837,0.089093059,-0.081293717,-0.093291245,-0.093443193,-0.093294911,0.092551596,-0.089943305,0.093284495,-0.093443267,-0.061740026,-0.093424499,-0.093394965,0.093443312,0.092807665,-0.093443215,-0.093443312,0.069672197,0.092714123,0.09177053,-0.093443312,0.093443312,-0.09344212,-0.093443312,0.077632204,-0.093348637,0.043201704,-0.093443312,-0.093443111,0.093443312,0.09344317,0.088846996,-0.093443312,0.093442962,0.093443312,0.093443312,0.09344323,-0.064592585,0.093437627,0.006961794,-0.055259354,-0.086667739,-0.092956841,-0.093117565,-0.093443312,0.093271241,-0.093332022,-0.093062334,0.093443312,0.082939602,-0.093439408,-0.092347302,-0.093443312,0.013698922,0.093443312,-0.093443312,0.093406223,-0.091991812,-0.093443245,-0.093443312,0.093418173,-0.093443312,0.046540011,0.093279615,0.092842169,-0.087336041,-0.091078155,0.093443312,-0.077981301,0.093443312,0.093311101,0.093443312,0.093443312,-0.093442313,0.093436345,0.041327469,0.011692212,-0.008524843,-0.077020556,0.093435317,0.093443312,-0.093443312,0.09291289,-0.093443267,0.093442895,-0.092479527,-0.09344326,0.093443312,-0.093441837,-0.09340483,0.09344139,-0.09344317,0.092571005,0.093443312,0.093443312,-0.093265332
tobramycin,NLVFBUXFDBBNBW-PBSUHMDJSA-N,A4,0.090287484,-0.090287484,0.062331472,0.090287484,0.090287484,0.090287484,-0.090287484,-0.090287484,-0.090287484,0.090287484,0.090287484,-0.090287484,-0.090287484,0.090287484,-0.090287484,0.090287484,-0.090287484,0.090287484,-0.090287484,0.090287484,0.082164519,-0.090287484,0.090287484,-0.090287484,-0.090287484,-0.090283222,-0.090287484,0.090287484,0.090287484,-0.090160593,-0.090287484,0.09028627,0.090281777,-0.090287484,0.090287484,-0.090287484,-0.090287484,-0.090287484,-0.090287484,0.090287484,0.090287358,0.090287484,-0.090283886,0.090287484,-0.090287484,0.090287484,0.090287484,-0.090287484,-0.089318715,0.090287484,0.060920052,-0.090287484,-0.08992096,0.090287484,0.090287484,-0.090287484,-0.087682411,-0.065935388,-0.090286054,-0.090287484,0.076288044,-0.090284765,-0.090287484,-0.090287484,-0.090287484,-0.090287484,0.090287484,-0.090287484,0.090287484,0.090287484,-0.052259456,-0.090287484,-0.090287484,-0.038300995,-0.090287484,0.090287484,-0.090279371,0.090287484,0.090287484,0.090287484,0.090287484,0.079528451,0.090286925,-0.090287484,-0.090287484,-0.090287484,-0.090287484,0.090287484,0.090287484,0.090287484,-0.090287484,-0.090287484,0.08449766,0.0077179,-0.090287484,0.090284064,-0.069731817,-0.090287484,0.090287484,0.090287484,-0.090287484,0.090287484,0.090287484,0.090287484,0.090287484,-0.090287484,-0.090287484,-0.090287484,0.090287484,-0.090287484,-0.090287484,0.090287484,-0.090287484,-0.090287484,-0.090287484,-0.090287484,0.090287484,-0.090287484,-0.090287484,-0.090287432,0.090287484,-0.090287484,0.090240397,0.089605272,-0.090287484,0.090287484,0.090287484,-0.090287484
triclosan,XEFQLINVKFYRCS-UHFFFAOYSA-N,A4,0.088417664,-0.088417664,0.088417664,0.088417664,0.088417664,0.088417664,-0.088417545,0.088417664,0.088417664,0.088417664,0.088417664,-0.088417664,-0.088417664,0.088417664,-0.088417664,-0.088417664,-0.088417664,0.088417664,-0.088417664,-0.088417664,0.088417664,-0.088344619,-0.088417664,0.088417664,0.088417664,0.088417664,-0.088417664,0.088417664,-0.088417664,0.088417664,0.088417664,0.088417664,0.088417664,-0.088417664,-0.088417664,-0.088417664,0.088417664,-0.088417664,-0.088417664,0.088417664,-0.088417664,0.088417664,0.088417664,-0.088417664,0.088417664,-0.088417664,0.088417664,-0.088417664,0.088417664,-0.088417664,0.084790476,-0.088417664,0.088417664,0.088417664,-0.088417664,0.088417664,-0.088417664,-0.088417664,-0.088417664,0.088417664,-0.088417664,-0.088417664,-0.088417664,0.088417664,-0.088417664,-0.088417664,-0.088417664,-0.088417664,-0.088417664,0.088417664,-0.088417664,0.088417664,-0.088417664,-0.088417664,0.088417664,-0.088417664,-0.088417664,-0.088417664,0.088417664,-0.088417664,-0.088417664,-0.088417664,0.088417664,0.088417664,0.088417664,0.088417664,-0.088417664,-0.088417664,0.088291824,-0.088417664,-0.088417664,-0.088417664,0.088417664,-0.088417664,-0.088417664,-0.08841759,0.088417664,-0.088417664,0.088417664,0.088417664,0.088417664,-0.088417664,-0.088417664,-0.088417664,0.088417664,0.088417664,-0.088417664,0.088417664,0.088417664,-0.088417664,-0.088417664,0.088417664,0.088417664,0.088417664,0.088417664,-0.088417664,-0.088417664,-0.088417664,0.088417664,0.088417664,0.088417664,0.088417664,0.088417664,0.088417664,0.088417664,-0.088417344,-0.088417664,0.088417664
trimethoprim,IEDVJHCEMCRBQM-UHFFFAOYSA-N,A4,0.088958524,-0.090448193,0.09044572,-0.090448193,0.090448193,-0.090448,-0.090447873,-0.090448193,-0.090448193,-0.090448193,0.090448193,-0.090448193,-0.090448193,0.090448193,-0.090448193,0.090448193,-0.090448193,-0.090448193,-0.090443894,-0.090448193,0.090448193,-0.090448193,0.090448193,-0.090448193,0.090448193,0.090448193,-0.028179694,0.090448193,0.090448193,0.090244271,-0.090448193,-0.090448193,0.090448193,0.090448171,0.090448193,0.090448193,0.090448193,0.090448193,-0.090448193,-0.090448193,0.045709502,-0.02796082,0.090448163,0.090438575,0.090448193,-0.090447247,-0.090448193,-0.090448193,-0.090448193,0.090448193,0.090448193,-0.090448193,0.090448193,-0.055263739,0.090448193,-0.089909174,-0.090445884,-0.090448193,-0.090448193,-0.090448193,-0.090448193,-0.090448193,-0.090425536,0.090448193,-0.090448193,0.090448193,-0.090448193,0.090448141,-0.090448193,-0.090444222,0.090167172,-0.090448193,-0.090448193,-0.090355128,0.043211643,0.090448193,-0.090448193,-0.090448193,0.090448193,0.090357438,-0.090448193,-0.090447985,0.090448193,-0.056679495,0.090448193,-0.090448193,-0.090448193,0.090448193,0.090283491,0.090448193,-0.090448193,-0.090448193,-0.08907675,0.090448193,-0.089716233,0.090448193,-0.090448193,0.090448193,0.090448193,0.090448193,0.090448193,0.090448193,-0.085626148,-0.090448193,0.010561572,0.090448193,-0.090448193,0.090448193,0.090448193,-0.090448193,-0.090448193,-0.090448193,-0.090448193,-0.090448193,-0.090448193,-0.090448193,0.090447657,0.090448074,-0.090448193,-0.090448193,-0.090448193,-0.090448193,0.090448193,0.090448193,-0.090193972,0.090448193,0.090448193,-0.090448193
tulathromycin,GUARTUJKFNAVIK-QPTWMBCESA-N,A4,0.088946015,0.092052385,0.091693968,-0.092052288,-0.091476798,0.092052385,-0.091668449,-0.092052385,0.092052296,0.092052385,0.092052385,0.092052385,0.092052341,0.092052385,-0.001395405,-0.076145038,-0.092052385,0.092052385,-0.076681934,0.092052385,-0.079513229,0.092052385,0.092052385,-0.092052333,-0.092052385,0.092052385,-0.092052355,0.087042958,-0.092029326,-0.092052385,-0.092052385,0.092052385,-0.092052065,-0.092052385,-0.088026993,-0.092052273,-0.092052385,-0.090133384,0.076712653,-0.091962211,-0.090130836,-0.092052184,-0.092052385,0.092040695,-0.092052385,0.092052385,0.091918819,-0.092052385,-0.092052385,0.092052385,-0.085164055,-0.092052385,-0.090110421,0.092052385,-0.092052385,-0.092052385,-0.081421502,-0.092052385,-0.091957204,-0.092052385,-0.092052385,0.092052385,0.092052385,0.073948711,-0.092052385,0.085095957,0.092052385,0.092049606,0.092052385,-0.08777865,0.09205237,-0.092052385,-0.092052385,0.09204597,-0.092052385,0.092052385,-0.092052385,0.091992311,0.091865532,0.090137325,0.092052385,0.09205237,-0.068395801,-0.092052385,-0.092052385,-0.022714803,0.092052385,-0.092052385,-0.070914038,0.092052206,-0.092052385,-0.092052385,0.047437619,-0.092049874,-0.092029937,0.092052385,0.092037052,-0.092052385,-0.018257298,0.092052385,0.092052385,0.092052385,0.092051074,0.092052385,0.092052385,-0.092052288,0.092040464,0.091998547,-0.092051983,0.092024408,-0.013966368,0.092052385,-0.028643031,-0.092052385,-0.091947086,-0.092052385,0.092052385,-0.092052385,-0.092052385,-0.082429938,-0.092041664,-0.092052385,0.092052385,-0.092052169,-0.039490473,0.092052385,0.092052385,-0.092052169
tunicamycin a,MEYZYGMYMLNUHJ-DIRMKAHISA-N,A4,-0.092319481,0.071877107,0.092328697,-0.092328861,0.092296913,0.092326194,-0.092328861,-0.092328832,0.091084495,0.092328861,0.092327587,-0.015595065,-0.092328861,0.092328861,-0.091201589,0.047662906,-0.092328861,0.092327118,-0.073159441,0.092296869,0.091591701,-0.036032643,0.092328861,0.09227968,-0.09232872,0.092328779,-0.060050018,0.09232866,-0.018753499,0.015565924,-0.092328861,0.092328861,0.064846762,-0.092270337,0.089079052,-0.092328861,-0.092328861,-0.07515651,-0.082868144,0.089232065,0.092328861,-0.092328697,-0.092328832,-0.092328861,-0.092328578,0.092328861,-0.09232229,-0.092328794,-0.092325926,0.092328861,-0.092316173,-0.092328861,0.092236981,0.092328861,0.092328861,-0.092328861,-0.092328832,-0.072333589,-0.09222234,-0.092328861,-0.084010117,-0.092328861,-0.092310332,-0.092328861,-0.092328861,0.092327997,0.092328861,0.092328198,0.092297845,0.092294231,0.092328861,-0.092326008,-0.092328861,0.090609804,-0.092328861,0.092247918,-0.092275143,0.092328861,0.092328832,0.092323028,0.092328861,-0.09232825,0.074320547,-0.092328861,-0.092328861,-0.085849583,0.092328861,-0.092077851,0.092328861,0.092325658,-0.092328414,-0.092328861,0.092327043,-0.092328861,-0.092328861,0.092328861,0.092237875,-0.092328861,-0.078791097,0.092328861,-0.078900963,0.092328861,0.092141055,0.092269883,-0.047262583,-0.033307418,0.090054996,-0.089828752,0.092328407,-0.092328861,-0.092328861,0.092328832,-0.092328861,-0.092328861,0.086416043,-0.092328861,0.092328861,-0.092328861,-0.092174083,0.092327349,0.08886487,-0.09232638,0.092287421,-0.092229374,0.092291951,0.092328861,0.092328861,-0.089497067
tunicamycin c2,NKDRZEIENXWUCE-VDIUWDQWSA-N,A4,-0.091836311,0.088823855,0.091838136,-0.091838583,0.091761753,0.091838583,-0.091688149,-0.091838583,0.091674916,0.091838583,0.091838583,-0.082745746,-0.091838419,0.091838583,0.068842545,-0.045467865,-0.091838583,0.091629677,0.028457874,0.091838546,0.0910208,-0.089908041,0.091838583,0.091835849,-0.091838583,0.091838554,-0.082523055,0.091569364,0.025110386,-0.080052078,-0.091838583,0.091838583,0.020748015,-0.091386341,0.067289472,-0.091838583,-0.091838583,-0.041290473,0.033506721,-0.077955104,0.091838583,-0.091838583,-0.091838583,-0.091838583,-0.091837533,0.091838583,-0.09130358,-0.091827609,-0.091838509,0.091838583,-0.091837324,-0.091838583,0.091790527,0.091838583,0.091838449,-0.091838583,-0.091330111,-0.09180104,-0.091838457,-0.091838583,-0.091726869,-0.091837056,-0.089828692,-0.091838583,-0.091838583,0.091836974,0.091838583,0.091838583,0.091838315,0.091826946,0.091838583,-0.091781728,-0.091838583,-0.082471855,-0.091838583,0.091135792,-0.091838367,0.091838583,0.091838121,0.091767907,0.091838583,-0.09183716,-0.091774948,-0.091838583,-0.091838583,-0.090762094,0.091838583,-0.091838144,0.091838583,0.091827929,-0.09142226,-0.091838583,0.091838539,-0.091838583,-0.091838583,0.091838583,0.09183345,-0.091838583,0.048297457,0.091838583,0.087177381,0.091838583,0.091837719,0.091838583,0.091732837,0.007723773,0.091766782,-0.091769502,0.09183798,-0.091838583,-0.091838583,0.091838583,-0.091838583,-0.091838583,0.091292724,-0.091838583,0.091838583,-0.091838583,-0.091810204,0.091824122,-0.090440333,-0.091819167,0.091838583,-0.091699168,0.091837794,0.091838583,0.091838583,-0.087089665
tunicamycin d2,XCEPHNBEHQJSSB-LGJGITPNSA-N,A4,-0.093321875,0.070084326,0.093334951,-0.093335174,0.093306787,0.093329988,-0.0933351,-0.093335174,0.091105923,0.093335174,0.093333513,0.030957408,-0.093335174,0.093335174,-0.091762736,0.009996616,-0.093335174,0.093326494,-0.076163813,0.093298309,0.092464685,-0.024675079,0.093335174,0.093211591,-0.093334898,0.093335144,-0.054100685,0.093334787,-0.048632901,-0.004602225,-0.093335174,0.093335174,0.055780053,-0.093274534,0.085158482,-0.093335174,-0.093335174,-0.03501327,-0.084042408,0.074794784,0.093335174,-0.093335047,-0.093335137,-0.093335174,-0.093334362,0.093335174,-0.093312584,-0.093334958,-0.093331397,0.093335174,-0.093296073,-0.093335174,0.09329576,0.093335174,0.093335174,-0.093335174,-0.093335062,-0.08324568,-0.093275867,-0.093335174,-0.088395178,-0.093335174,-0.093300551,-0.093335174,-0.093335174,0.093331218,0.093335174,0.093334712,0.093287118,0.093267716,0.093335129,-0.093331255,-0.093335174,0.091491841,-0.093335174,0.093266897,-0.093291655,0.093335174,0.093335107,0.093306258,0.093335174,-0.093333878,0.06152381,-0.093335174,-0.093334943,-0.085710421,0.093335174,-0.093230717,0.093335174,0.093331285,-0.09333469,-0.093335174,0.093332648,-0.093335174,-0.093335174,0.093335174,0.093182154,-0.093335174,-0.071133345,0.093335174,-0.031115547,0.093335174,0.093010768,0.093316317,0.022705046,-0.002954169,0.091438666,-0.091379613,0.093334273,-0.093335174,-0.093335174,0.093335129,-0.093335174,-0.093335174,0.085584067,-0.093335174,0.093335174,-0.093335174,-0.093204468,0.09331952,0.077804774,-0.093326464,0.093305014,-0.093037196,0.093274221,0.093335174,0.093335174,-0.092377253
tylosin,WBPYTXDJUQJLPQ-VMXQISHHSA-N,A4,-0.092018209,0.092533752,0.092226379,0.086502522,-0.092533752,0.092533752,-0.07171426,-0.092531137,0.092296302,0.092533752,0.091532707,0.092533752,0.092533424,0.092533752,0.057951648,0.092533723,-0.092533723,0.092533752,0.090837367,0.09253075,0.053305339,0.092533752,0.092533752,-0.091237053,-0.092533752,0.092533752,-0.089268588,-0.092522517,-0.092152424,-0.092533752,-0.092533752,0.091010571,0.063452192,0.090925805,-0.092524126,-0.092531599,-0.092533678,-0.092070788,0.086377479,-0.09247341,0.092531778,-0.092533059,-0.083926544,-0.092308037,-0.09252733,0.092533752,0.092282012,-0.092517555,-0.092533752,0.089186788,0.091837175,0.071328074,-0.092533752,0.092533752,-0.09253373,-0.092533752,-0.039080806,-0.092531905,0.077938922,-0.092533752,-0.092533171,0.092533752,0.092533752,0.009171396,-0.092533752,0.092533752,0.092533752,0.092533752,0.092533752,0.051086802,0.09252423,-0.063647494,0.088019118,0.091847584,-0.092495404,-0.08840622,-0.092533752,0.079195082,-0.092532381,-0.092481598,0.092533752,0.087093137,-0.092520803,-0.092533603,-0.092533752,-0.018168923,0.092533752,-0.092533752,0.092504077,-0.092124939,-0.092533752,-0.092533752,0.092120722,-0.092533752,-0.078440093,0.092533506,0.092451349,-0.092506349,-0.088086098,0.092533752,-0.077942349,0.092533752,0.092425816,0.092533752,0.092533752,-0.092533357,0.092533186,0.092512235,0.07875032,-0.019627569,0.01495091,0.092533305,0.092533752,-0.092533752,0.092341334,-0.092533752,0.092533752,-0.092528425,-0.092533752,0.092533752,-0.092533186,-0.092533551,0.092528731,-0.092533752,0.090955414,0.092533752,0.092533752,-0.092202075
tylvalosin,KCJJINQANFZSAM-HZDSEHBESA-N,A4,0.082178317,0.090728,0.090727903,0.081874639,-0.090728,0.090728,0.085714459,-0.090726532,-0.090711795,0.090728,0.08837308,0.090728,0.090728,0.090728,0.090728,0.005501712,-0.090728,0.090728,-0.090728,0.09071511,0.090728,0.09072797,-0.090728,-0.090728,-0.090728,0.090728,0.039583817,-0.090728,-0.090439819,-0.090728,-0.090728,-0.090728,0.090728,0.090728,-0.090728,0.090705641,0.087894641,-0.090727121,0.090713546,0.090721846,0.090727322,-0.090728,0.090686813,-0.090700977,-0.090723455,0.090728,0.070279866,-0.090728,-0.090728,-0.090728,0.090728,0.0904577,-0.090728,0.090728,-0.09072087,-0.090728,0.090728,-0.090725809,0.090727948,-0.090728,-0.090728,0.090728,0.090727948,0.081645042,-0.090728,0.090728,0.090727158,0.090728,0.090728,-0.090725623,-0.090727702,0.090728,0.090683728,-0.090727754,0.090728,-0.090728,0.07877133,-0.090126149,-0.090728,-0.090728,0.090728,0.07802771,-0.090728,-0.087743454,-0.090728,0.090058066,0.090728,-0.090728,0.074498877,-0.090728,-0.090728,-0.090727948,0.090728,-0.090728,-0.079959035,0.048242047,0.090728,-0.061240137,0.084404051,0.090728,-0.090728,0.090728,-0.090158284,0.090728,0.090728,-0.090728,0.090703674,-0.090675972,0.090727873,0.090727814,-0.089956887,-0.088762723,0.090728,-0.090728,0.090687819,0.090728,-0.089363851,0.050581805,-0.090728,0.090728,-0.090728,-0.090728,0.090713792,-0.090728,0.090728,0.090728,-0.088691786,-0.084379293
valnemulin,LLYYNOVSVPBRGV-MVNKZKPCSA-N,A4,0.017071927,0.096487343,0.094554625,0.089304715,-0.096484296,0.003387033,-0.002538375,-0.096473038,0.05855995,0.096466318,-0.077130437,0.096487343,0.092448175,0.096476458,0.017251698,0.094091952,0.096310586,0.096487343,0.093865775,0.089320645,-0.096463718,0.096487343,0.096486688,-0.096487306,-0.096486859,-0.044902492,-0.095261149,-0.09611214,-0.096486673,-0.096487343,-0.096487343,0.096486144,0.007273806,0.085120477,-0.096113086,0.095953695,0.015409446,0.096484184,0.075025707,-0.096429124,0.092502378,0.094182812,-0.096486703,0.096300036,-0.063015163,0.096407965,0.096203238,-0.096487343,-0.070134908,0.094875976,-0.067005359,0.096484229,-0.096464984,0.096421778,-0.096482038,-0.096487343,-0.096453622,-0.09629871,-0.023248717,-0.05648686,0.056689866,0.096487343,0.096079782,0.072275102,-0.096408337,0.09644638,0.096487261,0.093563966,0.096484713,-0.096435092,0.096386209,-0.096486777,0.096464485,0.096487261,-0.094651625,0.093814172,-0.096486598,-0.079676837,-0.096485466,-0.09635365,0.096486524,0.090060167,0.091453329,-0.096487314,-0.096487343,-0.089020588,0.09648677,-0.096473314,0.09647458,0.078850664,-0.096487343,-0.096487343,0.086211324,-0.096486725,0.055372354,0.096251741,0.093582958,-0.095008187,-0.096466035,0.078107134,0.089849971,0.096487343,-0.096438952,0.096487314,0.096487343,-0.096485965,0.09635973,0.096321784,0.010189178,0.096470959,0.09647347,0.096357197,0.096487343,-0.096487343,0.096064694,-0.096487343,0.086923569,-0.063862354,-0.096487343,-0.003437697,-0.085571878,0.087764598,-0.077038661,-0.095405892,-0.090924658,0.000600447,0.096424431,-0.096487284
vancomycin,MYPYJXKWCTUITO-LYRMYLQWSA-N,A4,0.090281285,0.090271033,-0.090179808,-0.090281337,0.089847356,0.090281337,-0.090281337,-0.090281337,-0.086489283,0.090281337,-0.044563185,0.090281337,-0.090281337,0.090281337,-0.090281337,-0.090281337,-0.090281337,0.090279527,-0.090281337,0.08681187,-0.089009568,0.09028057,0.090281337,0.090281337,-0.089219883,0.090281337,-0.090281337,0.090281337,-0.090281337,0.067282856,-0.090281337,0.087641291,-0.090281337,-0.090281337,-0.090281337,-0.090281337,-0.090281337,0.028986529,-0.090280466,-0.078335986,-0.070989557,-0.090281337,-0.090281337,0.090281337,-0.090281337,-0.090281337,0.090252787,-0.090281337,-0.090225048,0.090281337,-0.090263501,-0.090281337,0.090281233,0.090281337,0.090280943,0.090186708,0.090067282,-0.073059849,0.090213709,-0.090281337,0.090281337,-0.090281337,-0.090281337,-0.090281337,-0.090281337,-0.090281337,0.090281337,-0.085470602,0.090281337,0.090024948,-0.090279661,-0.090281337,-0.090281278,0.090281337,-0.090281337,0.090281337,-0.07787738,-0.090280473,0.090280518,0.090281337,0.090281337,0.090175539,0.08957684,-0.090281337,-0.090281337,0.090281337,0.090281337,-0.090278052,-0.083199948,0.090281263,-0.090281337,-0.090281337,0.090281337,-0.090281337,-0.090281337,-0.034311716,0.064326361,-0.090281337,0.090281337,0.090277411,0.090281337,0.090281337,0.090281337,0.090281337,0.090281337,-0.09028095,-0.090061732,0.0902813,-0.090281337,-0.088713504,-0.089481406,0.090281337,-0.090281337,-0.090281337,-0.089790761,-0.090281337,0.090281337,-0.090281337,0.090281337,-0.090281337,-0.090260625,-0.090281337,0.090281337,-0.090281337,-0.090281241,0.090281337,0.090281337,-0.090281337
vanillin,MWOOGOJBHIARFG-UHFFFAOYSA-N,A4,0.089246795,-0.089246795,0.0891563,0.089246795,0.089246795,0.089246795,0.089246795,0.089246795,0.089246795,0.089246795,0.089246795,-0.089246795,-0.089246795,0.089246795,-0.089246795,-0.089246795,-0.089246795,0.089246795,-0.089246795,-0.089246795,0.089246795,-0.089246795,-0.089246795,-0.089246795,0.089246795,-0.089246795,-0.089246795,-0.059005722,-0.089246795,0.089246795,0.089246795,0.089246795,0.089246795,-0.089246795,-0.089246795,-0.089246795,0.089246795,-0.089246795,-0.089246795,0.089246795,-0.089246795,0.089246795,0.089246795,-0.089246795,0.089246795,-0.089246795,0.089208998,-0.089246795,0.089246795,-0.089246795,-0.062224638,-0.089246795,0.089246795,0.089246795,0.089246795,-0.089246795,0.089246795,0.089246795,-0.089246795,-0.089246795,-0.089246795,-0.089246795,-0.089246795,-0.089246795,-0.089246795,-0.050079942,-0.089246795,-0.089246795,-0.089246795,0.089246795,-0.089246795,0.089246795,-0.089246795,-0.089246795,0.089246795,-0.089246795,-0.089246795,-0.089246795,0.089246795,-0.089246795,-0.089246795,-0.089246795,0.089246795,0.089246795,0.089246795,0.089246795,-0.089246795,-0.089246795,0.089246795,-0.089246795,-0.089246795,-0.089246795,0.089246795,-0.089246795,0.089246795,-0.089246795,0.089246795,-0.050533004,0.089246795,0.089246795,-0.089246795,-0.089246795,-0.089246795,-0.089246795,0.089246795,0.089246795,-0.089246795,-0.089246795,0.089246795,-0.089246795,-0.089246795,0.089246795,0.089246795,0.089246795,-0.089246795,-0.089246795,-0.089246795,0.089246795,-0.089246795,0.089246795,0.089246795,-0.089246795,-0.089246795,0.089246795,0.089246795,0.089246795,0.088959388,-0.089246795
viomycin,GXFAIFRPOKBQRV-GHXCTMGLSA-N,A4,-0.091281727,-0.077737778,0.06578058,-0.091328628,0.091328628,0.088890098,-0.091328293,-0.091327518,0.090631716,-0.08999379,-0.064763591,-0.091328628,-0.091328628,0.091328628,0.091111682,-0.091328628,-0.091328628,-0.091272056,-0.091298364,0.091328628,0.029831646,-0.091322049,0.091328628,0.069815129,0.071250707,0.091328628,-0.091324672,0.091328628,0.088681243,0.091323391,-0.091328628,-0.091328628,0.0913186,-0.09104389,-0.065471075,-0.091328599,0.091318496,0.091328628,-0.091053762,0.018061081,-0.090090059,-0.091325328,-0.091328628,0.081697933,-0.090221658,-0.091328599,0.091323413,-0.091328628,0.079965979,0.091328628,-0.091318637,-0.091328628,0.091328561,0.081496328,0.091328628,0.091328628,0.091328628,-0.090704456,-0.091323525,-0.091328628,0.088043459,-0.091328628,-0.091328628,-0.091328502,-0.091328628,-0.091328628,0.091328628,0.091328628,0.091327824,0.091328628,-0.091328628,0.086998664,-0.091328628,0.090776704,-0.091328628,0.091328628,-0.031141039,-0.091328628,0.091328628,0.091326997,0.091328397,-0.08962515,0.091328464,-0.091328561,0.091328412,-0.090071119,0.091328628,0.091291294,0.091328628,0.091328628,-0.091328628,-0.091328584,0.091328628,-0.091328628,0.088618889,0.09123034,-0.091328628,-0.09131375,0.091328286,0.091328628,0.091328628,0.091328628,0.091318451,0.091328628,-0.091293924,0.091328628,0.091247015,-0.046399947,0.091328628,-0.089177042,-0.091328599,0.091292873,-0.091328628,-0.091328628,-0.087709598,-0.091328628,0.091328628,-0.091328628,0.087741353,-0.091296934,-0.091328628,-0.091258965,0.091328628,0.091328263,0.055600829,-0.088222273,0.091326997,-0.091288626
virginiamycin m1,DAIKHDNSXMZDCU-FQTGFAPKSA-N,A4,0.095935918,0.096119262,0.076421581,0.096118391,0.081473775,0.096118897,-0.088557668,-0.056289025,0.093674481,-0.096043631,-0.095902614,-0.024862217,-0.095855109,0.096119352,-0.096100397,0.002315004,0.092276335,0.096119352,0.095988341,-0.019590518,0.096114211,0.056922279,-0.096057646,-0.083340198,-0.094990812,0.06978187,0.005316827,-0.086774103,-0.095483154,-0.090710476,-0.096090473,-0.095466405,0.096119352,-0.093542419,0.093673237,0.096115239,0.094365358,-0.085626267,0.077295169,0.065004855,-0.070105694,0.007733811,-0.095395431,-0.094706051,0.096083626,-0.062728979,0.09610074,-0.096119352,-0.095797539,-0.096119352,0.089781009,0.09588249,-0.096119352,0.096104234,0.048583854,-0.096119352,0.033793285,0.096053839,0.09595871,0.091890663,-0.092953496,0.096116401,0.096099891,0.060842462,-0.096119352,0.096119352,-0.096084721,0.09611591,0.091910191,-0.067425989,0.014872996,0.096111365,0.089911431,-0.093892008,0.096119352,-0.096119352,-0.092603222,-0.096056111,-0.096118107,-0.091002397,0.078992531,0.095687285,-0.083988257,0.096110187,-0.09611924,0.088005766,0.092500731,-0.096119352,0.09006349,-0.096117593,-0.096119352,-0.096119292,0.096119352,-0.096117109,0.095910549,0.0957257,-0.095111132,-0.093788378,0.09596777,0.096119352,0.006399549,0.096119352,0.081366822,0.096119352,0.096119352,-0.096119292,-0.065792732,-0.092044502,0.095883161,-0.096043907,0.093841389,0.096103646,0.096119352,0.088141702,-0.082353219,-0.096118473,-0.086815514,-0.035254717,-0.096118882,0.096117809,-0.096119352,-0.096118771,0.092608444,-0.096119247,0.096107408,0.096118525,-0.081314437,-0.095852576
alfacalcidol,OFHCOWSQAMBJIW-AVJTYSNKSA-N,A4,0.092399985,0.092401937,0.092340678,0.092401937,0.038105957,0.065261744,0.092388742,-0.09240102,0.092401937,-0.085461169,0.088469237,0.092401937,0.088228203,0.092401937,-0.092401937,-0.059031453,0.092401937,0.092401937,-0.081750356,0.091317035,-0.092400633,0.092401937,0.092401542,-0.092401937,-0.092401937,0.092398964,-0.092401937,-0.092401937,-0.092401937,-0.092401937,-0.092401937,-0.06362889,0.087950721,-0.092303745,-0.058254242,0.092401937,-0.080859594,-0.092390008,-0.092401937,-0.092401937,-0.091284044,0.092401937,-0.092385389,0.013759237,-0.092395797,0.092401937,0.088406898,-0.092401937,-0.092401937,-0.092401937,0.084584124,0.092401937,-0.092399582,0.092401937,-0.091513328,-0.092401937,-0.092401117,-0.092401937,0.085703187,0.056545027,-0.092401721,0.092401937,0.092401937,0.0920128,0.089267895,0.092401937,0.092398979,0.092378311,0.092401937,-0.092401937,-0.090683028,-0.092396475,0.092401937,0.083186895,0.092401639,0.092399865,-0.092401937,-0.082568057,-0.092401937,-0.092382856,0.092401937,0.092401937,0.092388548,-0.092175871,-0.092401937,-0.013504876,0.091551982,-0.092401937,0.092392698,-0.092318505,-0.092401937,-0.092401937,0.092401937,-0.090779692,0.092382096,0.092401937,0.084755853,0.092379816,-0.087927878,0.092401937,-0.092399463,0.092401937,-0.092401937,0.092401937,0.092401937,-0.092401937,0.092353754,0.092401773,0.092376098,0.09240187,-0.086737841,0.092380174,0.092401937,-0.092401937,-0.092401937,-0.092401937,0.029599106,-0.049268395,-0.092401937,0.092401937,-0.092400894,-0.092401937,0.02248105,-0.092401937,-0.069638014,0.092401937,0.092401803,-0.092398018
benzbromarone,WHQCHUCQKNIQEC-UHFFFAOYSA-N,A4,-0.089197136,-0.089197136,0.089197136,0.089197136,0.089197136,0.089197136,-0.089190282,0.089197136,0.089197136,0.089197136,0.089197136,0.089195594,-0.089195751,0.089197136,0.089197136,-0.089197136,-0.089197136,0.089197136,-0.089197136,-0.089197136,0.089197136,-0.089197107,-0.089197136,0.089197136,-0.089197136,0.089197136,0.089146048,0.089197136,-0.089197136,0.089197136,0.089197136,0.089197136,0.089197136,-0.089197136,0.089197136,-0.089197136,0.089197136,-0.089197136,-0.071372434,0.089197136,-0.089197136,0.089197136,0.089197136,-0.089197136,0.089197136,-0.089197136,-0.089197136,-0.089197136,-0.089197136,-0.089197136,-0.089197136,0.089197136,0.089046627,-0.089197136,-0.089197136,0.089197136,-0.089197136,-0.089197136,-0.089197136,0.089197136,-0.089197136,-0.089197136,-0.089197136,0.089197136,-0.089197136,0.089197136,-0.089197136,-0.026516523,0.089197136,0.089197136,-0.089197136,0.089195505,-0.089197136,-0.089197136,0.089197136,-0.089197136,-0.089197136,-0.089197136,-0.089197136,-0.089197136,0.089197136,-0.089197136,0.089197136,0.089197136,-0.089197136,0.089197136,0.088935874,0.089197136,0.089197136,-0.089197136,0.089197136,0.026800085,0.089197136,-0.089197136,0.089197136,-0.089197136,-0.083788894,-0.089197136,0.089197136,-0.089197136,0.089197136,-0.089197136,-0.089197136,-0.089197136,0.089197136,0.089197136,-0.089197136,0.089194529,-0.089197136,0.089137577,0.089197136,0.089197136,0.089197136,0.089197136,0.089197136,-0.089197136,0.089195564,-0.089197136,0.089197136,0.089197136,0.089197136,0.089197136,0.089197136,0.089197136,0.089197136,0.089197136,-0.089197136,0.089197136
celecoxib,RZEKVGVHFLEQIL-UHFFFAOYSA-N,A4,-0.090105653,-0.091557272,-0.091574065,0.091574065,-0.091476552,-0.08340919,-0.091455922,0.05018837,0.091574065,-0.091574065,-0.091035388,-0.091574065,0.091574065,0.091574065,0.091524228,-0.091574065,0.091574065,-0.091574065,0.091574065,-0.06591408,-0.091574065,-0.091574065,-0.091574065,0.091574036,0.042627849,0.075258516,-0.091574065,-0.091571309,0.091574065,-0.091574065,0.091574065,0.086440928,-0.091574065,-0.07201647,0.091574065,0.091572583,0.086696036,-0.09157303,0.091573931,-0.091574065,0.091567472,0.091574065,0.063753985,-0.091089733,0.091574065,-0.091546327,0.091574065,-0.091550536,0.090627402,0.091574065,0.091554314,0.091573738,-0.091574065,0.091574036,-0.091574065,0.053502016,0.091574065,-0.091574065,0.091574065,0.091574065,-0.091573745,0.091574065,0.091574065,-0.091574065,0.091378786,-0.091574065,-0.035204627,0.091052048,0.091573298,-0.090376958,0.091574065,0.091574065,0.091574065,0.091570854,-0.091574065,0.091574065,-0.091574065,0.091480166,-0.089052945,-0.091574065,-0.091574065,0.091574065,-0.091574006,0.091574065,0.07000076,-0.075654529,-0.091574065,0.091574065,-0.091574065,0.085369468,0.091574065,-0.091574065,-0.091574065,0.091532744,0.091574065,-0.091572851,0.091574065,0.09146037,-0.066373505,-0.091574065,-0.091574065,-0.091574065,0.091519721,-0.091574065,-0.091574065,-0.091534585,0.091574065,-0.091574065,-0.055062044,-0.091574065,0.088791475,0.091574065,-0.091574065,0.091574065,0.08664266,0.091574065,0.091574065,-0.074740343,0.091176778,0.091574065,-0.091574065,-0.091574065,-0.091574065,-0.091574065,-0.091561519,0.091574065,-0.091574065,-3.16e-05
chlorpromazine,ZPEIMTDSQAKGNT-UHFFFAOYSA-N,A4,0.088594861,-0.088594861,0.088296279,-0.088594861,0.088594861,0.088594861,-0.088594861,0.088594861,-0.088594861,0.088594861,0.088594861,-0.088582516,-0.088594861,0.088594861,0.088594861,-0.088594861,-0.088594861,0.088594861,-0.088594861,-0.088594861,0.088594861,-0.088594861,-0.088594861,0.088594861,-0.088594861,-0.088564828,0.088594861,0.088594861,-0.088594861,0.088594861,0.088594861,0.088594861,0.088594861,-0.088594861,-0.088589296,-0.088594861,0.088365823,-0.088594861,-0.088594861,0.088594861,-0.088594861,-0.065387808,0.088594861,0.088594832,-0.088594861,-0.088594861,0.088594861,0.088594861,-0.088594861,-0.088594861,0.088594861,0.088594861,0.088594861,-0.088594742,0.088594861,0.088594861,-0.088594794,-0.088594861,0.088594861,-0.088594861,0.088594861,-0.088594861,-0.088583864,0.088594861,-0.088594861,-0.088594861,0.088594861,0.088594861,-0.088594861,0.088594861,-0.088594861,-0.088594861,0.088229641,-0.088594861,0.088594861,-0.088594861,0.088594861,-0.088594861,0.088594861,0.088594861,0.088594861,0.088594861,0.088594861,0.088594861,-0.088590942,0.088594861,0.088409729,0.088594861,0.088594861,-0.088594861,0.088594861,0.088594861,0.088594861,0.088594861,-0.088594861,0.088567786,-0.088594861,0.088594861,-0.088550203,0.088594861,0.088594861,-0.088594861,-0.088594861,-0.088594861,-0.088594861,-0.088593706,0.088594861,-0.088594861,-0.088594861,-0.088533357,0.088594861,-0.088594861,0.088594861,0.088594861,0.088594861,-0.088593841,0.086790867,-0.088594861,0.088594861,0.088594861,0.088594861,0.088594861,0.088594861,0.088594861,-0.088594861,0.085361309,0.088594861,-0.088594526
clomiphene,GKIRPKYJQBWNGO-UHFFFAOYSA-N,A4,0.089224987,0.08922521,0.08922521,0.089210428,0.08922521,0.08922521,-0.08922521,-0.089209907,-0.08922521,-0.088727936,0.084559985,0.08922521,-0.08922521,0.08922521,0.08922521,-0.08922521,0.08922521,0.08922521,-0.08922521,-0.08922521,0.08922521,-0.08922521,-0.08922521,0.08922521,-0.08922521,0.08922521,-0.086285613,0.08922521,-0.08922521,0.088901721,-0.056513052,-0.07468842,0.08922521,-0.089219257,-0.089218535,0.08922521,0.08922521,-0.08922521,0.089121915,0.08922521,-0.08922521,-0.08922521,0.08922521,-0.08922521,-0.089221679,-0.088812113,-0.08922521,-0.089224756,-0.08922521,-0.08922521,0.089224711,0.08922521,-0.089224003,-0.08922521,0.08922521,-0.08922521,0.089218974,-0.08922521,0.089217365,-0.08921282,-0.087308072,-0.08922521,-0.062593758,0.08922521,0.089153141,0.08922521,-0.07482487,0.08922521,0.08922521,-0.08922521,-0.08922521,0.08922521,0.086715184,-0.08922521,0.08922521,-0.08922521,0.08922521,-0.08922521,-0.08922521,-0.08922521,0.08922521,-0.089208446,0.08922521,0.08922521,-0.089218959,0.08922521,0.08922521,-0.089219145,0.08922521,-0.08922521,0.08922521,0.08922521,0.08922521,-0.08922521,0.08922521,-0.08922521,0.08922521,0.08922521,-0.085546575,0.08922521,-0.08922521,0.08922521,-0.08922521,-0.089204334,0.08922521,0.08922521,-0.08922521,-0.08922521,-0.08922521,0.08922521,0.08922521,-0.08922521,0.08922521,0.08922521,0.08922521,0.08922521,-0.08922521,-0.089225113,0.089225166,0.08922521,0.088182919,0.08922521,0.089144133,0.08922521,-0.075590573,0.08922521,0.08922521,0.089222766
cotrimoxazole,WZRJTRPJURQBRM-UHFFFAOYSA-N,A4,0.09427543,0.093573973,0.094245903,-0.094390914,0.094138198,-0.005448253,-0.094390914,0.094389416,-0.049786676,-0.094299689,0.002787696,-0.093283102,-0.094390914,0.094339333,0.092984989,-0.094388008,0.062970355,-0.094390914,-0.091425069,-0.094390914,-0.093142033,-0.094390884,0.094390914,0.094345041,0.068537623,0.094227202,-0.04107856,0.094390914,-0.094377279,0.086157322,0.091056697,0.093827888,0.061342355,-0.07179562,0.017798252,0.094386026,0.09438923,0.09439078,-0.05218862,-0.091087252,-0.088216536,-0.094337687,-0.094381779,-0.093932986,0.094286077,-0.093726605,0.094349928,-0.094343528,0.094372161,0.094390914,-0.094268471,-0.094390728,0.049886663,-0.09397231,0.094018809,0.051323198,0.094274394,0.093682557,-0.092970289,-0.088791341,-0.092998445,-0.09420339,-0.094078317,-0.094390914,-0.094390914,-0.094390914,0.065418266,0.094386831,0.094389863,0.027238196,-0.094390802,0.094390258,0.094101742,0.093645498,-0.094390914,0.094390914,0.093859643,-0.094390742,0.094368875,0.076585576,0.0935091,0.094390854,-0.094358064,-0.093449205,0.094264902,0.092413045,0.094357699,-0.094380103,0.081339523,0.09436956,0.090471767,-0.094202973,0.093709536,-0.094388328,-0.094384141,-0.094389617,-0.093826756,-0.066525325,0.094390877,-0.08804369,-0.094390713,0.0942268,-0.093227178,0.094389707,-0.094388559,-0.080610462,0.028185533,-0.094390914,0.077407807,-0.094390914,-0.094390236,0.094390914,-0.094390914,-0.094390757,0.08780241,-0.094259694,0.065996975,-0.094295867,0.094275855,0.094390757,-0.094374627,0.093164407,-0.093662791,0.093368798,-0.093940444,0.079970293,0.044296753,0.093064651
diacerein,TYNLGDBUJLVSMA-UHFFFAOYSA-N,A4,0.088892668,-0.0765948,-0.089254819,0.090491556,-0.090484865,0.090486102,0.090490483,0.090491556,0.090491556,0.090491556,-0.090486698,-0.090491556,-0.090491556,0.090491556,-0.041229647,0.090491503,-0.083167002,0.090491556,-0.09049096,-0.090487227,0.089810736,0.09044826,-0.090481482,-0.090491235,0.090488993,-0.090469539,0.024293771,-0.090491503,-0.090491556,0.072730377,-0.090491429,0.090491556,0.090491556,0.089138307,0.087599806,-0.09048932,0.090491556,-0.090491556,-0.090491556,-0.073260248,-0.09049049,0.090491556,0.090491556,-0.090491556,0.090491556,-0.090491556,0.087114111,-0.090491556,0.090485089,-0.090491556,0.090487219,0.090489127,0.090386145,0.090491556,0.090491556,-0.090491556,-0.090490513,0.090053983,-0.08881972,-0.090491556,-0.090491556,0.090491556,0.09043432,-0.089111075,-0.090491556,0.090491429,-0.090491556,-0.090488173,-0.090342,0.090491511,-0.09048938,0.090491243,0.090226673,-0.090491556,0.090491556,-0.090491556,-0.090491556,-0.090429828,-0.034830727,-0.090433739,-0.090491556,-0.090491556,0.090491556,-0.046784185,-0.014209403,0.090491556,-0.090350121,-0.090491503,0.090491556,-0.090491556,-0.090491556,-0.090491556,0.089864232,-0.090491556,0.088090621,-0.090464249,0.090491451,0.09048146,-0.090491407,0.090491556,-0.090491429,-0.090491556,-0.090491518,-0.090491556,0.090491556,-0.090490803,-0.090491556,-0.090491556,0.090491556,-0.090184338,-0.090491556,0.090491556,0.090491556,0.090426572,0.090259962,-0.090491556,-0.090491556,0.090491556,-0.090491556,0.090491556,0.090491556,-0.090491518,0.090023533,0.090491556,0.089082472,0.090491556,-0.09045925,-0.090491556
diflunisal,HUPFGZXOMWLGNK-UHFFFAOYSA-N,A4,0.088979125,0.053515051,-0.088979125,0.088979125,0.088979125,-0.088979125,0.088979125,0.088979125,0.088979125,-0.088979125,-0.088979125,-0.088979125,-0.088979125,-0.088978931,-0.088979125,0.088979125,0.088979125,0.088979125,0.088979125,-0.088979125,0.088979125,0.088979125,0.088979125,-0.088979125,0.088979125,-0.088979125,-0.088979125,-0.088979125,0.081929363,0.088979125,0.066961087,0.088979125,0.088979125,-0.088979125,0.088979125,0.088979125,0.088979125,-0.088979125,-0.088979125,0.088979125,-0.088979125,0.088979125,0.088979125,-0.088979125,0.088979125,-0.088979125,-0.088979125,-0.088979125,0.088979125,-0.088979125,-0.088979125,-0.088979125,0.082079291,0.088979125,-0.088979125,0.088979125,-0.088979125,-0.088978045,-0.088979125,0.088979125,-0.088979125,0.088979125,0.088914014,0.088979125,0.088979125,-0.08861921,-0.088979125,-0.088979125,-0.088979125,0.088979125,0.08897604,0.088979125,0.088979125,0.088979125,0.088979125,-0.088979125,-0.088979125,-0.088979125,0.088979125,-0.088979125,-0.088979125,-0.088979125,0.088979125,-0.088979125,0.088364713,-0.088979125,-0.088979125,0.088979125,0.088979125,-0.088979125,-0.088979125,-0.088979125,0.088979125,0.088978894,-0.088879272,-0.088979125,0.088979125,-0.088979125,0.088856824,-0.088979125,0.088979125,-0.088979125,0.088979125,-0.088979125,0.088979125,0.088979125,-0.088979125,0.088979125,0.088891551,0.088979125,0.088979125,0.088979125,-0.088979125,0.088979125,-0.088979125,-0.088979125,-0.088979125,-0.088979125,0.088979125,0.088979125,0.088979125,0.088979125,-0.088979125,0.075322814,-0.088979125,-0.088662341,0.088979125,-0.088979125
estradiol,VOXZDWNPVJITMN-ZBRFXRBCSA-N,A4,0.088471659,-0.088471003,-0.088471659,0.088471659,0.088471659,-0.088471659,0.088471659,0.088471659,0.088471659,-0.088471659,-0.088471659,-0.088471659,-0.088471659,0.088471659,-0.088471659,-0.088471659,-0.088471659,0.088471659,-0.088471659,-0.088471659,0.088471659,0.088471659,-0.088471659,0.088470586,0.088471659,-0.088471659,-0.088471659,-0.088471659,-0.088471659,0.088471659,-0.088471659,-0.088471659,0.088471659,-0.088471659,-0.088471659,0.088471539,0.088471659,-0.088471659,-0.088471659,-0.088471659,-0.088471659,0.088471659,-0.088471659,-0.088471659,0.088471659,-0.088471659,0.088471659,-0.088471659,0.088471659,-0.088471659,-0.088471659,-0.088471659,0.088471659,0.088471659,0.088469878,-0.088471659,-0.088471659,-0.088469341,-0.088471659,-0.088471659,-0.088471659,0.088471659,0.077087171,0.088471659,-0.088471659,-0.088471659,-0.088471659,-0.088471659,0.088471659,0.088471659,-0.088471659,0.088471659,0.088471659,-0.088471659,0.088471659,-0.088471659,-0.088471659,-0.088471659,-0.088471659,-0.088471659,-0.088471659,-0.088471659,0.088471659,0.088471659,-0.088471659,0.088471659,-0.088471659,-0.088471659,0.088471659,-0.088471659,-0.088471659,-0.088471659,0.088471659,-0.088471659,-0.088471659,0.088471659,0.088471659,0.088471659,0.088471659,0.088471659,-0.088471659,0.088471659,-0.088471659,0.088471659,0.088471659,0.088471614,-0.088471659,-0.088471659,0.088471659,0.088471659,-0.088471659,0.088471659,0.088471659,0.088471659,-0.088471659,-0.088471659,-0.088471659,-0.088471659,-0.088471659,0.088471659,-0.088471659,-0.088471659,0.088471659,-0.088471659,-0.088470042,0.088471659,0.088471659,-0.088471659
fluorouracil,GHASVSINZRGABV-UHFFFAOYSA-N,A4,0.088981286,-0.088979177,-0.088981286,0.088981286,0.088981286,-0.088980496,0.088981286,-0.088981286,-0.088981286,-0.088981286,-0.088981286,-0.088981286,-0.088981286,-0.088981286,-0.088981286,0.088981286,0.088981286,0.088854425,0.088981286,-0.088981286,0.088981286,0.088980906,0.088981286,-0.088981286,0.088981286,-0.088981286,0.088588402,-0.088981286,0.088981286,0.088981286,0.088981286,0.088981286,0.088981234,-0.088981286,0.088981286,0.088981286,-0.088954829,-0.088981144,-0.088981286,0.088981263,-0.088926375,0.088981286,0.088981286,-0.088981286,0.088981286,-0.088897608,-0.088981286,-0.088981286,0.088981286,0.064661361,-0.088981286,-0.088981286,-0.08897686,0.088981286,-0.088981286,0.088981286,-0.088981286,0.088981286,-0.088944733,0.088981286,-0.088981286,-0.088944323,-0.088608168,-0.088976242,0.088981286,0.088981286,-0.088981286,-0.088981286,-0.088981286,0.088981286,0.088981286,0.088981286,-0.088899001,-0.084377602,0.088981286,-0.088981286,-0.088981286,0.088981256,0.088979602,-0.088981286,-0.088981286,-0.088981286,0.088643305,0.088820897,0.088981286,-0.088981286,-0.088981286,0.088981286,0.088981286,0.088981286,-0.088981286,-0.088924766,0.088289715,0.088933915,0.086051986,-0.088981286,-0.088981286,-0.088900477,0.085320607,0.087363884,0.088981241,-0.088981286,0.088949762,-0.088981286,-0.088981092,0.088981286,-0.086905114,0.088981286,0.088981286,-0.088980339,-0.088981286,-0.088979706,-0.088981286,0.088715442,-0.088981286,-0.088981286,0.072474666,-0.088981286,0.08896403,-0.088976465,-0.088981286,-0.088980794,-0.088877074,0.088981286,-0.06323,-0.088981286,0.088964857,-0.088981286
gefitinib,XGALLCVXEZPNRQ-UHFFFAOYSA-N,A4,0.088531211,-0.088531211,0.088526808,0.088531211,0.088531211,0.088531211,-0.088531211,0.088531211,0.088531211,0.088531211,0.088526972,-0.088531151,-0.088531211,0.088531211,-0.088531211,-0.088531211,-0.088531211,0.088531211,-0.088531211,-0.088531211,0.088531211,-0.088531211,-0.088531211,0.088531211,0.088531211,0.088531211,-0.088531069,0.088531211,-0.088531211,0.088531211,0.088531211,0.088531211,0.088531211,-0.088531211,-0.088531211,-0.088531211,0.088531211,-0.088531211,-0.088531211,0.088531211,-0.088531211,0.088531211,-0.088531211,-0.088531211,0.088531211,-0.088531211,0.088531211,-0.068295665,0.088531211,-0.088531211,-0.088525534,-0.088531211,0.088531211,-0.088531211,-0.088531211,0.088531211,-0.088531211,-0.088531211,-0.088531211,0.088531211,-0.088531211,-0.088531211,-0.088531211,0.088531211,0.088362977,-0.088531211,0.088531137,-0.088531211,-0.088531211,0.088531211,-0.088531211,0.088531211,-0.088531211,-0.088531062,0.088531211,-0.088531211,-0.088531211,-0.088531211,0.088476524,-0.088531211,-0.088451438,-0.088531211,0.088531211,0.088531211,0.088531211,0.088531211,-0.088531211,0.088531211,0.088531211,-0.088531211,-0.088531211,0.088531211,0.088531211,-0.088531211,-0.088531211,-0.088531211,0.088531211,-0.088531099,0.088531211,-0.088531211,0.088531211,-0.088531211,-0.088529557,-0.088500924,0.088531211,0.088531211,-0.088531211,0.088531211,-0.088531211,0.088531211,0.088531211,0.088531211,0.088531211,0.088531211,0.088531211,-0.088531211,0.088531211,-0.088531211,0.088531211,0.088531211,0.088531211,0.088531211,-0.088531211,0.088531211,0.088531211,-0.088531211,0.088531211,0.088531211
hexestrol,PBBGSZCBWVPOOL-HDICACEKSA-N,A4,0.088850997,-0.088850997,0.088850997,0.088850997,0.088850997,0.088850997,0.088850997,-0.088850997,0.088850997,0.088850997,0.088850997,-0.088850997,-0.088850997,0.088850997,0.088850997,-0.088850997,-0.088850997,0.088850997,-0.088850997,-0.061279178,0.088850997,-0.088850997,-0.088850997,-0.088850997,-0.088850997,0.088850997,-0.088850997,0.088850997,-0.088850997,0.088850997,-0.088850997,0.088850997,0.088850997,-0.088850997,0.088319369,0.088850997,0.088850997,-0.088850997,-0.088850997,0.088850997,-0.088850997,-0.088850997,0.088850997,-0.088850997,0.088850997,-0.088850997,-0.088850997,-0.088850997,-0.088850997,-0.088850997,-0.088850997,0.088850997,0.088850997,0.088850997,-0.088850997,-0.088850997,0.088850997,-0.088850997,-0.088850997,-0.088850997,-0.088850997,0.088850997,-0.088850997,0.088850997,-0.088850997,0.088850997,-0.088850997,0.088850997,0.088850997,0.088850997,-0.088850997,0.088850997,-0.088850997,-0.088850997,0.088850997,-0.088850997,-0.088850997,-0.088850997,-0.088850997,-0.088850997,0.088850997,-0.088850997,0.088850997,0.088850997,0.088850997,0.088850997,0.088850997,0.088850997,0.088850997,-0.088850997,0.088850997,-0.088850997,0.088850997,-0.088850997,0.088850997,-0.088850997,0.088850997,-0.088850997,0.088850997,0.088850997,-0.088850997,0.088850997,-0.088850997,-0.088850997,0.088850997,0.088850997,-0.088850997,-0.088850997,-0.088848196,0.088850997,-0.088784985,0.088850997,0.088850997,-0.04057464,-0.088850997,-0.088850997,-0.088850997,-0.088839404,-0.088850997,0.088850997,0.088850997,0.088850997,0.088850997,0.088850997,0.088850997,0.088850997,0.088850997,-0.088850997
ibuprofen,HEFNNWSXXWATRW-UHFFFAOYSA-N,A4,0.088753559,0.088751704,-0.088751823,0.088753559,0.088753559,0.088753559,0.088753559,0.088666365,0.088753559,0.088753559,0.088753238,-0.088753559,-0.088753559,0.088753559,0.088753559,-0.088753559,-0.088753499,0.088753559,-0.088753559,-0.088753559,0.088753559,0.088753559,-0.088753559,-0.088753559,-0.088753559,0.088753559,-0.088753559,0.088753559,-0.088753559,0.088753559,-0.088753559,0.088753559,0.088753559,-0.088753559,-0.088753559,0.088753559,0.088753559,-0.088753559,-0.088753559,0.088753559,-0.088753559,0.088753559,0.088753559,-0.088753559,0.088753559,-0.088753559,-0.088753559,-0.088753559,0.088753559,-0.088753559,-0.088753559,-0.088753559,0.088753559,0.088753559,-0.088753559,0.088753559,-0.088753559,-0.088753559,-0.088753559,-0.088753559,-0.088753559,-0.088753559,-0.088753559,0.088753559,-0.088753559,0.088753559,-0.088753559,-0.088753559,0.088753559,0.088753559,-0.088753559,0.088753559,-0.088753559,-0.088753559,0.088753559,-0.088753559,-0.088753559,-0.088753559,-0.088753559,-0.088753559,0.088753559,-0.088753559,0.088753559,0.023333164,0.083925672,0.088753559,0.088753559,0.088753559,0.088753559,-0.088753559,-0.088753559,-0.088753559,0.088753559,-0.088753559,0.088753559,-0.088753559,0.088753559,-0.088753559,0.088753559,-0.088753559,-0.088753559,-0.088753559,-0.088753559,-0.088753559,0.088753559,0.088753559,-0.088753559,-0.088753559,-0.088753559,0.088753559,0.088753559,0.088753559,0.088753559,0.088753559,-0.088753559,-0.088753559,-0.088753559,-0.088753559,-0.088753559,0.088753559,0.088753559,0.088753559,-0.088753559,0.088753559,0.088753559,0.088753559,-0.088198125,-0.088753559
loxapine,XJGVXQDUIWGIRW-UHFFFAOYSA-N,A4,0.089198843,-0.089198843,-0.088907704,0.089198843,0.089198843,0.089198843,-0.089198843,0.089198843,0.089198843,-0.089198843,-0.08919882,-0.089198843,-0.089198843,0.089198843,-0.089198843,-0.089198843,-0.089198843,0.089198843,-0.089198843,-0.089198843,0.089198843,-0.089195564,-0.089198843,0.089198843,0.089198843,-0.089198843,-0.089197762,0.089198843,-0.089198843,0.089198843,0.089198843,0.089198843,0.089198843,-0.089198843,0.089198336,-0.089198843,0.089198843,-0.089198843,-0.089198843,0.089198843,-0.089198843,0.089198843,-0.089198843,-0.089198843,0.089198843,-0.089198843,0.089198843,-0.089198843,0.089198843,-0.089198843,-0.08917515,-0.089198843,0.089198843,0.089198843,0.089198843,0.089198843,-0.088919304,-0.089198843,-0.089198843,-0.052621435,-0.089198843,-0.089198843,-0.089198843,0.089198843,-0.089082025,-0.089198843,-0.089198843,-0.089198843,-0.089198843,0.089198843,-0.089198843,0.089198843,-0.089198843,-0.089198843,0.089198843,-0.089198843,-0.089198843,-0.089198843,0.089198843,-0.089198843,-0.089198843,-0.089198843,0.089198843,0.089198843,0.089198843,0.089198843,-0.089198843,-0.08919052,0.089198843,-0.089198843,-0.089198843,-0.088805534,0.089198843,-0.089198843,-0.089198843,-0.089198843,0.089198843,0.005319412,0.089198843,0.089198843,-0.089198679,-0.089198843,-0.0891378,0.089198843,0.089198843,0.089198843,-0.089198843,-0.089198843,0.089044452,0.089198843,0.08909826,0.089198843,0.089198843,0.089198843,0.089198843,-0.089198843,0.089198321,-0.089198843,-0.056099191,0.089198843,-0.089198843,-0.087835476,0.089198843,0.089198843,0.089189425,-0.089198843,0.089198843,0.089198843
metformin,XZWYZXLIPXDOLR-UHFFFAOYSA-N,A4,0.092288874,-0.092288874,-0.092222862,-0.092288874,0.092288874,-0.092024937,-0.092288874,-0.092287838,-0.048064407,-0.0797171,0.092285521,-0.092288874,-0.092288874,0.092278346,-0.092235439,-0.092288755,0.092288874,-0.092288874,-0.092288665,0.092288874,0.092288874,-0.092288874,0.092288874,-0.092288874,0.007668247,0.084920071,-0.092262328,0.092288874,0.092288874,0.089168131,-0.092288874,-0.092285097,0.092288874,-0.090057783,-0.092256963,0.092288874,0.092288874,0.092288874,-0.092288874,-0.092242286,0.087979853,0.047791012,-0.092288874,0.092288874,0.064295933,-0.092288755,0.092288874,-0.092288874,0.092288874,0.092288874,0.092288874,-0.092278667,0.092288874,0.092059992,0.092283621,0.092288427,0.092288874,-0.092286296,-0.092252865,-0.092288874,0.054141149,0.076805562,-0.092288487,0.092288874,-0.092288874,-0.092288874,0.091773584,-0.08586888,-0.092198513,0.090676546,-0.092288874,-0.092288874,-0.092288874,0.092288874,-0.092288874,0.092288874,0.085794732,-0.092288874,0.092288874,0.092288874,0.092288874,0.092288874,0.092218727,-0.092285901,0.092288874,-0.092288695,-0.090433538,0.092288874,0.002474755,0.092288874,-0.037195854,-0.092288874,-0.092288874,0.092283413,0.092288874,-0.092288874,-0.092276596,-0.072142959,0.092288874,-0.092288874,0.092288874,0.092288874,-0.092273898,0.092288874,-0.092288092,-0.092288844,0.071152054,-0.08616475,0.092288874,0.089594409,-0.092255987,0.038973451,-0.092288874,-0.092288874,0.090091996,-0.092288874,0.092283294,0.003752073,-0.092288874,-0.092288874,-0.092288874,0.092288874,0.092288874,0.092288874,-0.046278212,-0.080662705,0.092288874,-0.092288874
methotrexate,FBOZXECLQNJBKD-ZDUSSCGKSA-N,A4,0.090994492,-0.090994447,0.090994395,-0.090994492,0.090994492,-0.090994492,-0.090994492,-0.090994492,-0.090994492,-0.090994492,0.065812349,-0.090987317,-0.090994492,0.090994492,-0.090994343,-0.090966813,-0.090993926,-0.090994492,-0.090994492,-0.090994418,0.090994105,-0.090994455,0.090994492,-0.090994492,0.090994492,0.090994492,0.068670489,0.090994492,-0.082819067,0.089450493,-0.090994492,-0.08696565,0.090994492,0.066413775,-0.090994492,0.090994492,0.090994492,0.090994492,-0.090994492,-0.090994492,0.09019316,-0.090992168,-0.090994492,0.090994343,0.090993106,-0.090994492,-0.085009947,-0.090994492,0.090182871,0.090994492,0.090994492,-0.090994492,0.090994492,-0.090991773,0.090994492,0.090994492,-0.083381526,-0.090994492,-0.090994418,-0.090994492,-0.078384303,-0.090994492,-0.090994492,0.090991534,-0.090994492,-0.018894877,-0.09088698,0.082126781,-0.090989947,-0.090955727,-0.090994492,-0.090994492,-0.090994492,0.090994492,-0.090994492,0.090994492,0.090994321,-0.090994492,0.090994492,0.090994254,0.090994455,0.090994492,0.090988867,-0.090994492,0.090994492,-0.057554394,-0.090920739,0.090994492,-0.071770921,0.090994492,-0.090994492,-0.090994492,-0.085402064,0.083576411,-0.090994492,-0.090994492,-0.090994492,0.09002205,0.090994492,-0.090994492,0.090994492,0.090994492,-0.090994492,-0.09036383,-0.090994492,-0.057093214,-0.064444937,0.036930904,0.090994492,-0.090994492,-0.090994492,0.090994366,-0.090994492,-0.090994492,-0.083923496,-0.090994492,0.090946503,-0.090965673,-0.090994492,-0.090994492,-0.090994492,0.067372575,0.090994492,0.090994492,-0.090994492,0.090994492,0.090994492,-0.090994492
nicotine,SNICXCGAKADSCV-JTQLQIEISA-N,A4,0.093400106,0.094198622,0.091376491,0.094584025,0.09457121,0.094582513,0.07725136,-0.094578251,-0.037855498,-0.094583817,-0.08245299,-0.09458378,-0.094584025,0.093129367,0.091479704,-0.094584025,0.094583504,0.094584025,-0.094570555,-0.094576925,0.094584025,-0.094583996,-0.094584025,0.067184865,0.094584025,0.076456845,-0.094582535,0.094583899,-0.094583325,-0.094562583,-0.09409517,0.094540402,0.094584025,0.028179208,0.092366986,0.036343005,0.094584025,-0.094584025,0.090202294,-0.094583556,-0.074364841,-0.080280647,-0.094566874,-0.094546303,0.094584025,-0.094584025,0.09360949,-0.091404356,0.087205447,-0.094584025,0.094575614,0.093104564,0.035060253,0.094584025,0.094581351,-0.093807846,0.094584025,0.091332674,-0.038088039,-0.078978971,-0.093375087,0.094578765,-0.094583459,0.061428621,0.086222738,-0.094584025,-0.038451709,0.094301134,0.094583958,-0.094582602,-0.094581023,0.094584025,0.094548717,-0.094577439,0.094584025,-0.094582014,0.094579853,0.094582319,-0.005357509,-0.093347639,-0.092749126,-0.094541579,-0.092714608,0.094584025,0.094584025,0.094582953,-0.094582938,-0.062843926,0.072133675,-0.094583347,-0.094583958,0.094583988,0.094581708,-0.094396047,0.094577342,-0.094310381,0.094584025,0.094583213,-0.094578937,0.094348013,-0.094584025,-0.055667747,-0.041783798,0.09445253,0.094584025,0.046147957,-0.094583988,-0.094584025,-0.047401208,0.094584025,-0.09220358,-0.094583139,0.094584025,0.092163205,-0.05167212,-0.071891308,-0.094501972,0.093536735,-0.094584025,0.094584025,-0.028526958,-0.094584025,-0.094548725,0.094529822,-0.094583996,-0.094581477,0.094531335,0.094583914
omeprazole,KWORUUGOSLYAGD-UHFFFAOYSA-N,A4,-0.091034308,-0.091034278,-0.091034308,0.090611517,0.091032602,-0.063596576,0.091034308,-0.09026657,0.090067662,0.091031604,0.091034308,-0.087604381,0.085636437,0.090717427,0.091034308,-0.091034308,-0.089535274,0.09102571,-0.091034308,0.091034308,-0.091034308,0.091034308,-0.091034308,-0.091034241,-0.090327576,0.089857213,-0.089407288,-0.088406727,-0.089813784,0.089525662,0.091033265,0.091034263,0.091034308,-0.085345134,0.09095563,0.091032863,0.090801284,0.091033265,-0.091034308,-0.09098608,-0.091011725,0.091004446,0.084254242,-0.090904847,-0.091034308,-0.091034308,-0.09102986,-0.091034308,0.082611285,-0.090879932,-0.091034308,-0.055034071,0.091034308,0.091034308,-0.091034308,0.091031626,0.091034308,-0.091034308,0.091034308,0.09100958,0.091034308,-0.091034308,0.090316385,0.025770998,-0.091034308,0.091033906,-0.091033667,-0.091034271,0.091033757,0.088427857,0.09099979,-0.064631678,-0.091034308,0.073807985,-0.090965234,-0.091034308,0.066834375,-0.091034308,0.090936244,0.080539659,-0.090502106,-0.091034308,0.091034308,-0.090866163,0.073674254,0.091034308,0.091034308,0.091034308,0.091034174,-0.090975344,0.091034308,-0.091034308,0.087934539,-0.091034308,0.091034308,-0.091023423,-0.0910336,-0.091034308,0.090866663,-0.023335997,-0.090315998,-0.091034308,0.080511272,-0.091034308,0.091034308,-0.090412825,-0.091034308,-0.091034308,-0.091034308,-0.091028817,0.086500846,0.091032453,0.091034308,0.091034308,0.088194475,0.091034308,-0.045755032,0.08830899,-0.091034308,-0.091032624,0.091034308,-0.091034308,-0.083073847,0.091033593,0.091028802,0.091034308,-0.091034308,0.091024831
promethazine,PWWVAXIEGOYWEE-UHFFFAOYSA-N,A4,0.088812627,-0.088812627,-0.088812627,-0.088812627,0.088812627,0.088812627,-0.088812545,0.08881218,-0.08881256,0.088812627,0.088812627,-0.088812627,-0.088812627,0.088812627,0.088812627,-0.088812627,-0.088812627,0.088812627,-0.088810779,-0.088812627,0.088812627,-0.088812627,-0.088812627,0.088812627,0.088805422,-0.088812627,0.088810921,0.088812627,-0.088812627,0.088630199,0.088812627,0.088812627,0.088812627,-0.088812627,-0.088812627,-0.088812627,0.088812627,-0.088812627,-0.088812627,0.088812627,-0.088812605,0.088812627,0.088812627,-0.088810444,-0.088812627,-0.088812627,-0.060236886,-0.083784938,-0.088812627,-0.088812627,0.088812627,0.088812627,0.088812627,0.072480775,0.088812627,-0.088812627,-0.088812627,-0.088812627,0.088812627,-0.088812627,0.088812627,-0.088812627,0.088812567,0.088812627,-0.088812627,-0.088812627,0.088812627,0.088812627,-0.088812627,0.088812627,-0.088812627,-0.088812627,0.088812627,-0.088812627,0.088812627,-0.088812627,0.088812627,-0.088812627,0.088812627,0.088812627,0.088301681,0.088812627,0.088812627,0.088812627,-0.088812627,0.088812627,0.088812627,0.088812627,0.088812627,-0.088812627,0.088812627,0.088812627,-0.088812627,-0.088812627,-0.088801965,-0.088796422,-0.088812627,0.088812627,-0.084155649,0.088812627,0.088812627,-0.088812627,-0.088812627,-0.088812627,-0.085474886,-0.088812627,0.088812627,-0.088812627,-0.088812627,0.087341122,0.088812627,0.088812627,0.088812627,0.088812627,0.088812627,-0.088812627,-0.088812627,-0.088428244,0.088756256,0.088812627,0.088812627,0.088812627,0.088812627,0.088812627,0.088769324,0.088812627,0.088812627,-0.088812627
quercetin,REFJWTPEDVJJIY-UHFFFAOYSA-N,A4,0.088743374,-0.088743374,0.088743374,0.088743374,0.088743374,-0.088743374,-0.01415627,-0.088743374,0.088743374,0.088743374,0.088743374,-0.088743374,-0.088743374,0.088743374,-0.088743374,0.088743374,-0.088743374,0.088743374,-0.088743329,-0.088743374,0.088743374,0.088743374,0.088743374,-0.088743374,0.088743307,-0.088743374,-0.087855138,-0.088743374,0.088743374,0.088743374,-0.088743374,0.088743374,0.088743374,-0.088743374,0.088743374,-0.088743374,-0.088743374,-0.088743374,-0.088743374,0.088743374,0.088743374,0.088743374,0.088743374,-0.088743374,0.088743374,0.088743374,-0.088743374,-0.088743374,-0.088743374,0.088743374,0.088743374,-0.088743374,0.088687934,0.088743374,0.088743374,0.088738181,-0.088743374,0.088743374,-0.088743374,-0.088743374,-0.088639654,-0.088743292,-0.088743329,-0.088743374,-0.088743374,0.088743374,-0.088743374,-0.088743374,-0.088743374,0.088740334,0.088743374,-0.088743374,0.088743374,0.088743374,0.088743374,-0.088743374,-0.088743374,0.088743374,0.088743374,0.088743374,-0.088743374,-0.088743374,0.088743374,-0.088743374,0.088740721,-0.088743374,-0.088743374,0.088743374,0.088743374,-0.088743374,-0.088743374,-0.088743374,-0.088743374,-0.087897077,-0.088743374,0.088743374,0.088678166,-0.088743374,-0.088743374,0.088743374,-0.088743374,-0.088743374,-0.088743374,-0.088743374,0.088743374,0.088620722,-0.088743374,-0.088717587,0.088743374,-0.088743374,-0.088743374,0.088743374,-0.088743374,-0.088743374,-0.088743374,-0.088743374,-0.088743374,-0.088743374,-0.088743374,0.088743374,0.088743374,-0.088743374,-0.088743374,0.088743374,-0.088743374,0.088743374,0.088743374,-0.088743374
tamoxifene,NKANXQFJJICGDU-QPLCGJKRSA-N,A4,-0.07694307,0.089894496,0.089894496,0.0818104,0.089894496,0.089894496,0.051925581,-0.089894496,-0.08989431,0.089894347,0.089894496,0.089894496,0.007413654,0.089894496,0.089894496,-0.089894399,0.089894496,0.089894496,-0.089894496,-0.0898939,0.089894496,-0.089894496,-0.089894496,-0.08416526,-0.089894496,0.089894496,-0.089864507,0.089894496,-0.089894496,-0.089894496,-0.089894496,-0.075720444,0.089894496,0.089894429,-0.081139177,0.089894496,0.089894496,-0.089894496,0.089894496,0.089894496,-0.089894235,-0.089894496,0.089894496,-0.089894496,-0.089894496,0.089892931,-0.089894496,-0.089894496,-0.089894496,-0.089894496,0.089894496,0.089894496,-0.089851066,-0.089890018,0.088577464,-0.089894496,0.089894496,-0.089894496,0.089289516,-0.086447544,-0.089894421,0.08989428,0.089892901,0.089894496,0.070421077,0.089894496,0.089894466,0.089894496,0.089894496,-0.089894496,-0.089894496,0.089894496,0.07833264,-0.089894496,0.089894496,-0.089894496,0.089893728,-0.089694388,-0.089894496,-0.089894496,0.089894496,-0.089894295,0.089894213,0.089894496,-0.089894496,0.089894496,0.089894496,-0.089894496,0.089894496,-0.089894496,0.089894496,0.089894496,0.089894496,-0.089796223,0.089894496,-0.089894496,0.089894496,0.089894496,-0.089894496,0.089894496,-0.089894496,0.089894496,-0.089894496,-0.088912711,0.089894496,0.089894451,-0.089894496,-0.089894496,-0.084714711,0.089894496,0.089894496,-0.089894496,0.089894496,-0.058321595,0.089842424,0.089894496,-0.089894496,-0.089756243,-0.08973451,0.089894496,0.089894496,0.089894496,0.086149536,0.089894496,-0.089893639,0.089894496,0.089894466,0.089894496
thymol,MGSRCZKZVOBKFT-UHFFFAOYSA-N,A4,0.088784158,-0.088784158,0.088784158,0.088784158,0.088784158,0.088784158,0.088784158,-0.088784158,0.088784158,0.088784158,0.088784158,-0.088784158,-0.088784158,0.088784158,0.088784158,-0.088784158,0.088784158,0.088784158,-0.088784158,-0.088784158,0.088784158,-0.088784158,-0.088784158,-0.088784158,-0.088784158,0.088784158,-0.088784158,0.088784158,-0.088784158,0.088784158,-0.088784158,0.088784158,0.088784158,-0.088784158,0.088784114,0.088784158,0.088784158,-0.088784158,-0.088784158,0.088784158,-0.088784158,0.088784158,0.088784158,-0.088784158,0.088784158,-0.088784158,-0.088784158,-0.088784158,-0.088784158,-0.088784158,-0.088784158,0.088784158,0.088784158,0.088784158,-0.088784158,0.088784158,-0.088784158,-0.088784158,-0.088784158,-0.088784158,-0.088784158,0.088784158,-0.088784158,0.088784158,-0.088784158,0.088784158,-0.088784158,-0.088784158,0.088784158,0.088784158,-0.088784158,0.088784158,-0.088784158,-0.088784158,0.088784158,-0.088784158,-0.088784158,-0.088784158,-0.088772275,-0.088784158,0.088784158,-0.088784158,0.088784158,0.088784158,0.088784158,0.088784158,-0.087937668,0.088784158,0.088784158,-0.088784158,-0.088784158,-0.088784158,0.088784158,-0.088784158,0.088784158,-0.088784158,0.088784158,-0.088784158,0.088784158,-0.088784158,-0.088784158,-0.088782653,-0.088784158,-0.088784158,0.088784158,0.088784158,-0.088784158,-0.088784158,-0.088784158,0.088784158,0.088784158,0.088784158,0.088784158,0.088784158,-0.088784158,-0.088784158,-0.088784158,-0.088784158,-0.088784158,0.088784158,0.088784158,0.088784158,0.003597684,0.088784158,0.088784158,0.088784158,0.088784158,0.083234966
ticagrelor,OEKWJQXRCDYSHL-FNOIDJSQSA-N,A4,0.092886895,-0.042366371,0.092887715,-0.092869982,-0.092887715,0.092884831,-0.092887715,0.092887715,0.036714479,0.092887469,-0.08558549,0.092887715,0.092887715,-0.092452839,-0.092887118,0.085070565,-0.092887715,-0.092887715,-0.092887715,-0.092884623,0.092887715,-0.090757489,0.092886783,0.084742516,-0.092794381,0.092852592,0.092887715,0.0882961,-0.087793142,0.092885658,0.092887715,0.092887715,-0.092887715,0.081928216,-0.092887715,-0.092856973,-0.092886336,-0.003233925,-0.092711434,0.092887715,0.092759751,-0.092887685,0.092887662,-0.092468664,0.087873474,0.09251266,-0.092887715,0.092887715,-0.092887715,0.092887715,-0.08496742,-0.092887715,-0.092878453,-0.057524849,-0.092887715,-0.092887715,-0.092886411,0.092887715,0.090941086,-0.092887715,-0.092884406,-0.092868797,0.091594793,-0.092887715,-0.091805391,0.000921208,-0.092880361,-0.092887715,-0.092882439,-0.089039654,-0.092733867,0.090983815,0.092856899,0.092607312,-0.092863195,-0.090324543,0.092887715,0.092887715,-0.092887633,-0.092753254,0.092887715,0.090523824,-0.092887715,-0.092887715,0.092887513,0.092885993,0.092887715,-0.092887715,-0.092887715,-0.09288539,0.092886612,0.043166064,-0.092887715,-0.092887543,-0.092887715,-0.086598746,0.092718996,-0.092887715,0.088960633,-0.092884161,0.092884518,-0.088836975,0.046135128,0.092497885,-0.092886217,-0.086020522,0.085935734,0.092887715,-0.038355496,-0.092887715,-0.092887551,-0.092887603,-0.092887715,-0.092863508,0.092828162,0.004103199,-0.092887588,0.09207049,0.092879549,-0.054935396,0.085978523,-0.0928225,-0.09288533,-0.092887715,0.092887715,-0.044745628,0.049566172,0.092887715
tolfenamic,YEZNLOUZAIOMLT-UHFFFAOYSA-N,A4,0.089449264,0.089449264,-0.089448765,0.089449264,0.089449264,-0.089449264,0.089449264,0.089449264,0.089449264,-0.089449264,-0.089449264,0.03312486,-0.089449264,-0.089449264,-0.089449264,0.089449264,0.089449264,0.089449264,-0.089449264,-0.089449264,0.089449264,0.089449264,0.089449264,-0.089449264,0.089449264,-0.089449264,-0.089449264,-0.089449264,0.089386053,0.089449264,-0.089449264,0.089449264,0.089449264,-0.089449264,0.089449264,0.089449264,0.089448921,-0.089449264,-0.089449264,0.089449264,-0.089449264,0.089449264,0.089449264,-0.089449264,0.089449264,-0.089449264,-0.089449264,-0.089449264,0.089449264,-0.089449264,-0.089449264,-0.089449264,0.084158376,0.089449264,-0.089449264,0.089449264,-0.089449264,-0.089449264,-0.089449264,0.089449264,-0.089449264,-0.081377402,0.089449264,0.089449264,0.089449264,0.089449264,-0.089449264,-0.089449264,-0.089449264,0.089449264,0.089429364,0.089449264,0.089449264,0.089449264,0.089449264,-0.089449264,-0.089449264,-0.089449264,0.089449264,-0.089449264,-0.089449264,-0.089449264,0.089449264,0.089449264,0.089382537,-0.089449264,-0.089449264,0.089449264,0.089449264,-0.089449264,-0.089449264,-0.089449264,0.089449264,0.089449264,-0.089449264,-0.089449264,0.089449264,-0.089449264,0.089449264,-0.089449264,0.089449264,-0.013169747,0.089449264,-0.089449264,0.089449264,0.089449264,-0.089449264,0.089449264,-0.088365994,-0.062818453,0.089449264,0.089449264,-0.089449264,0.089449264,-0.089449264,-0.089449264,-0.089449264,-0.089449264,0.089449264,0.089449264,0.089449264,0.089449264,0.089449264,-0.089426324,-0.071826786,-0.089449264,0.089449264,-0.089449264
