drug,inchikey,level,dim_0,dim_1,dim_2,dim_3,dim_4,dim_5,dim_6,dim_7,dim_8,dim_9,dim_10,dim_11,dim_12,dim_13,dim_14,dim_15,dim_16,dim_17,dim_18,dim_19,dim_20,dim_21,dim_22,dim_23,dim_24,dim_25,dim_26,dim_27,dim_28,dim_29,dim_30,dim_31,dim_32,dim_33,dim_34,dim_35,dim_36,dim_37,dim_38,dim_39,dim_40,dim_41,dim_42,dim_43,dim_44,dim_45,dim_46,dim_47,dim_48,dim_49,dim_50,dim_51,dim_52,dim_53,dim_54,dim_55,dim_56,dim_57,dim_58,dim_59,dim_60,dim_61,dim_62,dim_63,dim_64,dim_65,dim_66,dim_67,dim_68,dim_69,dim_70,dim_71,dim_72,dim_73,dim_74,dim_75,dim_76,dim_77,dim_78,dim_79,dim_80,dim_81,dim_82,dim_83,dim_84,dim_85,dim_86,dim_87,dim_88,dim_89,dim_90,dim_91,dim_92,dim_93,dim_94,dim_95,dim_96,dim_97,dim_98,dim_99,dim_100,dim_101,dim_102,dim_103,dim_104,dim_105,dim_106,dim_107,dim_108,dim_109,dim_110,dim_111,dim_112,dim_113,dim_114,dim_115,dim_116,dim_117,dim_118,dim_119,dim_120,dim_121,dim_122,dim_123,dim_124,dim_125,dim_126,dim_127
a22,LZTCFLDZLBOLDW-UHFFFAOYSA-N,D3,-0.093408555,0.035380047,0.093412474,-0.093406387,-0.093412474,0.093412362,-0.040246796,0.093412243,0.093412474,0.088741891,-0.092803776,0.093412429,0.093412399,-0.093412474,0.093412422,0.093412474,0.088504769,0.093393125,0.09341231,0.072097011,-0.093395852,-0.088784471,-0.093412474,0.093360715,-0.093412474,-0.093389921,0.093412474,-0.063929826,0.093412474,-0.093412474,-0.093382031,-0.093410179,-0.093412474,-0.093345791,-0.093412474,-0.092488565,0.093412377,0.045887604,-0.087406583,0.074472062,0.0933709,-0.093412474,-0.093392283,0.093412437,-0.09329693,0.09341158,-0.083959609,-0.093412444,0.00402382,0.082698576,0.093407393,0.093412474,0.082504682,0.06802813,0.09126959,-0.093412474,-0.093412474,0.089995936,0.060918719,-0.093412474,0.093412474,-0.093352899,0.093412474,-0.093412474,0.086050481,-0.0921847,-0.093397558,-0.093406186,0.093412474,0.00409204,-0.093412258,0.042032219,-0.093403772,0.065549299,0.093238682,-0.093411781,-0.093412474,0.093412474,0.093412474,0.020532561,0.093410246,-0.045942407,0.09340743,-0.093412474,0.081988193,0.093140066,0.093401961,0.080405019,0.093412474,0.093401536,-0.093397722,-0.093412474,-0.083839498,0.093097664,-0.093403444,-0.093409024,-0.093412474,0.093412161,-0.093412474,0.084389701,0.093351327,0.037495557,-0.093387522,-0.093210615,-0.093412474,0.093395442,0.092737868,-0.093409762,0.091905326,0.093382776,-0.069844484,0.093412474,0.093412474,0.093397349,-0.093364127,-0.093412012,0.093409136,0.093412451,0.093320191,-0.093388543,0.093412474,-0.093409277,0.093283467,0.093412474,-0.093412004,0.093394287,0.093374617,-0.093412474
acetylsalicylicacid,BSYNRYMUTXBXSQ-UHFFFAOYSA-N,D3,-0.098078668,0.09807951,-0.097870231,0.098081611,0.097993195,0.085447125,-0.098081611,0.098066092,0.090746067,-0.082971863,-0.063499652,0.054383341,-0.098080128,0.098076314,0.095330924,0.098081611,0.098037757,0.097777456,-0.073247269,0.097572625,-0.017514994,0.062931791,-0.091132767,0.052704919,0.098079212,-0.097886898,-0.056390572,-0.084064342,0.097891413,-0.096096881,-0.096455529,0.098079212,0.098081343,-0.017420245,0.04958909,-0.095273249,0.073452584,-0.091311574,-0.013488588,-0.098075733,-0.096198156,0.097061515,-0.097589403,-0.076820545,-0.077455491,0.082299225,0.097198009,-0.09786763,-0.059756428,0.085611381,0.098037437,-0.098076046,-0.083603673,0.098081328,-0.065455467,-0.091557868,0.097494185,0.098076738,0.021040972,-0.091554329,0.056025065,-0.097817779,0.091080859,0.097310498,0.040052097,0.098081611,0.098079287,0.098081559,-0.098081611,0.098081514,-0.090656534,-0.098081417,-0.097781472,0.094752021,0.098076783,-0.079909824,-0.097291559,-0.098017171,0.091682255,0.098081194,0.098010324,-0.09697751,-0.098081611,-0.093461052,0.098064281,-0.084596902,-0.097812824,-0.098068304,0.038342908,0.097866416,0.09786056,-0.098065935,-0.089311808,-0.098080009,-0.098058797,0.061325941,-0.097993933,-0.054123718,0.030392859,0.09757264,0.097990848,-0.098063059,0.098030806,-0.015796466,-0.09724725,0.088958085,-0.018537756,-0.097944006,0.095813237,-0.097965986,-0.097872518,-0.097106569,-0.09782815,-0.098062821,-0.09462177,0.098044932,-0.098081373,-0.097715244,-0.051298216,-0.047640961,-0.09782467,-0.098081261,-0.092821315,0.093957201,0.097666256,0.09705434,-0.047022033,0.097747304
amikacin,LKCWBDHBTVXHDL-RMDFUYIESA-N,D3,-0.103367426,0.090624966,-0.040638141,0.09856791,-0.104493469,-0.096172675,-0.083224975,0.083727144,0.067497917,0.10607475,0.056027729,-0.103946492,0.106144704,-0.103165597,0.082726255,-0.10477154,0.09226945,-0.044769105,0.106077559,-0.088352337,0.104085766,0.016064417,-0.104147539,-0.103454791,0.104779117,-0.010664245,-0.010483627,-0.057042237,-0.106225125,-0.045464668,0.029288391,-0.106215015,0.058141142,0.013523666,0.012799014,-0.106243677,-0.073250331,-0.063689038,-0.10457284,-0.105761997,-0.105704926,-0.078170024,-0.065416276,0.044353075,-0.015188927,-0.105108321,0.096841805,0.017642858,0.038367793,-0.105362721,0.093456402,0.105248712,-0.105964161,-0.100533903,-0.102208056,0.074777566,0.104722001,-0.046843413,0.106169671,0.088329419,-0.059600655,0.072215162,-0.10335616,0.106264219,-0.094904773,0.094600499,0.102363423,0.051595207,0.105945326,0.062567696,0.096944362,-0.063058816,-0.074261859,0.105134495,-0.002659042,0.09692914,0.075690098,-0.069955014,-0.106089808,0.078960873,0.105224125,-0.009712529,0.032907039,0.105404332,0.103045024,-0.106028646,0.106037572,0.065776259,-0.106220476,-0.103123799,-0.098674864,-0.105486467,0.105122462,-0.09055043,-0.094528966,0.017446993,-0.106070183,0.104250483,-0.013161916,0.051666472,0.070509322,0.106208958,0.102196224,0.106219992,-0.104439937,-0.103831738,0.104067802,0.095175207,-0.104876339,0.103982948,-0.105269313,-0.105364256,-0.033682495,0.103531875,-0.104389645,0.105903879,-0.086098954,-0.10560178,0.106164739,-0.060709331,-0.09890721,-0.102930024,-0.10567788,-0.106159717,-0.102891386,0.084575072,0.102056392,0.086411968
aminosalicylate sodium,GMUQJDAYXZXBOT-UHFFFAOYSA-M,D3,0.063700274,-0.038083356,-0.034630109,0.122848444,-0.010378017,0.053469785,-0.01236558,0.086690687,-0.094047241,-0.003245933,0.130516738,0.081466138,0.125405088,0.12645331,0.102953665,-0.061069537,-0.101040877,-0.054953471,0.025234362,-0.002248094,-0.042987671,0.073467314,-0.074489638,-0.038419448,0.029515643,0.049558945,0.022961902,0.115669169,-0.023984166,-0.009233059,-0.031988747,-0.10834983,0.138673753,0.04938896,-0.119150214,0.046041954,0.066455126,0.036585372,0.128775775,-0.076813288,0.013697475,-0.091955356,0.13280116,0.097136557,-0.063358605,0.110040344,0.11460264,0.069438934,-0.053967189,0.011355298,-0.104163222,-0.103739277,-0.126166955,0.102692872,-0.055832416,0.107744835,0.093449496,-0.127728671,-0.074960954,-0.11235401,0.061591726,0.015020866,0.136165231,0.127838925,-0.117437311,-0.03641038,0.105850138,-0.07861691,0.042456556,-0.081004173,-0.104616672,0.032279946,0.118856855,0.038923901,-0.112333238,0.110482082,0.132018417,-0.110900119,0.075640455,-0.043442391,-0.051875297,-0.139474168,-0.037737288,0.103134133,0.132509232,0.093007334,-0.067710146,-0.134392425,0.127754569,-0.131447703,0.018127808,0.120735519,-0.03498961,-0.094058409,-0.118224978,0.045530133,-0.076787829,-0.126769409,-0.025593527,-0.132113546,0.123648442,-0.104964741,-0.01386249,-0.090205111,0.121454887,-0.071014717,0.07593967,-0.115305312,0.110172875,0.130854636,0.059186846,-0.072141834,-0.045547217,0.097219065,-0.129994303,-0.02974789,-0.114150248,-0.119555742,-0.080860958,0.12710394,-0.039743789,0.035490517,-0.052364927,-0.013143562,-0.001763535,-0.089212045,-0.082233422,0.080343693
aminosalicylic acid,WUBBRNOQWQTFEX-UHFFFAOYSA-N,D3,0.093331486,0.093331486,-0.027354574,0.093331486,0.09333133,0.093313664,-0.093016416,-0.093331486,-0.093211323,0.093328044,0.093331456,-0.09191829,0.093331441,0.093331486,-0.067637347,0.093331486,0.00046182,-0.067049354,0.091329917,-0.093290612,-0.062968984,-0.093331486,-0.093313113,0.09332785,0.050206579,0.068638399,0.093331486,0.093331486,-0.092234857,-0.084145069,-0.058978021,0.093330376,0.092072599,-0.090738297,-0.093331486,0.093331486,-0.093330175,0.093331486,0.093331486,0.091706574,0.093331486,0.093331486,0.093331441,-0.088731878,0.09328258,0.092826918,0.093331486,-0.093331486,-0.093321376,0.09204983,-0.093330577,-0.093331486,-0.093331486,-0.093331181,-0.093317769,-0.076237433,0.093250528,0.093290582,-0.093331248,-0.093331486,-0.093180627,0.089039169,0.093249172,-0.044745665,-0.093327776,-0.081922874,0.093331434,-0.093330398,-0.093331486,0.093329787,-0.093329333,-0.085834898,0.093330629,0.092038281,-0.093331486,0.09206149,0.093315668,-0.092758991,0.085214734,0.093331411,0.091221012,-0.093331486,-0.084419973,-0.093331486,0.090916514,0.093243361,-0.037781958,-0.093331486,-0.036026195,-0.093323536,0.093331486,0.093331486,-0.093331389,0.086608827,0.088535011,-0.093273416,-0.093242049,-0.093331486,0.091538444,-0.093330085,0.06710083,-0.093328223,-0.093331486,-0.093331486,0.093331486,-0.088687785,0.09249156,-0.093331486,-0.075033307,0.09295769,0.068881035,-0.093331486,-0.093331486,-0.093319789,0.093330838,0.093285099,-0.090472631,-0.093331046,-0.031209823,0.093331486,-0.028538687,0.09332148,0.087519228,0.093069881,0.093331486,-0.093262546,-0.093331486,0.093276553
amoxicillin,LSQZJLSUYDQPKJ-NJBDSQKTSA-N,D3,-0.095014103,-0.095099226,-0.094525903,-0.086559474,0.016439358,-0.095100634,0.095102079,-0.095101669,-0.01073628,-0.095102124,0.093814112,0.094980456,0.094931178,-0.083693244,-0.020472849,-0.094707586,0.05519449,0.095060259,0.054837428,-0.094616607,-0.094790652,0.095102124,-0.095102124,0.093525417,0.0914151,-0.095086977,-0.094771259,-0.094350137,-0.058670502,0.094791964,-0.075954884,-0.095039994,0.065411545,0.095101945,-0.03961537,-0.083471067,-0.095042013,0.094939165,0.093338743,-0.094891712,0.095011659,-0.095102124,0.074864499,0.095102087,-0.095101565,-0.071316943,-0.094367497,-0.091188572,-0.094460525,-0.095097296,0.094478145,-0.019539187,-0.056438129,0.095101871,0.095101744,-0.094963491,0.094437912,-0.075407214,0.095028616,0.092721738,-0.094447233,-0.094074331,-0.095076784,-0.08621636,-0.095053859,0.090521134,0.095095925,-0.095013462,0.074100718,-0.051351447,-0.092052139,-0.095101982,0.092097528,0.084205709,0.04897923,-0.095087871,-0.095089391,0.091567896,0.095098801,-0.095101655,-0.093411341,-0.08467669,0.092690617,0.093795158,0.092794202,-0.094989069,-0.089370899,-0.088138007,0.066378035,-0.091352664,-0.094955742,-0.095027812,-0.09492664,-0.074370019,0.0910028,-0.095081709,0.094891846,0.088136375,-0.094836727,-0.092076264,0.080699898,-0.094897732,0.094789982,0.091977946,-0.093375616,0.095102124,0.094729111,-0.095102012,0.095096856,-0.094885133,-0.073034205,0.095096759,-0.086973377,0.094805747,-0.094507843,-0.095102124,-0.091523275,0.095090926,-0.095085964,0.093792856,0.094949521,0.095093057,-0.000889847,0.087620869,-0.092861183,-0.092455648,-0.087560728,-0.094949983
ampicillin,AVKUERGKIZMTKX-NJBDSQKTSA-N,D3,0.083756305,-0.098779216,0.097993419,-0.09871453,-0.024402699,0.098757818,-0.090126403,-0.098147899,-0.059420593,-0.029999277,0.098694466,-0.098777354,0.098778896,-0.09877634,-0.098766051,-0.098778784,0.098339759,-0.098778822,0.09665788,-0.098776072,0.018220659,0.098326005,0.097893551,-0.098779216,-0.094653696,0.098778307,-0.098778106,0.098775297,-0.070940554,-0.098764323,-0.004788622,-0.09785226,-0.098779216,-0.098723754,-0.09877751,0.096826099,-0.098776817,0.098779216,0.098776132,-0.070425563,-0.0894005,0.098554239,-0.030578174,0.098779067,-0.092490084,-0.098737448,-0.09500888,0.098779216,-0.098614246,-0.098569661,0.098598748,0.098777197,-0.004299853,0.041850507,-0.00352299,-0.098497331,-0.098575868,0.061556481,0.096356243,0.098725311,-0.098776624,-0.039383117,-0.098737322,-0.098777801,-0.09822125,0.014985264,-0.09877675,-0.079360679,-0.085146345,-0.095911652,0.098532796,-0.092723884,0.097176902,0.09877912,0.071846098,0.098728612,-0.098777011,0.098748527,0.098778792,-0.096137233,-0.091709569,-0.098723471,0.098779216,0.081500523,0.098777525,0.098296337,-0.027932813,-0.09822987,-0.09807042,-0.095687687,0.06359487,-0.098256178,-0.091188215,-0.068050519,-0.007970796,-0.047294348,-0.097367398,0.0972284,0.098779216,0.011879803,0.095131777,0.085275479,0.098528758,0.092578076,-0.098778613,-0.098779216,0.097102001,0.098661624,0.053560432,-0.088942409,-0.09877912,-0.096996695,-0.085094191,-0.098697335,0.098779216,-0.098779038,-0.063408725,0.045540329,0.098316215,0.096232995,-0.006001248,0.098767944,-0.001407153,0.098773271,-0.098545216,-0.050446987,0.098422572,-0.098698936
anisomycin,YKJYKKNCCRKFSL-RDBSUJKOSA-N,D3,0.095795266,0.087179661,-0.096940599,0.096941084,-0.091853991,-0.096288241,-0.096676037,-0.038313977,0.096943006,0.096944302,0.095922917,0.096940175,-0.094083838,-0.08877486,-0.086164713,0.096938334,-0.073622853,0.02909274,-0.096789122,0.096944302,0.092534333,-0.096639022,-0.094621144,0.096906245,0.094612129,0.096944302,-0.096195325,-0.095235638,-0.036956027,0.009024115,0.094752982,-0.096744522,0.096944302,-0.096471541,0.093246706,0.096943632,0.096681647,-0.096894868,-0.095944218,-0.096925676,-0.069991298,-0.096102767,0.014660719,-0.096930176,-0.096938781,0.096943825,0.096944138,-0.096880279,-0.096944228,-0.096874706,0.09694045,0.096761085,-0.096908882,-0.096944258,0.096172087,0.096944198,-0.096424706,-0.096932933,-0.096944273,0.074365437,0.089316562,0.08041288,0.094244689,0.086462788,0.096943721,-0.089844652,-0.093481436,-0.094358087,0.095614739,-0.027465913,0.02659633,0.016850805,0.09694311,0.096924104,0.091161571,0.096944287,0.095460281,-0.095618248,-0.096944302,0.096777253,-0.051905733,-0.09636575,-0.09580303,0.096943125,0.095562294,0.096928246,-0.089638673,0.096658625,0.096634299,-0.096333377,-0.096599184,-0.096409321,0.095800415,-0.095646299,0.096830077,0.096944302,0.095664389,-0.096944302,-0.040555649,-0.069367751,-0.058959458,-0.096836679,0.096819274,-0.096944302,0.096944101,-0.00511083,-0.096942931,0.048449781,-0.027940596,0.08480227,0.092012212,-0.096936218,0.096944124,-0.026024917,-0.096704625,0.089617386,0.096904352,-0.050067872,0.037320569,-0.048737127,-0.096797004,-0.096633539,-0.096901454,-0.096830063,-0.090757638,-0.032546397,0.096930414,-0.095420338
ansamicin,ATEBXHFBFRCZMA-VXTBVIBXSA-N,D3,-0.113872699,0.084300764,-0.044240084,0.107992783,-0.112395369,-0.019666592,-0.096460812,0.112465151,-0.117852822,-0.106860906,-0.096988671,0.044398453,-0.092727222,-0.090026528,-0.088338792,-0.110202491,-0.11580652,0.088583648,-0.020486673,0.070678733,-0.093022332,0.116655886,-0.031403955,0.005555839,0.10830272,0.022211267,0.057514291,0.016993241,-0.109311186,0.04641651,0.110308528,0.085998058,-0.034382928,0.112305105,0.04481281,0.062662467,-0.020212576,-0.074869201,-0.006954832,-0.118411154,-0.11569497,-0.116003342,0.039129592,0.032085519,0.003858819,-0.114394218,-0.108284734,0.08092007,-0.107686415,-0.106680416,0.030603826,-0.10293936,0.107969157,0.097044885,0.044297684,-0.11268755,0.117738806,0.107893705,0.096933626,0.062585682,-0.113566473,-0.117869228,-0.116338693,0.115876816,0.027246235,-0.114576951,0.004178348,-0.117105372,0.103328481,0.005458597,0.090232596,-0.09858641,0.08098232,0.117778994,0.021166867,0.089566909,-0.115725622,-0.109261438,0.101114392,-0.117937282,0.112050332,-0.012003605,-0.089122251,0.118168451,-0.01879951,-0.116611868,-0.114327788,-0.033062428,-0.092629761,-0.115831219,0.023135714,0.080373824,0.035534028,-0.109278664,-0.047830727,0.11093951,-0.047998834,-0.068755768,0.05891164,-0.116820857,-0.115859598,0.116358362,-0.076311782,-0.039289601,-0.100628354,0.104385473,0.027903939,0.017783009,0.05367922,-0.092278458,-0.117584988,-0.117310643,0.113239229,0.102075584,-0.078711703,-0.103300855,-0.036657065,0.002284256,0.033410572,-0.085724697,0.097420357,-0.091085449,-0.114903755,-0.114967883,-0.013236574,-0.114265025,0.115958497,0.026743725
aphidicolin,NOFOAYPPHIUXJR-APNQCZIXSA-N,D3,0.109703936,-0.109323226,0.043221194,-0.103252567,-0.106171608,0.017499687,-0.016212098,-0.09549237,0.104475692,-0.010485477,0.108749457,0.109454356,0.104314387,-0.066382289,-0.109683603,-0.047014307,-0.109067611,-0.102219112,0.028492378,0.107132338,-0.025356852,-0.076565862,-0.089911319,0.107711442,-0.007646959,0.108299911,-0.083356902,0.107625574,0.109342471,-0.052492399,0.083429188,-0.089789987,-0.083749145,0.107252076,-0.108006112,0.10966114,0.017086893,0.102429494,-0.008036458,-0.020602092,0.099550746,-0.107927069,0.037903648,0.032551721,-0.109543018,0.109471731,0.097216077,-0.108631268,-0.086827606,-0.109511457,0.001618167,0.108712152,-0.044093329,-0.048005842,0.107430786,0.05597692,-0.108211786,-0.109279223,-0.109688461,0.108669661,0.103062943,0.084721662,0.097121872,-0.10904099,0.062963583,-0.108971432,0.00627814,-0.086086154,0.096536614,-0.102435797,0.029288175,0.107589789,0.105698578,0.109424375,-0.109262675,-0.014924199,-0.041288145,-0.068147257,-0.01156954,-0.109320343,-0.087136507,-0.108902574,0.020543387,0.085633069,0.108500488,0.108852789,-0.033263713,0.075706638,0.109670371,-0.109678514,-0.060161777,-0.011560457,0.020783463,-0.108836494,-0.06073701,0.108531341,0.107589148,-0.105931506,0.077847563,-0.052360296,0.05972011,-0.062450133,-0.109514907,-0.109712556,0.10671857,0.100649789,-0.106763646,0.102722429,0.005431191,0.108439773,0.109462522,-0.107883058,0.109227031,-0.0731273,-0.109402888,-0.109053023,-0.027431922,0.109442718,-0.106152251,-0.064844042,0.107455716,0.097787656,-0.105980352,-0.079108946,-0.008358303,-0.106001057,0.04566697,-0.108707555
apramycin,XZNUGFQTQHRASN-XQENGBIVSA-N,D3,-0.099107794,0.100789681,0.039050482,-0.000894514,-0.098266438,-0.047634725,-0.057202023,0.065480314,0.098648995,0.10155908,-0.069655702,-0.095485546,0.101553798,-0.093670569,0.075383149,-0.101085022,0.097707473,0.073497184,0.101332098,0.090085849,0.077432632,-0.074471422,-0.101231337,-0.098373882,0.101577848,0.064975217,0.034320675,-0.100045227,-0.101513259,-0.069441944,0.055594057,-0.101585448,0.048271414,-0.098913275,0.058719356,-0.101578914,-0.030104835,-0.100041822,-0.097959325,-0.101150699,-0.101561144,-0.01185118,-0.059291005,0.004862832,-0.078818083,-0.093492076,0.093791641,-0.065329924,-0.062391717,-0.096321218,0.092909843,0.101411469,-0.101480961,-0.100253589,-0.101174325,0.082557924,0.101184599,0.041314799,0.101499937,-0.033883013,0.077416107,0.098182797,-0.020969264,0.101586118,-0.099150665,-0.061301116,0.101457566,0.004951491,0.101506338,0.01364385,0.099987045,-0.095007747,-0.097704858,0.100403406,-0.073272593,0.099649616,0.101399042,-0.087379366,-0.098267205,0.097520091,0.101495758,-0.071155205,-0.086978622,0.099247903,0.085417047,-0.10019543,0.101032801,0.070967682,-0.101561725,-0.098844692,-0.094971903,-0.101501234,0.100512907,-0.100703232,-0.100354999,-0.035416041,-0.101572677,0.099846758,-0.090297371,0.094943486,-0.080863349,0.101441212,0.097513385,0.101446941,-0.090537354,-0.100829184,0.101418041,0.041243628,-0.098156884,0.101333722,-0.101509795,-0.10101781,0.092171043,0.076702513,-0.101563334,0.101402745,-0.087903656,-0.101497985,0.10158436,-0.099837855,-0.06965401,-0.097533487,-0.101581499,-0.101563871,-0.100589767,0.101105429,0.093051165,0.095544249
aspoxicillin,BHELIUBJHYAEDK-OAIUPTLZSA-N,D3,0.098866731,-0.104030885,-0.105393521,0.062558942,-0.090665534,-0.10460645,0.105259269,-0.10555739,0.055111539,-0.105444945,0.105562888,0.105533794,0.105358362,0.091788374,-0.099160612,-0.015628828,-0.094216786,0.104343541,0.078013703,-0.025491156,-0.081798844,0.105567202,-0.104805835,0.067924239,0.017086979,-0.103671193,-0.105114438,-0.093415119,0.027752817,0.088838264,-0.104130246,-0.098879948,0.065575697,0.105497666,-0.104534477,0.104771152,-0.081826702,0.099321432,0.102400512,-0.105178803,0.105211541,-0.105534747,0.049880356,0.105444402,-0.10555876,0.06572105,-0.026201358,-0.100955866,-0.105572,-0.105554253,0.104043745,-0.009128596,-0.105504505,0.104608394,0.105575375,-0.056524597,-0.002146702,-0.040584624,-0.08197967,0.098752186,-0.09199892,-0.101765089,-0.094368756,-0.087289147,-0.099041224,-0.100543693,0.102414966,-0.105515778,0.063434765,-0.020531097,-0.067470208,-0.10553164,0.105459414,0.095399708,-0.052721545,-0.094400316,-0.075981162,-0.098956093,0.063106723,-0.105532266,-0.016199218,-0.094438568,0.086525448,0.101820037,0.10506127,0.10547813,-0.10554722,-0.105185151,0.006848441,-0.079941913,0.055678032,0.045167379,-0.102598719,-0.095995128,0.096955918,0.027439848,0.086445794,-0.103517562,0.031224994,-0.105102077,0.05659163,-0.104950301,-0.049626108,-0.102873422,-0.027008791,0.10551817,-0.042450886,-0.105095617,0.104915157,0.030974118,0.06900236,0.099901021,-0.0531043,0.105502047,-0.105213188,-0.105572306,-0.038558278,0.105575442,-0.10402026,-0.025390843,0.101606816,0.104538843,-0.10426683,0.003478788,-0.105481587,-0.10557285,-0.066543415,-0.105391547
atovaquone,BSJMWHQBCZFXBR-UHFFFAOYSA-N,D3,-0.104342341,-0.067958556,0.089962065,-0.098220989,0.080080092,0.090364054,-0.100023925,-0.058230408,-0.104092836,-0.103948615,0.103742912,-0.104379527,0.100427724,-0.103951238,0.026623199,0.101689793,0.096940786,-0.081983544,0.040906146,-0.098445833,-0.075384088,-0.097407177,-0.092999235,-0.102887988,-0.051347654,-0.094676249,-0.004658361,0.103749469,0.096931212,0.026096815,-0.104419544,-0.0971049,-0.103127837,0.104441166,0.077891976,0.032133095,-0.10333541,0.005739119,0.103149928,0.047191903,0.04963541,0.070441432,-0.103391796,0.10445518,-0.05507841,-0.10289631,-0.074708439,0.098569088,0.094102114,-0.103765868,-0.099170655,-0.066557519,0.101826102,0.01554395,0.102754802,-0.103191182,0.036509007,0.090414733,0.104428262,0.076847441,-0.099260867,0.046612784,-0.100342609,-0.068524234,-0.104452409,-0.100357704,0.026303085,-0.103438191,-0.086945839,-0.078761362,0.097272173,-0.00352434,-0.104159333,-0.06222222,0.104427695,-0.097421803,-0.097038813,-0.102031276,0.096214056,-0.104432113,-0.102716714,-0.098506846,0.100183792,-0.072827488,0.086167462,0.091530353,-0.097517081,-0.090064064,-0.086416401,-0.102604531,0.089927107,0.082361966,-0.09244027,-0.097118393,-0.103449471,-0.09525004,-0.101494141,-0.003268145,0.083824664,0.101235911,-0.10259787,0.104446605,-0.091539301,0.104207069,-0.085684635,-0.014435401,0.104334451,0.094946571,0.094504148,0.075468637,0.052193463,0.074117944,0.0126322,0.103966199,0.094689965,-0.104216583,-0.098275073,-0.024486056,-0.092156962,-0.104117669,0.104442507,0.100947507,0.104455076,0.102308095,0.100602277,-0.074594289,0.038900558,-0.104429021
auranofin,AUJRCFUBUPVWSZ-XTZHGVARSA-M,D3,-0.096413746,-0.106906302,-0.113327041,0.085331708,-0.111549787,-0.018429769,-0.11441692,0.112975501,0.096419349,0.106550425,0.021680716,0.100167252,0.051914815,-0.093710057,0.055652283,-0.076269485,-0.115285389,-0.103015877,-0.11444106,0.105937436,-0.072746277,0.11006093,0.064465374,0.081394337,-0.111227855,0.105886973,-0.102816544,0.010716972,0.115442187,-0.11592751,0.038107798,0.002131277,0.097228333,-0.107608914,-0.026832068,0.113809496,0.105972506,0.042749379,-0.07291618,-0.088165186,-0.073275082,0.103815369,0.034103438,-0.068813927,-0.00436881,0.115725614,0.108139709,-0.040334299,-0.112661801,0.039652415,0.02133004,-0.01438502,-0.074001387,0.056560453,0.110886566,0.10894727,-0.053685341,0.088488512,0.006650548,-0.052410379,0.112030692,-0.112012707,0.108332112,0.09471491,0.114274226,0.059274599,-0.110750183,-0.075032309,0.11193087,-0.092973076,-0.111133017,0.071933597,0.108264051,0.112679429,-0.112290144,0.094808385,0.01006024,-0.080228277,0.074384607,-0.074578822,-0.11325825,-0.11498405,-0.077938333,0.106331095,0.081710391,0.056170814,-0.070398353,-0.042003129,0.116039649,0.096535794,0.012480221,-0.019054988,-0.080968782,-0.087351121,0.027198542,0.105427288,0.100383908,-0.115547583,0.068055205,0.047868341,0.061134551,0.102260791,-0.048104879,-0.088311091,-0.025664659,-0.111405209,0.034361955,0.050399594,0.11611741,0.115463413,-0.10622301,-0.105174705,0.115464278,0.083306767,-0.113489188,-0.11589551,0.097244032,-0.065471917,-0.111628585,0.102293484,0.097428918,-0.109089777,-0.114999585,-0.104591794,-0.008631477,-0.065843575,0.013007837,-0.115000613
avilamycin,XIRGHRXBGGPPKY-OTPQUNEMSA-N,D3,-0.119674981,0.112592176,-0.117529534,0.117735505,-0.02945663,0.017289879,-0.125933081,0.05186028,-0.088711485,0.018677033,0.067302138,0.060294185,0.080961078,0.068262331,0.026154011,-0.084741257,-0.099330381,0.049508736,0.112804741,0.008264565,-0.054667834,0.123090051,-0.128898069,0.116097607,0.014022723,-0.052820541,0.009145138,0.094098389,-0.064828411,0.020310339,0.107708938,-0.033383906,0.048435606,-0.021248929,-0.037905402,-0.038632404,0.044105362,0.127593249,-0.053235196,-0.137121171,-0.122532398,0.093060672,0.131916955,-0.012556662,0.054735992,0.009711526,0.065901414,-0.065958492,-0.002694024,-0.017630087,0.04068109,-0.086648494,-0.072585709,0.130021349,0.013551874,-0.008509709,0.126648456,0.121216476,0.136768833,-0.017591553,0.11664293,-0.130049825,-0.090198584,0.130211383,-0.119306326,0.056094646,0.091702908,-0.104849368,0.059999857,0.105787762,-0.063786507,-0.11748489,0.106869549,-0.007197833,-0.077678971,0.031452466,-0.098730966,-0.133181795,-0.007061415,-0.080986761,0.067992575,-0.135119259,-0.078133084,0.112292528,0.089245006,-0.131433576,0.066723146,0.091512531,-0.032626282,-0.120248951,-0.051646363,0.063991964,-0.086119242,-0.112524785,0.069402948,-0.062181298,-0.009380728,0.073523201,-0.088635877,-0.04754493,-0.034169335,0.12169376,0.056682859,0.111382946,-0.130345315,0.131487697,0.134298027,-0.051291518,-0.019090218,0.107031986,-0.103220634,-0.133009583,0.083103374,0.075990975,-0.129473791,-0.105740689,-0.09162847,-0.131859079,0.128660396,-0.005461323,-0.107249007,-0.042334266,-0.132825077,-0.114894569,0.017710673,-0.123609453,0.11061471,-0.040640786
azithromycin,MQTOSJVFKKJCRP-BICOPXKESA-N,D3,-0.101992823,-0.106954768,-0.004984275,-0.001075077,-0.111340284,-0.106382385,-0.016926115,0.012345328,-0.115569599,-0.126024261,0.124586992,0.104247905,0.026680619,-0.045111276,-0.062793896,-0.124472588,-0.10078337,-0.116683722,-0.036718898,-0.073081441,-0.075641498,0.12576066,-0.124300562,0.095728263,0.115095273,-0.079001889,-0.114292338,-0.07278467,-0.122370556,0.07767041,0.105847903,-0.105954789,0.06582433,0.123345196,-0.108611695,-0.048880838,-0.047610208,0.104987726,0.094828442,-0.11552237,0.015551027,-0.126048937,0.11619956,0.113475055,-0.1209336,0.059270948,-0.10438107,-0.014650647,0.110286839,-0.040143035,-0.052266575,-0.093014702,0.086386226,0.125904799,0.122905977,-0.011492867,0.10670191,-0.035087794,0.090364002,0.122808099,0.00577062,-0.024335302,0.042872213,0.115846366,-0.084291056,0.117858708,0.11914479,-0.040856957,-0.043081284,-0.101378262,-0.056913733,-0.122410633,0.106390029,0.124491289,-0.120772541,0.033766165,-0.101730004,-0.033229932,-0.02207157,-0.122184992,0.054302413,-0.030728415,-0.057132415,0.115283921,0.121229477,-0.123033702,-0.099322163,-0.121285342,0.1250294,-0.090371653,-0.022509087,-0.062460013,0.073389567,-0.107706055,-0.023454309,0.027317876,0.119088925,0.057379995,0.010641034,0.047944911,0.108832739,-0.071675405,0.065403953,0.056213319,0.082339242,0.108321652,0.103367597,-0.063835606,0.004002107,0.103402793,0.075733051,-0.064250536,-0.11216332,0.050074428,-0.12324217,-0.120288439,-0.121693678,-0.007107968,-0.019473692,0.118753292,-0.019182611,-0.071293086,0.04915167,-0.080608569,0.046931084,-0.107426159,0.018724505,0.054953925
azlocillin,JTWOMNBEOCYFNV-NFFDBFGFSA-N,D3,0.080879502,-0.094930016,-0.096766204,0.087337323,-0.088445552,-0.096662283,0.096777424,-0.09659075,0.096441835,-0.096595727,0.094969288,0.096743882,0.096755877,0.095887318,-0.044780418,0.06477613,-0.083499126,0.096782215,0.088822715,-0.090362571,0.058571715,0.096782602,-0.096738115,0.0911531,-0.096612558,-0.096636504,-0.094995692,-0.091370925,0.094203867,0.095686965,-0.096613273,0.092411339,-0.089733876,0.096743427,-0.096782036,0.078223415,-0.091915078,0.096773274,0.092782408,-0.096779637,0.096154727,-0.096778549,-0.021031862,0.096738376,-0.096699752,0.09432438,0.042094324,-0.09510383,-0.09678112,-0.096780963,0.096775174,-0.066788852,-0.09677624,0.096782021,0.096782319,-0.096699692,0.030179778,-0.0869551,-0.070496656,-0.062808618,-0.052997258,-0.09678068,-0.093101136,-0.096782133,-0.019477805,-0.085760608,-0.040690795,-0.096781142,0.096718408,0.079386458,-0.096519828,-0.096780226,0.096695684,0.09469644,-0.064432599,-0.09624204,-0.096681558,-0.095458612,0.090835072,-0.096753031,0.033917576,-0.094338387,0.095984221,0.092710979,0.096285298,0.096631959,-0.096571103,-0.096550211,0.095521279,-0.078920417,-0.07549049,-0.023551106,-0.096778311,-0.054347213,0.096729018,-0.096571006,0.071928993,-0.096187495,-0.096669532,-0.096753351,0.08535105,-0.096566252,0.072682418,-0.096601203,-0.095274813,0.096782595,-0.080072179,-0.096778415,0.096780732,-0.09664847,-0.06640774,0.096753217,-0.045411859,0.096763842,0.090347797,-0.09678264,0.007351162,0.096771881,-0.095112599,-0.094439588,0.096626833,0.096741669,-0.091014326,0.096464954,-0.096710727,-0.096782573,-0.029390182,-0.09675996
aztreonam,WZPBZJONDBGPKJ-VEHQQRBSSA-N,D3,-0.027218368,-0.124682575,0.010773075,0.042989496,0.001774352,-0.015623124,-0.077523306,-0.101687826,-0.115770064,-0.106212392,0.083070666,-0.058836289,0.111593693,0.0174229,-0.123943619,-0.121674336,-0.014639335,0.061300069,0.115997531,0.080476813,-0.102794431,0.125708461,-0.121158645,0.04873921,0.040928956,-0.120627403,-0.076571062,-0.053551011,-0.12092749,-0.033170655,-0.030440988,0.11925628,-0.122463316,0.059702694,-0.113737434,0.070820704,-0.105944887,0.126355693,0.080660008,-0.090146653,0.10316924,-0.122321524,-0.015246448,0.124805979,0.00023533,-0.056633908,-0.07768587,-0.082422897,0.070159286,-0.107902609,0.113101758,0.09496288,0.082458198,0.126256272,0.077915333,-0.119376116,0.030158691,0.046660546,0.113623351,0.113206752,0.112993486,-0.122453697,-0.064653225,-0.119465895,-0.125502795,0.019900411,-0.10490191,-0.099679381,0.01834631,0.041195948,-0.049794361,-0.123124428,-0.118574448,0.117744036,0.068717487,0.020138074,-0.126047418,0.014722867,0.12153355,-0.118411459,-0.065055825,-0.049734496,0.055111814,0.118418403,0.11691203,-0.089707948,-0.036247909,-0.09097752,-0.002263476,-0.016371062,0.01130226,-0.123041965,-0.12598598,0.100722492,-0.05043235,-0.091449872,0.052128267,0.108547963,0.000415749,-0.035902649,0.043644261,-0.046308108,0.12485157,0.051957592,-0.115763456,0.121951915,0.114588656,-0.10323377,-0.04896548,-0.123338543,-0.087531373,0.070449159,-0.08511319,-0.034507103,0.117144056,-0.096376017,-0.110888578,0.075754724,0.051365729,0.121604614,0.120473146,0.017274618,0.072284788,0.121189117,0.030072458,-0.037982654,0.061452396,-0.036764298
bacitracin,CLKOFPXJLQSYAH-ABRJDSQDSA-N,D3,-0.074477389,-0.077648997,-0.096332796,0.021357045,0.047190584,-0.061857414,-0.014780484,0.09518113,0.096160308,0.095569089,0.08701925,0.081062138,-0.096332684,0.09628959,-0.092212595,0.096312679,-0.096201256,0.095984049,-0.096169695,0.096332796,0.095352843,0.095207654,0.096190281,0.096144266,0.096205056,0.096332811,-0.095224477,-0.092910096,-0.094491489,-0.060206685,-0.052071027,0.095741473,0.096327774,-0.096251361,0.095890433,0.092639349,0.09613248,-0.096332848,-0.096332505,0.043054283,0.046290811,-0.095904455,-0.0963149,-0.096332848,-0.0963277,0.096332535,-0.096109167,-0.030528191,-0.096293062,-0.095963918,0.096332818,0.018451279,0.044451121,-0.096323833,0.095836155,-0.06593024,-0.095781974,-0.096324369,-0.096332513,0.095731206,0.095499426,-0.092650704,0.092815928,-0.091781385,0.09623459,-0.096330412,0.095655717,-0.060607437,-0.095724218,0.096332848,0.055151101,-0.011276474,0.096284658,0.087530322,0.096332774,0.096273415,-0.096325956,-0.096030794,-0.096332848,0.096332334,0.096331879,0.09632057,-0.095728628,0.096321397,0.070441417,0.067758791,-0.096332632,0.096119314,0.095247142,-0.082492448,-0.096331082,-0.096319534,0.096332744,0.056803972,0.094178185,0.096332848,0.096296631,-0.096121602,0.093924627,-0.096298359,-0.096251152,-0.09632694,0.096259691,-0.096327402,0.096327007,-0.006583897,-0.096332848,0.096331336,-0.063745648,-0.096323274,0.07920973,-0.096332796,0.096332848,-0.096004948,0.011720941,0.095905542,0.055657547,0.096306674,0.095951214,-0.070727766,-0.095293686,-0.096305497,0.096253417,-0.096328437,-0.077922717,-0.096098438,0.096320294,-0.094907708
bafilomycin a1,XDHNQDDQEHDUTM-JQWOJBOSSA-N,D3,0.034591753,-0.048208423,-0.092448302,-0.106485508,-0.104712389,-0.020108012,-0.000198828,-0.105252407,-0.096400544,-0.013025653,0.041412145,0.108187996,0.095004916,-0.101453841,-0.095428169,-0.106946126,-0.09347792,-0.103987463,-0.10080906,-0.004850354,0.041073758,0.108548805,0.016747458,0.102345064,-0.108195893,-0.108744264,-0.09598545,-0.093094662,-0.095531918,0.104577824,0.106121123,-0.031868741,0.108258493,0.041801274,-0.108497173,-0.10358642,0.057691712,-0.093147144,-0.062077366,-0.108770318,-0.088104703,0.059763487,0.108725525,-0.107218973,0.019592986,0.085551038,-0.108356476,0.106374055,0.064192288,0.077502809,-0.079843104,-0.10676866,0.10697256,0.09954875,0.090657718,0.01799061,0.093365893,0.009259409,0.104722187,0.10388241,-0.105474003,-0.076053873,-0.025302576,0.105771482,-0.041089304,-0.105395257,0.103775091,-0.108181186,0.10847687,-0.096735835,0.104323387,-0.04682957,0.102329306,-0.092091613,-0.108472019,0.080173865,-0.051938672,-0.105742224,0.075449124,-0.10845051,0.09211196,0.040971175,-0.082130454,0.108542047,-0.085374452,-0.108298108,0.0928239,0.081906304,0.103930198,0.042267658,0.068745352,0.098285124,0.050320912,-0.105142675,0.107464619,-0.03435117,0.107582532,-0.107828788,-0.069508687,0.046836101,-0.089327157,0.105202071,-0.097500265,0.018833576,-0.100011729,0.10024406,0.107906811,-0.104752146,-0.067246579,0.10769476,-0.025897874,-0.089282431,0.092297383,0.108764775,-0.107994273,-0.10871204,0.025954647,-0.10648682,0.094247758,-0.059383519,-0.103819154,-0.046869721,-0.108666584,-0.108347632,-0.033200033,-0.108767785,-0.106818654,0.087000228
bafilomycin b1,KFUFLYSBMNNJTF-MZYUNMTESA-N,D3,0.029266588,0.043864209,0.00599835,0.079731829,-0.086726621,0.093709871,-0.136220783,-0.066288933,-0.138032779,0.107487619,0.112568684,0.056794293,0.072090596,0.000394707,-0.11282561,-0.094672844,-0.088875845,-0.102752663,0.096974142,0.097985603,0.069231041,-0.031915978,0.004356022,0.126377508,-0.045261886,-0.121552125,0.014641288,0.079765975,-0.137631327,0.017282477,0.114309825,0.008680725,0.12144357,0.120106287,-0.107353866,0.002559551,-0.07325127,0.094762735,-0.082624145,-0.13044703,-0.020221364,-0.005270919,0.107606947,-0.066190392,0.101577401,-0.056735098,-0.064368702,0.053830881,0.1215766,-0.057411335,0.028621998,-0.095942326,0.10396789,0.106594294,-0.094573587,-0.073628172,0.040943351,-0.057606641,0.12531893,0.130090237,-0.021294931,-0.029580429,-0.022060664,0.126275808,-0.012868432,-0.083984017,0.120102979,-0.0067445,0.065236948,-0.044300463,0.101531878,-0.063804321,-0.084861435,-0.087534077,-0.128830478,0.078896858,-0.138168871,-0.110419892,-0.11586237,0.037244678,0.129176691,-0.106596522,-0.136694551,0.09794724,0.029650485,-0.139193669,0.131147131,0.102901295,-0.072460547,-0.093617022,0.020842545,0.116172999,-0.005054257,-0.094525672,0.06599734,0.112291791,0.098731771,-0.045943756,0.125053495,0.007260211,-0.092833042,0.059203647,-0.004009439,-0.045580417,0.005699839,0.056459304,0.118776545,-0.01221483,-0.139497504,0.068652019,0.057876807,-0.137844697,-0.049576424,0.009753441,-0.087248184,0.094852343,-0.08165741,-0.137054279,0.131838292,-0.014596032,-0.11995402,-0.10554006,-0.060200639,-0.112210058,0.058315136,-0.115432978,0.04035065,0.121896647
bal-30072,KLFSEZJCLYBFKQ-WXYNYTDUSA-N,D3,0.101291351,-0.099897958,-0.083383724,0.045215663,-0.078545488,0.095279247,-0.0960389,-0.021737872,-0.085087523,0.011987225,0.089403093,-0.105880968,0.105458222,-0.02471127,-0.105521329,-0.105094813,0.081906229,0.055156723,0.101167426,0.029229173,-0.018049087,0.105705485,0.065956019,-0.105115518,-0.095762745,-0.085995883,-0.101733625,-0.018418411,-0.088528931,-0.076843858,-0.098774955,0.105939269,-0.105938032,-0.071504213,-0.10593237,0.018315569,-0.104641289,0.105943017,0.105546378,-0.105661213,0.103415601,-0.010757092,-0.089027047,0.105495811,0.100121155,-0.034557689,0.046435613,-0.009425814,-0.083071359,-0.105709724,0.105820596,0.086708993,0.06869296,0.105940811,-0.024456065,-0.105688594,-0.044907637,0.105547994,0.095571332,0.091320306,0.104837939,-0.10592445,-0.103244267,-0.105923586,-0.105869815,-0.104567274,-0.105874315,-0.10572046,0.104696222,0.04419848,0.074246809,-0.105051726,-0.105163075,0.096815512,0.097743347,-0.049843244,-0.105695605,-0.034311812,0.105863154,-0.069311172,-0.083324857,-0.084286958,0.083296381,0.060640339,0.103201233,0.104356006,-0.034985665,-0.050251972,-0.091096841,0.076371856,0.105364151,0.062431563,-0.105938844,0.094519913,0.103661627,-0.105056211,-0.097243808,0.014952802,0.038229361,0.04811639,0.094499148,0.081758313,0.105536617,0.016624017,-0.105925992,0.103020653,0.105654247,0.068555452,-0.093254998,-0.104764827,-0.105644248,0.103028096,-0.087427847,0.104467437,0.105938211,-0.102530658,-0.098281659,0.105696008,0.104514532,-0.031694345,0.102403589,0.096572831,0.099227488,0.105795853,0.030283883,-0.101959974,0.093800016,-0.105796233
bedaquiline,QUIJNHUBAXPXFS-XLJNKUFUSA-N,D3,-0.095527522,0.040070046,0.053968646,-0.095110349,0.071481004,-0.095691338,0.094382092,-0.095692202,-0.06780567,0.017590821,-0.095692202,0.0767138,0.093044482,-0.095653944,0.095692202,0.095689662,0.095573157,-0.094422601,-0.08824037,-0.091415301,0.092888035,-0.038928725,0.09569212,-0.09569139,-0.012058514,0.095692202,0.055292018,-0.095547825,-0.093216412,-0.09541218,0.017938761,-0.080503128,0.091850176,0.091018856,0.09569034,-0.094363943,-0.087475792,-0.095692202,0.023452327,0.095368162,-0.095667981,-0.048938297,-0.095692143,-0.051066015,0.095612653,-0.079634979,0.095441476,0.095604517,-0.014687167,0.074220225,-0.07743869,-0.094897479,-0.094356909,-0.095689781,0.092360258,0.095624976,0.035273109,-0.095691293,0.09569218,0.094994269,-0.095692202,0.095685638,0.089052357,0.095358379,0.095648721,0.09569072,0.090382472,0.095689498,0.0884232,-0.095686994,0.095689975,0.095088348,-0.093522124,0.095022649,0.094753429,0.088111013,0.095692165,-0.095447399,-0.095663585,0.095587142,-0.063012905,0.095672682,0.095683843,0.095657855,-0.095690519,0.085504331,0.095675476,-0.095293596,-0.095543541,0.095679335,-0.095691346,-0.095542148,0.095692202,0.095639281,-0.060499735,-0.09569189,-0.090143256,0.094216056,0.095670596,0.095681943,-0.083806448,0.082924314,0.095657162,0.095692202,0.091817848,-0.092046224,0.095689796,0.095592201,0.044932809,0.095667712,-0.095692202,0.095647871,-0.095359676,-0.091924496,0.095691994,0.095692202,0.095125571,-0.095388129,-0.035411298,-0.09533862,-0.094129421,-0.095654413,-0.092382893,-0.087827943,-0.095692202,0.095688246,-0.086873628,0.095692113
benzalkonium,VVZBFOKBSDGVGZ-UHFFFAOYSA-N,D3,-0.097622097,0.100524187,-0.104400449,-0.099999577,0.104337335,-0.103628427,-0.103538848,-0.099513002,0.099067859,0.066457905,-0.099274822,-0.10408964,0.079246931,-0.086848184,0.103999943,0.104321666,0.09055078,-0.099180512,-0.060865439,-0.057863336,0.088180795,-0.096358098,0.060612131,-0.081328571,-0.101392053,0.10308782,-0.081120513,-0.009570639,0.104373269,-0.097757049,-0.104443341,0.09489546,-0.068811722,-0.093836091,-0.044600375,0.025235984,-0.103892423,0.004176061,-0.07913024,-0.103686564,-0.080449395,0.082913458,-0.104442991,0.104431465,-0.048682991,-0.102226473,0.082816727,-0.096487932,-0.058741376,-0.097281002,0.086933948,-0.098133884,-0.078459762,-0.088463575,-0.072341047,0.057572469,-0.004892777,0.047952585,0.103809632,-0.103609733,0.103584506,-0.037282646,-0.101813152,-0.085287526,-0.104190946,-0.104059853,-0.102742486,0.036234625,0.10439942,-0.104433991,0.060098395,0.097630106,-0.102961853,0.072310448,0.104337968,-0.103318833,0.074803941,-0.104001284,0.102846116,0.101671495,-0.103235766,-0.100521043,0.10264048,-0.104049101,0.100838087,0.10442099,0.079272196,-0.102725662,0.050505642,0.079728812,0.023543959,0.103404142,-0.102117844,-0.031325657,-0.000162216,0.094159164,-0.104331695,-0.099914774,0.08357469,0.104441427,-0.010933416,0.104443632,-0.057396237,0.086813115,0.023252813,0.055326164,0.104230516,-0.102315836,-0.004411144,-0.058537383,-0.100290231,0.104401305,-0.019965824,0.104430154,0.104417399,-0.103244402,0.103305131,-0.100895099,-0.096823461,-0.102666624,0.101670332,0.10402935,0.102635503,-0.06419193,0.086173236,-0.055087179,-0.098532088,-0.093658336
benzocaine,BLFLLBZGZJTVJG-UHFFFAOYSA-N,D3,-0.102556154,0.086999573,0.102546774,0.102196835,-0.093062587,0.081898853,0.101912506,0.102556132,0.097892389,-0.092787862,-0.102540866,0.059507165,0.101120301,-0.102485932,0.102554776,-0.099087305,-0.081042491,0.100561284,0.101339668,-0.100860275,0.08166261,0.095627613,-0.102554433,-0.039506145,0.102539413,-0.05925997,0.102497853,0.102555551,-0.073578089,-0.074705794,0.051131293,-0.102553986,-0.026534466,-0.095599592,-0.070810705,-0.102537192,-0.094093353,-0.10246782,0.046501223,-0.101871245,-0.10255599,-0.10176947,0.094764538,0.015555649,-0.029419955,-0.102553979,-0.102433361,0.08358857,0.10252247,0.031222424,-0.102555647,0.102257453,0.090017594,-0.102542199,-0.100015379,-0.102534898,-0.034994025,0.099522844,-0.08619877,-0.041766107,-0.053536218,-0.034906842,-0.056074861,0.071576178,-0.083975099,0.093584374,-0.040328331,-0.099577539,0.101083554,0.008312424,-0.101384871,0.101594523,0.068534821,0.100816697,0.098899908,0.102551594,-0.084354408,0.041157898,0.094298325,-0.1016194,0.102097519,0.101722628,0.102519229,-0.092793345,0.102546461,0.026328737,-0.102416717,-0.068840519,-0.009078132,-0.102556191,-0.102537476,-0.101719603,-0.051931329,-0.102503799,-0.102556251,-0.087823197,-0.102554783,0.102556251,-0.099557236,-0.101737656,0.102502748,0.102222696,-0.100113481,0.09834899,-0.035268705,-0.101962604,-0.102395698,0.007967434,0.102490917,0.102076836,-0.08710134,-0.101541199,-0.020232543,0.102345034,-0.102430329,-0.101620331,-0.015098634,-0.102000423,-0.034723185,-0.020650694,0.078382201,-0.091969773,0.101102524,0.05818234,-0.102276996,0.098289356,0.102484986,-0.101449974
benzylpenicillin,JGSARLDLIJGVTE-MBNYWOFBSA-N,D3,-0.09423098,-0.094230197,0.091650277,-0.089400589,-0.094075605,-0.09418913,0.094231032,-0.09253031,0.094228499,-0.094231032,0.093834408,0.094231032,0.094221003,-0.093928128,-0.012341044,-0.084297642,0.092995256,-0.004444069,0.081372149,-0.094231032,-0.090757012,0.094231032,-0.094231032,0.094160363,-0.094230965,-0.094231032,-0.059957188,-0.094230965,0.082528964,0.094200648,0.080982722,-0.094091386,-0.094149448,0.093835816,-0.09423089,-0.09422639,-0.05378918,0.094228394,-0.082697175,-0.094223589,0.094227873,-0.094231032,0.094229773,0.015597266,-0.094231032,0.091375627,-0.094231032,-0.091603912,0.090308174,-0.093917429,0.094231032,0.077755712,-0.018867368,0.094231032,0.094230711,-0.094230995,0.093581416,-0.068208888,0.094231009,-0.004318366,-0.039413866,-0.094231032,-0.093948819,-0.071045399,0.086300649,0.094230264,0.04728429,-0.085262038,0.094181493,0.09422338,-0.093874954,-0.094231032,0.094230995,0.017897587,0.092406183,-0.094231032,-0.094230831,0.094229415,0.094156474,-0.094231017,0.094005838,0.09415286,0.094231032,0.094219416,-0.076397628,-0.094230957,0.091200359,-0.068079889,0.094229043,0.094193064,-0.094230987,-0.094230928,-0.094230838,0.092308238,0.094227761,-0.094230987,0.094230801,0.094143361,-0.094231032,-0.094111882,0.094156966,-0.094095945,0.09401916,0.094231017,-0.094231032,0.094227962,0.090862311,-0.094231032,0.094230495,-0.092705064,-0.094228238,0.094230831,0.01196676,0.094163276,-0.094230495,-0.094231032,0.047345489,0.094231032,-0.09297806,-0.08296971,0.093961611,0.093340077,-0.094230436,0.094147265,-0.080893293,-0.094231032,-0.09421587,-0.094230652
berberine,YBHILYKTIRIUTE-UHFFFAOYSA-N,D3,0.096640505,0.097055465,-0.008821976,0.097109087,0.097111657,0.006365872,-0.097112268,-0.09689901,-0.09609881,-0.076586299,0.09658394,-0.097109117,-0.034407988,0.0971037,-0.097015359,0.096931368,0.087415814,-0.097110026,-0.097097956,0.044779483,-0.095147036,0.01938601,-0.096965618,0.088384651,0.089299463,0.097036682,0.081090689,0.096926183,0.091385067,-0.085640393,0.088944718,0.09710782,-0.083454981,-0.093302548,-0.082654424,0.09711235,0.093713008,0.097111069,0.09689942,0.09704598,0.096752517,0.097111955,0.083551288,-0.096889757,0.096388869,0.093680955,0.087064885,-0.064649954,0.096384533,-0.077468388,-0.096845493,-0.097111948,0.074964516,0.012378253,-0.097101271,0.043859806,0.097025163,0.095961638,-0.068587512,-0.096009143,0.065790556,0.095935538,0.096997939,0.094655566,-0.087919518,0.09709698,0.097069964,0.096650161,-0.09711235,0.097034425,-0.096225023,0.004269309,-0.019148916,0.097107328,-0.09711235,-0.055755954,0.096784674,0.071085587,-0.006813834,0.097034231,-0.01085343,-0.096137099,-0.096862286,-0.094652675,0.09469191,-0.096906841,0.0971108,-0.097053893,0.028907822,0.083981857,0.09711235,0.094117276,-0.096918911,0.091560028,-0.09693142,0.095574968,0.09086293,-0.09711121,0.096300937,0.095914297,0.096759386,-0.097097464,-0.096999682,-0.094731115,0.097076543,-0.097091883,0.097098865,-0.096854813,-0.070105381,0.078674704,-0.093326017,-0.09711235,-0.097110249,-0.097112224,0.096853249,0.093345061,-0.097110592,-0.086279973,-0.096817777,0.097111307,-0.034866817,0.065426387,0.086787425,0.096084878,0.097112335,0.094896853,-0.094987161,0.093627572
besifloxacin,QFFGVLORLPOAEC-SNVBAGLBSA-N,D3,0.069914468,-0.120936796,0.083229497,-0.015575611,-0.112684712,0.120690912,-0.109536365,0.058863107,-0.122802868,-0.085533835,0.115283743,-0.067769058,0.119278595,-0.047599889,-0.112629764,-0.123625144,-0.099364549,-0.115304425,0.100051723,-0.078660972,0.101121426,0.116082206,0.009513102,-0.10699369,-0.052002028,-0.10518533,0.072546802,0.020824669,-0.114622675,-0.113386869,0.109934568,0.106585898,-0.117705807,-0.080863729,-0.115226611,-0.071432747,-0.099624403,0.12364579,0.097594589,-0.106112845,0.051537249,-0.08512371,0.072304986,0.106063999,0.110314429,-0.086865284,-0.119201094,-0.013600724,0.039001893,-0.106297582,0.030782551,0.072339229,0.116168208,0.103841633,-0.058144718,-0.120073698,0.089086831,0.104548976,0.102542587,0.110967964,-0.072536476,-0.111201271,-0.104507364,-0.034233943,-0.020043097,-0.062744223,-0.002752064,-0.0906462,0.00621838,0.110789977,-0.010676185,-0.041511968,-0.001572321,0.033112485,-0.039324861,0.087719262,-0.123851411,-0.080799237,0.08341036,-0.105343059,0.117997885,-0.086811066,0.0357951,0.107455328,0.119509898,-0.121321052,-0.011492109,-0.095674969,-0.053469047,-0.117806718,0.024233766,0.013167746,-0.008407639,0.020458996,-0.111940473,-0.110479899,-0.102459058,0.105643161,0.11967475,-0.059995636,-0.00248384,0.09304101,0.067174256,0.052121516,-0.118150137,-0.088148475,0.086059816,0.040216241,-0.103450678,-0.088483058,-0.107087545,-0.116402835,-0.082016461,-0.083089091,0.093949452,-0.016359031,-0.086180128,-0.10874372,0.118853748,0.087684251,0.10396339,-0.04412679,0.002860646,0.037157815,-0.056943394,-0.120075963,0.079145432,-0.025972268
bleomycin,OYVAGSVQBOHSSS-WXFSZRTFSA-O,D3,-0.098894216,0.098876454,-0.098754443,0.098907672,-0.096449301,0.098904841,-0.09890835,0.098908231,-0.01829404,0.098755307,-0.098596416,-0.098878101,-0.09763819,0.098846257,-0.069504373,-0.052445017,-0.083888449,0.098073766,0.098621354,0.065224648,0.092249155,-0.098425299,-0.075926207,0.09644673,0.09871123,-0.097879246,-0.070555076,-0.09211871,-0.097772606,-0.098806083,-0.089002497,0.098900728,0.089244425,-0.098101512,-0.097971238,-0.09533868,0.002909448,0.006054783,-0.098328374,-0.098907657,-0.098897539,0.098708346,-0.037485518,0.095033944,0.091491349,-0.096928716,0.095715061,-0.098792322,0.018489396,-0.012459034,0.098901629,0.061560877,-0.098809913,-0.078868158,-0.098907292,-0.095096782,0.097985491,0.098908439,0.098804489,-0.098541103,0.095868401,-0.098905914,-0.098097689,0.098888993,-0.073674902,-0.061112344,-0.0884642,0.036341831,-0.098254606,0.098809123,-0.072590612,-0.08999671,-0.094570346,0.094405919,0.098835275,0.098904081,-0.098829359,-0.098861851,-0.090936296,0.081861697,0.098906666,-0.098741218,-0.098905928,0.075063698,0.097770035,-0.098386958,-0.071378447,0.084569126,-0.098506488,-0.094567806,0.014163227,-0.030443793,-0.098822817,-0.098855637,-0.060476635,0.09374924,-0.098908342,0.096362107,0.041995104,0.095130093,-0.039528679,0.098503977,0.067694284,0.08407867,-0.098905653,-0.058861472,0.026927181,0.086555779,-0.098584093,-0.098732889,-0.094024152,-0.098907642,0.089789629,0.069097415,-0.003879141,0.098731309,-0.098838776,-0.098602623,0.098904312,-0.097857647,-0.09831515,-0.098856978,-0.083117083,-0.097794458,0.06611222,0.09592139,0.098903708,-0.096276082
caffeine,RYYVLZVUVIJVGH-UHFFFAOYSA-N,D3,0.091743022,0.091743022,0.091743022,0.091742948,-0.091743022,-0.091743022,0.071242116,0.091743022,-0.086670287,0.091743022,-0.091743022,0.091742977,0.087527744,-0.088131666,0.091743022,-0.037368733,0.08803907,0.091743022,-0.091743022,0.091649078,0.091743022,0.085431628,0.041999016,-0.091743022,-0.091741987,-0.089484058,0.091742888,-0.091740958,-0.091743022,0.091743022,0.070378818,-0.091742024,0.089802079,-0.08666607,-0.091743022,-0.091743022,0.091742583,-0.091743022,0.021915376,-0.091743022,-0.091743022,-0.091740482,0.091743022,-0.091743022,0.091743022,-0.091743022,-0.091717958,0.091743022,0.091743022,0.091743022,-0.091743022,-0.037592929,-0.091743022,-0.091743022,-0.091743022,0.091743022,0.091743022,-0.091730073,-0.091743022,-0.091743,-0.091743022,0.091741696,0.091742851,-0.090301201,0.091742709,-0.091742992,-0.09174297,-0.091052741,0.091743022,-0.091743022,-0.078004502,0.091743022,-0.091743022,-0.091729797,-0.091736436,0.091743022,0.091743022,-0.091743022,-0.09172935,-0.091742031,0.058362477,0.030844435,-0.09174186,0.086001359,0.048034787,0.091740169,0.091743022,-0.091743022,-0.091743022,-0.091743022,-0.088540547,0.091742575,-0.091743022,-0.091743022,-0.086033911,0.090879917,-0.091743022,0.091743022,-0.091743022,-0.091668554,0.090010785,-0.091734566,-0.091743022,-0.091743022,0.089559346,-0.091743022,0.09159299,-0.091743022,0.091743022,0.091740884,0.090107016,0.091743022,-0.091681786,-0.088822693,-0.006680469,0.091567695,0.091734089,-0.091743022,-0.090435609,-0.082207009,-0.091743022,-0.091743022,-0.091743022,-0.091743022,-0.091742933,-0.091740631,0.090839498,0.091743022
capreomycin,VCOPTHOUUNAYKQ-WBTCAYNUSA-N,D3,-0.099946968,0.094231568,-0.102195442,0.102846138,-0.097367629,0.102428712,-0.103391677,0.101383083,0.051766213,0.100839779,-0.044499628,-0.089449301,-0.09870699,0.10334754,-0.102785759,0.102730982,-0.084666133,0.035842534,0.071324766,0.100764044,0.096279539,-0.071140118,0.030179858,0.07995002,0.10166847,0.100883625,0.036877934,-0.070489749,-0.095920131,0.004847029,-0.102854431,-0.049019683,0.043533821,-0.098832227,-0.084663503,0.054197688,0.101902276,-0.101696692,-0.087459967,-0.102399603,-0.085230656,0.099797197,-0.10237582,-0.067532413,-0.099896528,0.075844556,0.030724177,-0.014811803,-0.101711191,-0.092914246,0.102050029,0.076402374,-0.102604918,-0.102688998,-0.090343475,-0.071111903,0.064114362,0.099899568,0.099533521,0.08879973,0.080199964,-0.099177733,0.081573032,0.103135519,-0.078434154,-0.103034444,0.073102996,0.030863134,-0.099161513,0.103394791,0.096469693,-0.086776949,-0.048249934,0.095331617,0.052497879,0.102995567,-0.093274899,-0.103303261,-0.103394151,0.098167762,0.103355393,-0.088796198,-0.103339478,0.101924181,0.10310486,-0.091019072,-0.096885696,-0.061465576,-0.085322224,-0.10112796,-0.097985603,-0.085133582,0.10236802,-0.1033087,-0.088438675,0.103328794,-0.103270784,-0.07151895,0.068025798,-0.099268876,-0.087866396,0.073231161,0.017499335,-0.057817675,-0.092494912,-0.102458879,-0.095796943,0.102563389,-0.067136906,-0.012234966,-0.100838505,-0.103396192,0.103337362,0.091895737,-0.102990918,0.100487776,-0.101472847,0.019194672,0.10314589,-0.103145614,-0.07127247,-0.101661116,-0.098737724,-0.10309533,-0.092299983,-0.070675261,0.103379801,-0.044918418
carbenicillin,FPPNZSSZRUTDAP-UWFZAAFLSA-N,D3,0.054275475,-0.100440457,-0.093304262,0.058114503,-0.100117192,-0.100430422,0.10046766,-0.100449428,0.089396104,-0.100467436,0.100387283,0.10042017,0.100444816,-0.023513619,-0.090824954,-0.096621037,0.019225337,0.099541105,0.03722351,-0.097406603,-0.0417227,0.100467987,-0.100466371,0.096110225,-0.084838003,-0.100464329,-0.100269683,-0.098340981,-0.039092489,0.098954543,-0.049105294,-0.099616505,0.059836175,0.100465171,-0.100112453,0.016612569,-0.09819781,0.100407049,0.054202978,-0.099424772,0.100431919,-0.100467987,0.099250011,0.100367874,-0.10045743,0.06765525,-0.000334949,-0.094081096,-0.100339845,-0.100467235,0.100394942,0.023212433,-0.099816106,0.100465149,0.100467548,-0.094222404,0.089214943,-0.09948644,0.05641906,0.062774569,-0.094838552,-0.099087648,-0.097350165,-0.059709795,-0.070497215,0.086574204,0.094405465,-0.100440554,0.098197013,-0.045451038,-0.091274805,-0.100454926,0.100310862,0.097772136,-0.082323879,-0.100198187,-0.098843813,0.045628358,0.099014424,-0.100463599,-0.080192678,-0.037325632,0.097022615,0.099069238,0.098808475,-0.077052571,-0.081687726,-0.099387877,0.097575665,-0.080044225,-0.043407045,-0.096299566,-0.100431673,-0.026753852,0.098892108,-0.058678128,0.100375511,-0.081103429,-0.099721983,-0.100433923,0.093676507,-0.099887259,0.067443468,-0.019789059,-0.096970566,0.100457013,0.082581758,-0.100464143,0.100356616,-0.081090942,-0.071383089,0.100349553,-0.068858556,0.100390837,-0.099947542,-0.100468032,-0.085296743,0.100460477,-0.100379094,0.065253116,0.100007638,0.099342972,-0.100227781,0.056273848,-0.100160778,-0.100430921,-0.098258652,-0.10041295
cccp,UGTJLJZQQFGTJD-UHFFFAOYSA-N,D3,-0.100632362,-0.09998998,0.099226817,0.094837263,-0.046188012,-0.07649371,-0.098318912,0.100585982,0.007418781,-0.100632057,-0.094510533,0.099415123,-0.100590415,-0.076259784,0.100361459,0.100019604,-0.089406714,-0.07576929,-0.096961319,-0.100594096,-0.100621149,0.100502476,-0.100612618,0.065459795,-0.009505115,-0.100540929,0.100629486,0.100629203,0.098340712,0.09709087,-0.089572497,0.065205574,-0.099763088,0.100233808,-0.003829279,0.021521399,-0.057165176,-0.089434005,0.070268355,-0.051715143,-0.100589499,-0.099844135,-0.099834658,0.07062836,-0.096040308,0.062046587,-0.100624062,-0.099691123,0.099497646,-0.072956368,0.005096694,-0.07567852,0.100601733,0.091159254,0.091996096,-0.100489736,0.017329328,0.100503296,0.06864132,0.057318758,0.081976086,-0.100585513,-0.099900194,0.075193383,0.079153068,0.100406691,-0.095906898,-0.100291111,0.02116981,0.064077802,-0.100604586,-0.097700045,0.098414674,-0.100068532,0.100618608,-0.09735769,-0.100628465,0.08638563,0.100531094,-0.100630753,-0.100217476,0.100419089,0.10061413,0.098409377,-0.056485884,-0.062756702,-0.100631483,0.09924069,0.100307666,-0.055125244,-0.096033633,-0.100606866,-0.100438684,0.099770971,0.030161921,-0.1005041,0.006868078,0.100049697,-0.100631163,0.049506202,-0.100463212,0.025907323,0.096054159,0.100267284,0.022088237,0.100419261,-0.098751433,-0.077832423,0.100631885,-0.099362105,-0.073700242,0.094157703,0.09831173,-0.096375957,-0.088633284,-0.100632362,0.03047845,0.089843303,-0.09784019,0.094999038,0.100617938,0.087664239,0.100600742,0.099808276,0.100096919,0.092980944,0.100569427,-0.100632288
cefaclor,QYIYFLOTGYLRGG-GPCCPHFNSA-N,D3,0.097141154,-0.097497337,-0.097472832,0.097282842,-0.097502686,-0.048355751,0.097099937,-0.097464226,0.097504705,-0.097505905,0.097505823,0.097505748,0.097504951,0.087639712,-0.093804047,0.097227611,-0.046046063,0.097083762,-0.03757387,-0.091945,0.045044113,0.097360238,-0.096159518,0.097505651,-0.097501665,-0.097505488,-0.091151766,-0.097185858,0.097441249,-0.082610011,-0.09750241,0.089687534,-0.04704858,0.097505301,-0.097505786,0.089839138,-0.097232752,0.097432606,0.068141863,-0.021917917,0.097505912,-0.097502925,0.093021393,0.000181571,-0.09750586,0.09750028,0.092487499,-0.09750586,-0.097505912,-0.097494975,0.097505279,-0.042976748,-0.097498424,0.097473361,0.097505949,-0.097421706,-0.093515538,-0.093717866,-0.096905552,-0.064800017,0.034175862,-0.097473033,-0.080874085,-0.097504482,0.092389144,0.037861273,0.06952662,-0.097505443,-0.066922218,0.097488955,-0.096500754,-0.097498342,0.09750542,0.052289605,-0.0973294,-0.09750542,-0.095100671,-0.078406103,-0.090195231,-0.097481072,0.096618161,-0.022597075,0.070200227,-0.096974954,0.056707803,0.097489871,-0.097377598,-0.088910021,0.096051134,0.091599517,-0.04735519,-0.091667689,-0.097505726,0.023754325,0.0974999,0.040442999,0.097458236,-0.097496048,-0.097019434,-0.097505346,-0.03453853,-0.097505845,-0.092611045,-0.097504847,0.018919846,0.097497754,-0.097475924,-0.097504653,0.097476639,0.059408847,0.094285287,0.091972664,-0.057872307,0.09713579,-0.097505599,-0.097505949,0.079417072,0.097504333,-0.097330332,-0.097452424,0.093113601,0.097456686,-0.092723764,0.096430175,-0.095745981,-0.097505882,-0.097501963,-0.097505674
cefadroxil,BOEGTKLJZSQCCD-UEKVPHQBSA-N,D3,0.059130881,-0.105686083,0.105258219,0.027802372,-0.103303574,0.058468871,0.09367314,-0.10356883,-0.106023043,-0.106777504,0.106771566,0.106733836,0.1067532,0.01442336,-0.105319455,-0.106434315,-0.082921557,-0.079386204,0.101564869,-0.103150442,0.066868797,0.105423436,-0.105100781,0.10673929,-0.10511259,-0.10677743,-0.077851996,-0.081880622,-0.106099941,0.053487167,-0.105396502,0.061448768,0.033942994,0.106742136,-0.103265762,-0.011937928,-0.1066425,0.104627088,0.102517478,0.100081787,0.106773973,-0.106597185,0.081300862,0.067559704,-0.106608748,0.07230068,-0.106554449,-0.106772065,0.095371656,-0.07696268,-0.026991207,-0.032991767,-0.040501621,0.105577886,0.10677503,-0.105216786,-0.012768459,-0.080631249,0.039316256,0.106683321,-0.007852804,-0.103653774,-0.105765231,-0.103334583,-0.001634511,0.029711552,0.106754296,-0.058874767,-0.106177688,0.106731124,-0.027682824,-0.105596527,0.106683962,-0.083298802,-0.079406649,-0.106696829,-0.106615469,-0.101974338,-0.072141506,-0.106773011,0.106600121,0.10392686,-0.085417949,-0.097152151,0.082099266,-0.105924994,-0.104591206,-0.085711598,0.072839908,0.022343863,-0.083046399,0.099352598,-0.045469925,0.012249655,0.067053519,-0.028271241,0.106642395,0.097888708,-0.016089581,-0.106752537,0.045554835,-0.10669896,-0.106169753,-0.011315805,0.094437398,0.106383517,-0.104990207,-0.104349844,-0.094668023,0.084930912,0.103930414,-0.01456979,-0.106476985,-0.059619006,-0.106747404,-0.100103728,-0.086625919,0.105752133,0.058729086,-0.074286662,-0.032673448,0.103997529,-0.039521035,0.08509849,-0.104188547,-0.106740884,-0.106766343,-0.071904391
cefalexin,ZAIPMKNFIOOWCQ-UEKVPHQBSA-N,D3,0.079330102,-0.052664559,0.030278528,0.102840811,-0.042731822,-0.06494341,-0.026960071,-0.126946405,-0.125819176,-0.124251284,0.127588019,0.104039922,0.127382606,0.089725092,-0.124998033,-0.064226471,0.013782642,-0.058161363,0.096344426,0.080374166,-0.086817689,0.080360457,-0.112506531,0.126237243,0.013516815,-0.127648413,-0.019582612,-0.071442164,-0.110710897,-0.016352113,-0.027846975,-0.01299509,0.111815058,0.127336115,-0.028475741,0.113058746,-0.101368122,0.126833946,0.109367743,0.043291081,0.127778649,-0.119349271,0.108007595,0.081683405,-0.089193605,0.083272018,-0.002734066,-0.127304241,0.012298602,-0.052479815,0.044450309,-0.09674409,-0.081794187,0.119632185,0.110407002,0.028473379,0.07776507,-0.074022971,0.078239635,0.119597368,0.054762781,0.039484344,-0.044160437,-0.075270191,-0.106365986,0.021043722,0.128179163,-0.019156311,-0.122056156,0.097482048,0.001647636,-0.113512218,0.083952568,0.040191002,-0.122514606,-0.07202372,-0.119161852,0.052715953,0.059557326,-0.116619535,-0.017486768,0.0234189,-0.125867113,-0.097244002,0.105817318,-0.11427971,-0.070566244,-0.052446652,0.046288084,-0.014435452,0.101887658,0.094012514,-0.088144422,-0.040136751,-0.032267753,0.018294241,0.122968145,-0.092515625,0.029181696,-0.122558855,0.072543152,-0.124753386,-0.079041675,-0.088374123,0.125725925,0.123496525,0.032350924,-0.126561835,-0.110742152,0.018024936,0.109535031,-0.076833151,-0.127340436,-0.087548263,-0.124041088,0.022411531,-0.106402136,0.052283961,-0.034992162,0.103303611,0.055710055,0.09055867,-0.035936654,0.103942037,0.104616784,-0.055524424,-0.120041609,0.109673008
cefaloridine,CZTQZXZIADLWOZ-CRAIPNDOSA-N,D3,0.083318025,-0.101604499,-0.098945521,0.101187527,-0.089769363,-0.099339724,0.103737026,-0.103776187,0.036783554,-0.103798971,0.103797443,0.103425905,0.103525884,0.002671074,-0.102191612,-0.082003862,0.084068976,0.006396936,-0.093836151,-0.033601545,0.032936141,0.101943873,-0.01758974,0.103778854,-0.085230775,-0.103798576,-0.102137476,-0.102955729,-0.016683232,0.074667484,-0.028351096,-0.059661645,0.103440866,0.103797257,-0.103328593,0.096740954,-0.103605174,0.099149331,0.098641932,0.072433501,0.103797443,-0.103599951,0.091334835,-0.005176449,-0.103784144,0.103180408,-0.045696635,-0.103475295,-0.067228161,-0.089687526,0.065658748,-0.101477444,-0.094660029,0.103767946,0.103798002,0.046086617,0.029951887,-0.103643171,-0.060790814,0.101709202,-0.068828002,-0.004844984,0.067348912,0.034464329,-0.095203675,0.066694707,0.101624861,-0.094929874,-0.099886753,0.083067022,0.088206589,-0.102757238,0.103705525,-0.091437191,-0.100082763,-0.103727423,-0.081089541,-0.091235422,-0.044470597,-0.103685401,0.094425239,0.096767537,-0.100089036,-0.086872317,-0.103505269,-0.095062539,-0.098983563,-0.089912452,0.072802804,0.090036571,-0.04460571,0.095795833,-0.101450622,0.091587655,0.103257872,-0.035286326,0.103797033,-0.103480391,-0.074469171,-0.10282623,-0.042946771,-0.103792638,-0.084054343,-0.099680446,0.1005731,0.100190602,0.045417916,-0.103488192,-0.05654297,0.099990591,0.102929093,0.102353647,-0.103492297,0.10084796,-0.103797294,-0.103651978,-0.097956389,0.103523597,-0.102074713,-0.097189263,0.023762342,0.092395335,-0.103724822,0.058175117,0.044014592,-0.091527812,-0.103794113,-0.101109572
cefalothin,XIURVHNZVLADCM-IUODEOHRSA-N,D3,0.093559518,-0.093560405,0.0930852,-0.070919521,-0.093559682,0.089606233,0.093538813,-0.090542831,0.093550511,-0.093560405,0.093560405,-0.093435183,0.093558915,0.093426824,-0.093560405,-0.093560286,0.093498714,-0.028733646,0.093557648,-0.093533784,0.093560405,0.084888384,0.093558989,-0.093560219,-0.093560405,-0.093558304,-0.093559846,-0.093560405,-0.086121835,-0.093516827,-0.093560405,0.057763737,-0.093560375,0.092872523,-0.09353403,-0.093545243,-0.093560405,0.093560249,0.093560137,0.093309902,0.093560405,-0.093560316,-0.048486233,-0.089819312,-0.093560405,-0.092772134,-0.093558528,-0.093556002,-0.070132859,-0.093194574,0.093502283,0.093559928,-0.093558826,0.093560405,0.093560405,0.092265636,-0.093527205,0.014917904,0.014664133,0.087796465,0.093464173,0.092298023,0.089999132,0.092275679,-0.01613784,0.093552664,-0.08789476,0.031920735,-0.093560338,0.093560405,0.093559936,0.092601784,0.090610787,-0.093558088,0.093559131,-0.093560405,0.091438971,-0.093560405,-0.093560204,-0.093556814,0.093560405,0.093560264,0.093551964,-0.093560405,0.092726126,0.093560323,0.09353859,-0.054555297,-0.093560405,0.085805595,-0.081780292,-0.030521471,0.026100334,0.093559779,-0.089801662,0.093108751,-0.081585117,0.092845716,0.093354911,-0.093560405,0.093560405,-0.093560405,-0.093142673,0.088810347,-0.093271963,-0.093560405,-0.093554094,0.093560405,-0.093474351,0.092191659,0.093560241,0.092953689,-0.093560375,0.072038308,0.08512152,-0.092767976,-0.086475924,0.093560405,-0.011657668,-0.093560405,-0.093537159,0.093180291,-0.092749044,-0.093522027,-0.064617179,-0.09249109,-0.093559697,-0.093559995
cefamezin,MLYYVTUWGNIJIB-BXKDBHETSA-N,D3,0.003554448,-0.098096363,0.097365826,0.013463921,-0.098051243,0.075018905,0.098080479,-0.098082125,-0.020541685,-0.098097228,0.098095916,0.098096743,0.098061495,-0.048725486,-0.095558159,-0.041858997,0.087683894,-0.051570188,0.095302463,-0.098094873,0.09375079,0.098091818,-0.097235948,0.097917013,-0.098096281,-0.098097228,0.0805986,-0.09805084,0.055427589,0.097095951,-0.09809719,-0.097904697,-0.098056681,0.09809716,-0.098096773,-0.097401783,-0.09809684,0.003057449,0.097985007,0.045823738,0.098097228,-0.098091953,0.035916112,-0.019261774,-0.098097228,-0.057185855,-0.09809655,-0.096645169,-0.096788839,-0.09796299,0.081997752,0.007600024,0.047109481,0.09809579,0.098097228,-0.098096631,-0.088634998,0.09450268,0.098090015,0.097956575,-0.031316482,-0.098096907,-0.09778215,-0.078836158,0.047495056,0.060843647,0.083971739,-0.09694095,-0.098096818,0.098097131,0.097870335,-0.098096177,0.098096922,-0.098021552,0.097287133,-0.098097228,-0.079132214,-0.097778924,-0.097959988,-0.098097228,0.098097228,0.098093756,0.095285542,-0.098093994,-0.096674412,-0.09787751,0.050984316,-0.098095663,-0.08920873,0.089400791,-0.097415917,0.092768155,0.058243327,0.004616701,0.085248858,-0.09628351,0.098084189,0.013493323,-0.096663281,-0.098096251,-0.076674029,-0.098095253,-0.098096743,0.094872423,-0.098095253,0.097373173,-0.095131084,-0.097913608,0.09699554,0.09803576,-0.019090204,0.097563654,-0.097622216,0.098016687,-0.098097228,-0.098097228,-0.047103364,0.098097228,0.0979544,-0.09809716,0.095843606,0.098094851,-0.097691298,0.075674228,-0.097909771,-0.098097228,-0.098096102,-0.098092362
cefapirin,UQLLWWBDSUHNEB-CZUORRHYSA-N,D3,0.09702228,-0.100378856,-0.104072422,0.104082569,-0.055045947,-0.102541998,0.10189043,-0.101619214,0.10391403,-0.10408891,0.104121216,0.095924377,0.076559998,0.087787621,-0.103716537,0.006149129,0.081103034,0.102751695,0.015684724,0.091595858,0.036697146,0.089641266,0.06352368,0.087202154,-0.008940872,-0.10370329,-0.102465421,-0.099922679,0.099138618,0.080305591,-0.103531599,0.010058058,0.102332443,0.104077555,-0.065347515,0.094810791,-0.101428926,0.0749138,0.004867575,-0.03885749,0.10411711,-0.102750011,-0.100770928,-0.002837837,-0.10411337,0.103509039,0.064027555,-0.103731044,-0.103783712,-0.103210069,0.103619665,-0.057056364,-0.103985704,0.104014844,0.104122184,0.091733426,0.084487841,-0.101259813,-0.102669731,0.103410386,0.040201731,-0.093848661,-0.102022417,-0.090851732,-0.051530346,-0.026171885,0.102016583,-0.099723518,-0.09305615,0.104029343,0.098892421,-0.103921495,0.104107507,-0.100785628,0.052537348,-0.103692912,0.093281291,-0.098184817,-0.070564494,-0.095083348,0.052292015,0.031993449,0.050939366,-0.009503512,-0.089824356,0.096892282,-0.104112476,-0.086353511,-0.028477592,0.081955917,0.062876351,0.05443776,-0.077963203,-0.08455082,0.103170648,0.101555556,0.103723705,-0.104029804,0.00369868,-0.103672363,0.050805841,-0.104120128,-0.039338209,-0.10364601,0.101709947,0.103637747,-0.100407675,-0.075262547,0.018559078,0.092985347,0.10315904,0.100870579,-0.093796335,0.10379795,-0.104116365,-0.103258394,-0.070948035,0.104121774,-0.103049561,-0.10277798,-0.03938432,0.104042538,-0.103239894,-0.102183834,0.013824755,-0.10349191,-0.099405028,-0.104039818
cefdinir,RTXOFQZKPXMALH-PRHODGIISA-N,D3,0.030070998,-0.098127745,-0.099410877,0.091227874,-0.096506476,-0.103836305,0.103814915,-0.103934556,-0.06652128,-0.104666807,0.09849938,0.104392074,0.08793202,0.093457542,-0.101475045,-0.048334368,-0.095764183,0.104640767,-0.08637169,0.082541727,-0.096076742,0.104708917,-0.103425086,0.10101068,0.017097803,-0.102915913,-0.097024858,-0.103767201,-0.093787931,0.094592489,-0.090816066,0.089524925,0.08629626,0.104616769,-0.096932679,0.09694279,0.022421414,0.098291621,0.076443195,-0.103195466,0.104503028,-0.104678534,0.081364602,0.101991042,-0.102981284,0.0744275,-0.09532579,-0.087190196,-0.104227975,-0.103496678,0.097053699,-0.081602938,-0.077814281,0.103825137,0.104625016,-0.097577244,0.059122656,-0.037493005,-0.041161072,0.065175146,-0.086511344,-0.104656354,-0.094810441,-0.099910729,-0.074441604,-0.037797354,0.096139699,-0.103292838,0.082069747,0.101518497,-0.091623105,-0.104680605,0.103746735,0.09623909,0.018247165,-0.09902931,-0.102337077,-0.093371689,0.077531435,-0.104566842,0.099803887,0.038839869,-0.060040209,0.101600669,0.042674296,0.017956957,-0.103499249,-0.102802418,0.075793661,0.079707667,-0.057749048,-0.098579898,-0.104003422,0.004152888,0.04795035,-0.016267728,0.101274982,-0.078473061,-0.09707763,-0.10458672,-0.076722428,-0.104555942,0.068971336,-0.101901524,-0.024970727,0.104695529,-0.003776368,-0.10460072,0.101894014,-0.101171583,-0.025288684,0.099372648,0.001364511,0.103066392,-0.095335484,-0.104533181,-0.095542192,0.104570687,-0.102133259,-0.019884786,0.096656621,0.076521188,-0.089047059,0.075802721,-0.102765344,-0.104180574,-0.069111437,-0.095970944
cefepime,HVFLCNVBZFFHBT-ZKDACBOMSA-N,D3,-0.09742482,-0.102350019,-0.074225724,0.103376791,-0.103469133,-0.007832916,0.075810522,-0.053212386,0.103390716,-0.103414111,0.055061523,0.103465475,0.103067406,-0.089320317,-0.066408269,0.069294475,-0.08156956,0.102996193,-0.0006862,-0.004769253,-0.10018757,0.098674864,-0.103466645,0.103513084,-0.038222637,-0.10343755,0.099578582,0.102386266,0.100608155,-0.067592703,0.017702235,-0.039095916,-0.086177476,0.097500548,-0.103217609,0.10099218,0.03211458,0.103022374,-0.035962824,-0.09772931,0.103497766,-0.103310429,-0.048558857,0.102971964,-0.101422146,0.102719285,0.063650429,-0.103515059,-0.099895298,-0.102989823,0.103498876,0.102428585,0.013148119,0.096247531,0.103510894,-0.102973066,-0.102674313,-0.045192949,-0.088487945,0.036548089,0.097297512,-0.10350924,-0.103415601,-0.103515811,0.097913459,-0.066088401,-0.100201689,-0.103514902,0.103399895,0.093663521,-0.103386723,-0.10349863,0.103461131,-0.081651501,0.076817848,0.070241824,-0.103513457,0.03916128,0.103389174,-0.103380457,-0.091783598,-0.086948723,0.081164859,0.089632057,0.02166526,0.089137234,-0.103421658,0.006184289,0.10344331,-0.005859294,-0.045202389,-0.103412323,-0.103516057,0.088414043,0.103410482,-0.093084544,0.103318594,0.089924954,-0.10212484,-0.103492245,-0.09868414,-0.103106849,0.07659518,-0.100339979,-0.085125819,0.103515834,-0.10344483,-0.103459388,0.103014857,-0.092834495,-0.099392392,0.103490554,0.103152588,0.082368799,-0.073355809,-0.103499949,0.101156376,0.098872617,0.018982073,-0.050358534,0.103477441,0.003647411,-0.045730378,0.103014402,-0.102946676,0.012029805,0.051486246,-0.103515327
cefiderocol,DBPPRLRVDVJOCL-FQRUVTKNSA-N,D3,0.103570096,-0.001963065,-0.040402293,0.11453063,-0.123015359,0.073597193,-0.126758412,0.012378596,0.009456361,0.124786355,-0.047536191,-0.121065952,0.120494843,-0.04533869,-0.084240325,0.01819657,0.095338777,0.001248416,0.122964218,0.108630002,-0.10844861,-0.048985299,-0.110849738,-0.014742965,-0.018545158,-0.030599015,0.086350687,-0.043762207,-0.089783631,-0.092556752,0.042978417,0.123278692,-0.126523793,-0.093513809,-0.1279172,0.084072791,0.038964596,0.128338218,0.057733104,-0.127006307,-0.025227245,-0.084055655,0.026817014,0.116841227,0.075277805,0.105755366,0.038203023,-0.118145823,0.084203802,0.004544659,0.126641408,0.118874289,0.108785175,0.088573962,-0.112864785,-0.094541386,-0.025811318,0.083433561,-0.014192007,0.053800914,0.127809539,-0.125355527,-0.093467623,-0.126529768,-0.120510705,-0.089823738,-0.124188766,-0.121894538,0.126015618,0.043344252,-0.089756936,-0.126367703,-0.030868668,0.070733458,0.044733647,0.124075636,-0.128196716,0.086251527,0.119774841,-0.064100958,-0.017382862,-0.078414276,-0.005987171,0.123316012,0.060245819,0.09289813,0.059912022,0.072640069,0.004254878,0.029089531,0.064536326,-0.109712914,-0.128220171,0.109861262,0.016199123,-0.105414495,-0.041285001,0.098639257,0.04058411,-0.016395936,-0.039226059,0.038038209,0.125571206,-0.073152721,-0.122538581,0.125640273,0.081723057,-0.079597242,-0.122668825,-0.097281493,-0.121286817,0.025454823,0.051978797,-0.006396296,0.127224535,-0.034613319,0.04948356,-0.045441564,0.125464395,0.061950568,0.074259564,-0.118298694,0.021692747,0.125245914,-0.023610484,0.077403866,0.125787273,-0.067308642
cefixime,OKBVVJOGVLARMR-QSWIMTSFSA-N,D3,0.018859519,-0.103167675,0.097529456,-0.050642475,-0.079270758,-0.0123293,0.075276144,-0.102291286,-0.101179421,0.102208398,0.077488631,-0.103201613,0.103217907,-0.103061996,-0.103131734,-0.102278836,0.103038616,-0.102260455,0.10328421,-0.10281577,0.094444893,-0.019890195,-0.103055149,0.007078972,0.022059366,-0.031180114,0.077714853,0.071332023,-0.103214048,-0.014724554,0.089737318,-0.097687677,-0.103281923,0.096511804,-0.101148315,-0.10173738,-0.103222854,0.103283256,-0.034292888,-0.073956609,-0.034476835,-0.096004851,0.103204601,0.014260077,0.006178484,-0.102993488,-0.091865815,0.073771127,0.090541288,-0.092522092,0.083301254,0.103283294,0.102768004,-0.095247731,-0.102330901,-0.103119329,0.060861588,-0.092964023,0.091879413,0.102944896,-0.095191829,0.008868253,-0.103278816,-0.065890186,-0.101456203,-0.071514256,-0.102660179,-0.099158153,0.100295432,-0.086344071,0.103072852,-0.101839915,-0.000477581,0.097303756,-0.05159102,0.098004878,-0.098399371,0.103115723,0.099032648,-0.103166439,0.032328151,0.09390422,0.102551222,0.102980733,0.033335205,-0.103273161,0.102823585,0.102480263,-0.103277452,-0.100603022,0.094298847,-0.103200287,-0.101949774,0.094004482,0.102329411,-0.094883613,-0.048866607,0.102914274,0.10314434,-0.037529729,-0.101161614,0.103242755,0.100350164,0.05737647,-0.100678623,0.042800244,0.103150859,0.100454219,-0.103243142,0.050985254,-0.102805465,-0.103088267,-0.083437279,-0.098048843,0.098988302,-0.063019492,0.102452382,-0.082508102,0.103282437,-0.037447006,0.09578298,0.102756612,0.101555251,0.06369438,0.06294734,0.046386387,0.10322918,0.09823402
cefmetazole,SNBUBQHDYVFSQF-HIFRSBDPSA-N,D3,-0.035328597,0.09375377,-0.105898619,0.104547881,-0.105767101,-0.011832843,-0.01712502,0.101559065,0.10510888,0.105018832,0.099591129,0.105947055,0.105623946,-0.030796686,-0.077611662,-0.069107607,-0.080758274,0.064236708,0.040116698,0.105878457,0.085715435,-0.037648477,0.027359303,0.105610237,-0.036079332,-0.104172103,-0.100936517,-0.100545287,0.101415247,-0.090898365,-0.002552018,-0.105905645,0.10592401,-0.082875237,-0.105600528,0.008487821,0.020911524,-0.105841152,-0.105753705,-0.105903715,0.085993029,0.096217237,0.065842979,-0.10592936,-0.105365731,0.087481819,0.1059433,-0.045966584,-0.105842389,-0.073601879,0.100794844,-0.044780228,-0.105381988,0.075413845,0.105687104,0.105903052,0.105878681,0.104708403,0.073905528,-0.09162046,-0.004282235,-0.105946884,-0.079609565,0.081755064,0.093216859,-0.104056582,-0.067437179,-0.105241396,-0.091976665,0.058117229,0.025015637,-0.082871802,0.105945177,-0.089005068,-0.104418129,0.053334378,0.105816148,-0.100814432,0.101730943,-0.084674381,0.016380383,-0.097449079,-0.100236408,-0.032414876,-0.007624883,0.049606942,-0.077877179,-0.102723271,-0.046280876,0.093610823,-0.054178867,0.105827495,-0.102229059,-0.105944484,0.104180388,0.105867386,0.105796568,-0.105682701,0.068797775,-0.103738122,-0.083047144,-0.092392392,-0.105946437,-0.095928833,-0.097054973,0.015053942,-0.022043893,-0.103860863,0.103678137,0.10586112,0.063894503,-0.05520995,0.104723342,0.105948225,-0.105948567,-0.105859451,0.09482953,0.065564804,0.099981882,-0.099275582,-0.105574064,0.052645374,-0.105948456,-0.105909161,-0.105613559,-0.105913699,-0.105128765,-0.105838321
cefminox,JSDXOWVAHXDYCU-VXSYNFHWSA-N,D3,-0.102406904,-0.098108076,-0.104506359,0.104096763,0.06079413,0.0628644,-0.099546179,0.000401048,0.091416053,-0.0972481,0.104478709,-0.067305222,-0.035864152,0.102949746,-0.103061154,-0.026359351,-0.097567774,-0.007376981,0.095302217,0.103741772,0.093325578,0.048195302,0.100483872,0.098225988,0.103690952,0.049188033,-0.075084478,0.013683584,-0.096963055,0.030779013,-0.104235493,0.003086202,0.087798193,0.103538789,0.004213382,0.09347783,-0.103951484,-0.071866259,-0.039439846,-0.103198901,0.083913743,0.102539457,-0.102693699,-0.029807676,-0.104238845,0.099352054,0.102301233,-0.104410075,-0.104306102,-0.104387738,0.10302151,0.089649655,-0.10437981,0.085967064,0.104359955,0.099324591,0.100821212,0.102059737,0.101001821,0.104470536,-0.009455649,-0.103425331,-0.104442842,0.00183303,-0.103881486,-0.103776224,0.098703094,-0.102037035,-0.104494013,0.104465187,0.102376781,-0.104394428,0.099138618,-0.100376293,0.103525795,0.060337886,0.079798229,-0.10449823,0.060060181,-0.099691801,0.082344539,-0.101477079,-0.091909908,0.072595373,0.048831288,0.08920192,-0.104517132,0.024772881,-0.10409046,-0.099227794,0.103200257,0.093950801,-0.035052843,-0.104387186,0.103104226,0.104014151,0.025854435,-0.102255404,0.090299442,-0.093950056,-0.09700501,-0.046446104,-0.079208016,-0.075049028,-0.002426733,0.097610503,-0.092223272,0.09461417,0.057783205,0.097752877,0.094109617,-0.103180118,0.017101135,0.100429006,-0.10451626,-0.084693722,-0.08630982,0.104425758,0.077624209,-0.104203008,0.043128442,0.103915669,-0.100520454,-0.103867307,0.033948038,-0.102601722,0.084587105,-0.104317129
cefoperazone,GCFBRXLSHGKWDP-XCGNWRKASA-N,D3,-0.098664075,-0.099468708,-0.078956611,0.061903592,-0.060840033,-0.031267643,0.097344056,-0.090083465,-0.084834985,-0.099820264,0.099706575,0.098127417,0.083056442,0.097377613,-0.097711757,-0.003108865,-0.091026492,-0.048516132,0.020779954,-0.099777594,0.078032508,0.099812135,-0.098433778,0.099748217,-0.088391759,-0.09982004,0.093021408,-0.088055104,-0.090875089,0.098753288,-0.099802658,0.049305078,-0.099670827,0.09981738,-0.099811748,-0.05952353,-0.099801637,-0.032111019,0.099172853,-0.098813824,0.099774949,-0.086783521,0.085094906,0.027757667,-0.099782817,-0.045482259,-0.099640161,-0.099709764,0.051284757,-0.099073641,0.03014485,-0.090224788,-0.027662193,0.099817507,0.099810548,-0.099799179,0.0969797,0.099672861,0.099746644,0.099645831,-0.013055152,-0.099818222,-0.099820219,-0.097081691,-0.030518444,-0.045191109,0.095840871,-0.099285953,-0.099819422,0.099819392,-0.086536162,-0.099817067,0.099762119,-0.099611446,0.088987686,-0.099820234,-0.099598832,-0.099765614,-0.06190075,-0.099820264,0.099797979,0.099269129,0.042963047,-0.083812177,0.044743534,-0.096972086,-0.099014387,-0.099665441,-0.089781441,-0.088936642,0.067463644,0.099313125,-0.098807529,-0.09819214,0.098691396,-0.099774145,0.088018186,0.091521196,-0.097462587,-0.099777557,-0.097908676,-0.099586733,-0.099811211,0.098801635,-0.098312534,0.098936252,-0.099166095,-0.098961405,0.099754199,0.070428014,-0.052480228,0.045922812,-0.099325009,0.084505111,-0.099818774,-0.099820264,-0.062469207,0.099796951,0.093605392,-0.099741966,0.093841277,0.099816613,-0.064354219,0.06678319,0.03990959,-0.099820219,-0.097950831,-0.099817172
cefotaxime,GPRBEKHLDVQUJE-QSWIMTSFSA-N,D3,-0.051341034,0.019250255,-0.105021283,0.124706529,-0.120459467,0.01305779,-0.126271799,0.106623672,-0.1154541,-0.016697051,0.118016288,-0.096230291,-0.10743627,0.048253059,-0.119327016,0.046295874,-0.119036704,-0.100507639,-0.073090546,0.12020281,0.109552264,0.086092502,0.058101848,0.107710518,0.074176438,-0.093304448,-0.042159572,0.02473402,-0.119524822,-0.067266345,-0.055588037,0.10665904,0.066754639,0.110293001,-0.079103932,0.099829204,-0.021056529,-0.082037807,-0.002379911,-0.124422826,0.083428539,0.051516224,0.075313836,-0.090207458,0.048832119,0.025038587,0.001023305,-0.089188464,0.029993216,-0.1123925,0.096958019,-0.041270472,-0.060125511,0.102279425,-0.031673223,0.047044516,0.117994845,0.108340889,0.097805627,0.117724076,-0.096593142,-0.116932042,-0.114107676,0.12002033,0.07734029,-0.046354309,0.070534326,0.013976424,-0.12218155,0.123727694,0.046210986,-0.071518041,0.019526156,0.085225075,0.077275977,0.063494027,-0.124540649,-0.124217346,-0.029513465,-0.071737014,0.121367127,-0.113795318,-0.123862244,0.125056803,0.106285147,-0.118971355,-0.095637314,-0.017190399,-0.087918937,-0.110067889,0.111451879,0.026320593,-0.086648747,-0.109029241,0.004901511,0.123617053,-0.090741724,-0.049772568,0.100547887,-0.121870883,-0.084768392,0.04546335,-0.088016912,0.024972618,-0.085278742,-0.065245159,-0.084826387,0.075514436,-0.068899825,-0.036340162,0.008118174,-0.126390994,0.07231389,-0.111003205,-0.116859771,-0.069813505,-0.110306896,-0.048555948,-0.001225099,-0.081366345,-0.073114075,-0.095099874,-0.080514476,-0.123593524,0.113004848,-0.121384941,0.119758077,-0.006486688
cefotetan,SRZNHPXWXCNNDU-RHBCBLIFSA-N,D3,0.072594635,-0.096212767,-0.08296635,0.085255496,-0.098653711,0.098640665,-0.08378686,-0.097483642,-0.063257746,-0.098608032,0.09854982,-0.025386337,0.098716117,0.009593216,-0.09871316,0.060615815,0.051018223,0.049836364,0.098603576,-0.092124224,-0.053883016,-0.06773515,-0.094358057,0.098223418,0.097566076,-0.098714009,0.098534562,0.096959002,-0.045718674,0.080366299,-0.098504901,-0.097091906,-0.093972869,0.097622938,-0.098708883,-0.081521802,-0.098713793,0.074117303,0.098694138,-0.096614376,0.098706,0.095910884,0.098309323,0.065787479,-0.097740009,-0.048278537,0.09497422,-0.098717004,-0.097102188,-0.097397901,0.09222237,0.065035246,0.067232914,-0.052190851,0.097080693,-0.098697186,0.098674104,0.098716989,0.098205432,0.075141177,-0.088298179,-0.098712474,-0.098718025,-0.098717593,-0.098382793,-0.098718047,0.093940146,-0.098718107,-0.098700516,0.098489262,0.091582797,-0.098655649,0.096084848,-0.098637037,0.080450036,-0.095206805,-0.092804179,-0.09167067,0.098718107,-0.09871766,0.097370043,-0.067189701,-0.077653855,-0.050287444,-0.036196392,-0.006030405,-0.098705992,-0.011493938,-0.098614633,-0.098188937,0.098717839,0.098359287,-0.098710373,-0.09217266,0.098493315,-0.09866973,-0.096447513,-0.095820129,-0.083755948,-0.098717816,-0.098716542,0.080473267,-0.098717578,-0.039971646,-0.09832596,0.098678708,0.08652404,-0.098689266,0.093418531,0.096418627,-0.05073097,0.042080835,-0.071841829,0.097828634,-0.098704912,-0.098712556,0.087835863,0.098480366,0.098717518,-0.098459706,0.098667718,0.098709218,-0.045956928,0.093016081,-0.034370262,-0.098706514,-0.09753374,-0.098688655
cefoxitin,WZOZEZRFJCJXNZ-ZBFHGGJFSA-N,D3,0.009177925,-0.10237883,-0.101816185,0.102208771,-0.084683329,0.104110725,-0.05164754,-0.103265539,-0.096906565,-0.10489089,0.104888782,0.104342178,0.104888573,0.098582268,-0.096995562,-0.057505827,0.079174243,0.104245655,0.104679883,0.018168952,-0.089400336,-0.088588074,-0.011648128,0.104892783,0.104080081,-0.104887687,-0.09469305,-0.067636527,-0.104739718,-0.037975479,-0.104189515,-0.104756333,0.104787521,0.101564534,-0.104020663,-0.096770577,-0.104807608,0.097751327,0.100394063,-0.009298665,0.104777887,0.011017425,0.1036622,0.100050278,-0.104863338,0.099025138,0.064954177,-0.104869753,-0.099449508,0.09964598,0.085182741,-0.084171146,-0.10416951,0.102382399,0.104892097,-0.030456197,0.021021776,0.095829897,0.059923816,0.042150445,-0.052094147,-0.080690898,-0.094703734,-0.04103028,-0.104864895,-0.086449243,0.104835637,-0.104713559,-0.104718268,0.094144925,0.091715753,-0.104887456,0.098986745,-0.088296987,-0.066720888,0.004577148,-0.071911022,-0.104887769,0.098993763,-0.104573101,0.102802448,-0.095168583,-0.103624798,0.012752561,0.03183008,-0.043549426,-0.104876712,-0.00336282,-0.091993526,-0.024923123,0.085040532,0.094024137,-0.048011504,-0.096256234,0.09602192,-0.093326516,0.084476009,-0.093565404,-0.041591212,-0.104776852,-0.019397317,-0.097185262,-0.104396358,-0.074276179,0.098730154,0.104866363,0.032817811,-0.104879491,-0.094891027,0.102734104,0.095879368,-0.003075257,-0.10475643,0.10460864,-0.104891479,-0.049666449,-0.076774068,0.090456061,0.104647242,-0.092138879,-0.104069874,0.082403146,-0.075132623,0.104197837,-0.093870983,-0.102004394,-0.104841828,-0.082402579
cefpirome,DKOQGJHPHLTOJR-WHRDSVKCSA-N,D3,-0.069527842,-0.109596796,-0.055454828,0.127927214,-0.118463144,-0.009618945,-0.116028085,0.013369377,0.065198436,0.004112585,0.037371401,0.006892038,0.126973107,0.030771729,-0.117933638,-0.098403662,-0.062550589,-0.110753335,0.062933788,-0.08059226,-0.064953476,0.050595455,-0.020855965,0.086042926,-0.050212476,-0.051870912,-0.090029784,-0.042018246,0.009447052,-0.128179595,0.07245943,0.121886395,-0.027435847,-0.014225989,-0.127192199,0.125670075,-0.109561779,0.128355518,-0.003152026,-0.120521843,0.105070606,-0.042847864,-0.097710118,0.095953047,-0.027972372,0.043743245,-0.032964274,-0.124726065,-0.01333931,-0.058012247,0.127581581,0.038956199,-0.050149787,0.123495966,-0.013483506,-0.102675155,-0.041720927,0.103703655,0.033075195,0.011162423,0.103098683,-0.127340779,-0.073097862,-0.121586859,0.092579946,0.055711433,-0.109690018,-0.094590992,-0.12008965,0.123904131,-0.125023365,-0.124889441,0.079769753,0.125663519,-0.091997832,0.108717963,-0.128383622,-0.070948221,0.122348815,0.097476661,0.119949654,0.002896195,-0.027104003,-0.051744822,0.123998404,0.020111691,-0.109342881,-0.071540825,0.061057668,0.087752365,0.073598914,-0.087918252,-0.128258705,-0.108358175,-0.120280176,-0.051577296,0.022503857,0.016693942,0.125225157,-0.126227722,0.081916966,-0.11277543,0.011851461,-0.07574033,-0.044479951,-0.094508678,-0.086792536,-0.120291591,-0.066137552,-0.118471377,-0.124882676,-0.109893344,-0.12499065,-0.114070244,0.103983998,-0.103722923,0.051000614,-0.1166237,0.040067591,0.078920476,0.050408572,-0.022058196,0.037035771,0.110024683,0.102611259,0.06294807,-0.05610479,-0.107079372
cefpodoxime,WYUSVOMTXWRGEK-HBWVYFAYSA-N,D3,-0.008803146,-0.098444998,-0.068907969,0.085903376,-0.107515149,0.107887819,-0.106047109,-0.100901805,0.010527512,-0.095058851,0.106063865,0.096422121,0.107672051,0.094654538,-0.106884129,0.1070612,0.10376063,0.09425427,0.107939504,0.002834004,-0.075581439,-0.054348066,-0.107553601,0.107937641,0.101624049,-0.107921213,0.104848869,-0.025214499,-0.107768409,-0.103024162,-0.080987856,0.017037734,-0.065955281,0.002287976,-0.10794203,-0.024652639,-0.104892187,0.107211486,0.105540402,-0.106802247,0.101615548,-0.087010168,0.105250731,0.05198973,-0.104608923,0.106364883,-0.027526096,-0.107942373,-0.042779401,0.002806025,0.107188568,0.100248851,0.076079071,0.057171557,0.093569458,-0.107375339,-0.017997012,0.106601126,0.037923358,0.054775715,0.088909023,-0.107352167,-0.107643105,-0.1079432,-0.107591987,-0.099713989,0.098241918,-0.107938029,-0.104468875,0.107892781,0.007609599,-0.107945792,0.046070389,-0.101621963,0.089853898,0.100354485,-0.107941866,-0.102240548,0.107357658,-0.107153974,0.107640728,-0.011633425,-0.104408965,0.065757424,0.094617508,0.0425459,-0.10755451,0.089957684,-0.105596513,0.001014496,0.08567556,-0.09880545,-0.107910983,0.076941483,0.080971338,-0.107672617,-0.033403762,0.101114839,-0.09203703,-0.107929081,-0.107289344,-0.106374815,0.057338543,-0.103324972,-0.021966279,0.107940339,-0.076088578,-0.107816689,-0.100960717,-0.042208485,-0.100002788,-0.025946729,-0.076943599,-0.007345012,-0.099550135,-0.072834611,0.102391995,0.08204788,0.107936412,-0.094629019,0.008145876,-0.041986104,-0.036564734,0.107940078,-0.08767686,-0.097937569,-0.015185958,-0.095092185
cefprozil,WDLWHQDACQUCJR-ZAMMOSSLSA-N,D3,0.102935918,-0.107724249,-0.038912959,0.105784036,-0.106757432,-0.100588024,0.105691209,-0.107477851,-0.001022734,-0.110746846,0.110687867,0.107224263,0.110742964,0.053405754,-0.10760159,-0.108366825,0.058239747,0.062264692,0.103887983,-0.104157127,0.041820657,0.085322574,-0.054813877,0.110044152,-0.072495699,-0.110713601,-0.109681778,-0.036462985,-0.095389172,-0.071459323,-0.097607858,-0.085993253,0.092762552,0.110061541,-0.103187405,0.075294338,-0.110503852,0.110250503,0.061464865,0.063067928,0.110718869,-0.110615909,0.0766275,0.106557176,-0.110018544,0.094180867,-0.004690028,-0.110711582,-0.068581067,-0.093358979,0.106364131,-0.010303071,-0.110511675,0.109216221,0.11076048,0.073539905,0.013010872,-0.106673054,-0.093786433,0.109348863,-0.017613651,-0.069497548,-0.10617283,-0.084290929,-0.047970358,0.052791961,0.109454542,-0.104318604,-0.103487313,0.09331812,-0.016097579,-0.109918676,0.110698052,0.075701863,-0.092505381,-0.096962295,-0.10484603,-0.084584929,-0.043077331,-0.110389553,0.06943807,-0.018912354,0.086657301,0.045300167,0.095812194,0.079115249,-0.109478384,-0.040221274,0.050026108,-0.039281499,0.00026195,0.075709559,-0.093456738,-0.005057555,0.084330276,0.06648998,0.109311476,-0.048940007,0.045139059,-0.110677965,0.106393196,-0.110592626,-0.069010779,-0.085709594,0.107165173,0.109338813,-0.102973282,-0.099038154,-0.078546204,0.099332191,0.095888041,-0.011729463,-0.110060744,-0.059243638,-0.110201113,-0.107431307,-0.076573901,0.105867326,-0.091393083,0.005084481,0.043809678,0.103498735,-0.086585678,-0.062845252,-0.083687887,-0.102805406,-0.110365033,-0.104642145
cefquinome,YWKJNRNSJKEFMK-PQFQYKRASA-N,D3,0.088173687,-0.106780961,-0.052558243,0.016939452,-0.119714059,-0.11970558,0.058501169,-0.089839116,0.012652868,-0.1103274,0.095671691,0.054091655,0.105641633,0.023803638,-0.118087865,-0.086108327,-0.091594934,-0.104967579,-0.109464504,0.069191962,-0.115126207,0.125610068,-0.118339412,0.095966034,-0.091346554,-0.116083637,-0.020370122,-0.104916416,-0.012476118,0.116338663,0.107703865,0.098912157,0.015924105,0.119202875,-0.122786656,0.107075483,0.04666464,0.125903875,-0.059829585,-0.108694158,0.116424948,-0.120956466,0.114029966,0.048886254,-0.006037956,0.113135934,-0.04434121,-0.01622765,0.020473467,-0.107127778,0.113691866,0.02355892,0.113559738,0.122505628,0.036945857,-0.040243275,0.08656989,-0.110866494,0.039580282,0.096767999,0.090632133,-0.087314501,-0.091052294,-0.066287279,0.019112399,-0.055083457,-0.078981251,-0.117615804,0.121255822,-0.030417884,-0.091227487,-0.103938296,0.095534444,0.069863647,-0.123353042,-0.032189984,-0.123825245,0.10202843,0.119282611,-0.106828608,-0.090394355,0.009389825,-0.043679647,0.121931471,0.044743329,-0.111214325,-0.016830856,-0.042997949,0.11998453,0.014312157,0.103471212,-0.105984986,-0.12583752,-0.067914627,0.04675037,-0.0768466,0.118879475,-0.104310676,-0.074092247,-0.042495001,-0.04579965,-0.04723683,-0.01399634,-0.097726524,-0.016170196,0.122681916,0.085223392,-0.12444818,0.108989812,-0.04662133,-2.97e-05,0.093940012,0.047086827,0.10477253,-0.109686546,-0.126167461,-0.053560447,0.074841909,-0.098308019,0.038396854,0.114077017,0.042266425,-0.117666818,-0.034227386,0.079670168,-0.089356288,-0.086460076,-0.092862949
cefradine,RDLPVSKMFDYCOR-UEKVPHQBSA-N,D3,0.105465353,-0.099373758,0.086529359,-0.025663098,-0.105042167,0.102700472,0.094770215,-0.105883539,-0.092953876,-0.105946109,0.105944462,0.105874561,0.105953425,-0.034995876,-0.105685465,0.021653309,-0.015318262,-0.082653791,0.102827415,-0.022640167,0.004520199,-0.031238059,-0.105498493,0.105957277,-0.091541529,-0.105957627,0.08509472,0.066616006,-0.08786986,0.046873301,-0.089286461,-0.019821912,0.076990612,0.105944268,-0.105745092,0.035848487,-0.105403885,0.104895182,0.103836887,0.08698231,0.105957098,-0.102653503,0.104464702,0.043199301,-0.105221234,0.10197185,-0.036010217,-0.105954945,0.025758855,-0.09899053,-0.030605212,0.081121489,0.063242123,0.083721936,0.105917603,-0.105367236,-0.069468647,-0.104657538,0.018110823,0.103829429,0.071807139,-0.08949852,-0.104256481,-0.105953261,-0.07302019,-0.098182485,0.105706476,-0.105854869,-0.072506584,0.101095639,0.052375443,-0.102627017,0.10469427,-0.104342766,-0.103760816,-0.105631448,-0.105914757,-0.011148349,0.079296768,-0.105943963,0.104316659,0.061144508,-0.103384294,-0.099095032,-0.081369072,-0.100437306,-0.092254333,0.035171751,0.091916345,-0.010876453,0.027658846,0.093277276,-0.105695106,0.058878977,0.105615877,-0.085579723,0.105915196,-0.046400383,-0.094741516,-0.1059293,-0.09585502,-0.10577856,-0.105308414,-0.105167501,0.10283564,0.105947435,-0.053362109,-0.105803467,-0.101806805,0.085230544,0.104646891,0.069592007,-0.092707135,-0.050885499,-0.105858684,-0.103336036,0.062982313,0.098691203,0.10243471,-0.092604764,0.028095445,0.104347013,-0.017559858,0.105635554,-0.093779773,-0.105576575,-0.10593231,-0.050670184
cefsulodin,SYLKGLMBLAAGSC-QLVMHMETSA-N,D3,0.094156325,-0.094156325,0.036109477,-0.094154403,-0.094155461,0.094156325,0.064829849,-0.094152674,0.094105594,0.094156019,0.094155274,-0.065050624,0.094156325,-0.074033864,-0.094156325,-0.091876999,0.093982227,0.093446866,0.094156325,-0.093511805,0.087901972,0.014918016,0.093163364,-0.094156258,-0.093033276,0.094116628,-0.094153352,-0.093325555,-0.074836925,-0.094156221,-0.094148487,-0.072602473,-0.094156325,-0.094118647,-0.094156325,0.093948245,-0.094156325,0.094156325,0.094156325,-0.094153151,0.094154879,-0.080441341,0.057182539,0.094156049,-0.094155498,0.02668044,0.092954643,0.044407438,-0.094156325,-0.094144054,0.094151065,0.094156325,-0.093596585,0.093925387,0.071146227,-0.094156198,-0.094155274,0.094155982,-0.094156049,-0.094154894,0.094095446,-0.094123974,0.048389807,-0.094156325,-0.094155908,-0.094156325,-0.094155118,-0.094156325,-0.093713686,-0.023177614,0.093806416,-0.093936853,-0.076421842,0.094152562,0.046404183,-0.089187205,-0.094147235,-0.08719749,0.094156288,-0.030390054,0.09415625,-0.094137184,0.094156183,-0.094156183,0.094126038,0.094156325,0.093691394,-0.093545221,-0.094084628,-0.094088152,0.094156139,0.093570277,-0.09357591,-0.086576991,-0.091873989,-0.093949787,-0.094156325,-0.091576584,0.094156265,-0.094141915,0.09316121,-0.091742083,-0.093895733,-0.094156325,-0.094156325,-0.090477057,0.021074869,-0.061674282,-0.094103493,0.04117617,-0.092834458,-0.071878977,-0.094155893,0.090738952,0.094154991,-0.094156325,0.088566251,0.094156213,0.094156325,-0.078298271,0.093198881,0.094156325,0.092373513,0.094156265,-0.094152585,-0.094156243,-0.089912489,-0.094155654
ceftaroline,ZCCUWMICIWSJIX-NQJJCJBVSA-N,D3,0.026353272,-0.107542627,-0.111452885,-0.020718796,-0.047330078,-0.088433012,-0.112707861,-0.045684036,0.006313724,-0.086112581,0.117014967,-0.116551094,0.001592248,0.115895264,-0.124590322,0.072022974,-0.109163113,-0.112780593,-0.021738268,0.076426901,-0.018860817,0.120573178,-0.076744251,0.118108056,0.090109371,-0.057383843,0.032673135,0.087783866,-0.04963138,0.112386562,0.045960244,0.109940231,-0.062820762,0.095895253,-0.119549662,0.121800594,-0.013603378,0.120226115,0.056549914,-0.120145954,0.095802672,0.019438243,0.118955262,-0.115382902,0.015581733,0.123004772,-0.038907226,-0.036016922,-0.049539894,-0.108866975,0.116029635,0.047537118,0.109177761,0.104003824,-0.096033879,-0.027822297,0.097858757,0.056440499,-0.027061271,0.123668171,0.113400795,-0.11480432,-0.123409167,-0.059949856,-0.041998561,-0.114809275,0.015007503,-0.121745609,-0.085698649,0.120497338,0.007387381,-0.122064672,0.111948922,0.038091946,-0.097614437,0.064689562,-0.121914409,-0.001492815,0.111857459,-0.094912432,-0.08966773,0.006878274,-0.033510875,0.122812949,0.073824711,-0.099406309,-0.117113955,0.105278254,0.107141279,-0.098990113,0.122600019,-0.058707513,-0.123937584,-0.109779,0.099516928,-0.009237147,0.09075506,-0.117422871,0.029347947,-0.119071744,-0.086490743,0.086630002,-0.080927894,-0.055335816,0.049317867,0.109424122,-0.023178421,-6.99e-05,0.020555923,-0.007460716,0.057147626,-0.120366536,-0.034217477,-0.044335548,-0.120608836,-0.124074578,-0.061997209,0.109894685,0.033551682,-0.072810456,0.102335259,0.071004339,-0.095110945,-0.051034331,0.123821385,-0.105884962,0.103700317,-0.112443395
ceftazidime,ORFOPKXBNMVMKC-DWVKKRMSSA-N,D3,-0.099325024,-0.103358552,-0.103840627,0.089435376,-0.06802243,-0.001539663,0.090842612,-0.104335226,-0.087243751,-0.107448027,0.107287332,0.07263308,0.102914162,0.077993043,-0.103117272,-0.089119017,-0.026971942,0.051320296,-0.002461983,-0.084041245,0.082330801,0.1072594,-0.09869013,0.107422233,0.043817017,-0.107446514,-0.098552555,-0.101780422,-0.106836855,0.084592536,-0.035955813,-0.050406955,0.09899395,0.107234538,-0.10695298,-0.044430301,-0.106363848,0.102280505,0.085695907,-0.106415063,0.107290886,-0.097368382,0.101399794,0.040834855,-0.106503531,0.087200589,-0.106598623,-0.104754232,0.095436886,-0.090157688,0.102034084,-0.084505126,0.020240618,0.107440338,0.107398644,-0.09319178,0.090229623,0.04685707,0.106143139,0.105499938,-0.070422657,-0.106837675,-0.106556349,-0.087979935,-0.101156443,0.006860435,0.102663353,-0.103737876,-0.098832935,0.107349828,0.033046164,-0.107443683,0.10461437,-0.10038963,-0.010675326,-0.105102539,-0.107128568,-0.106968947,0.103008032,-0.107388079,0.105845712,0.065317653,-0.101265937,0.102956541,0.011847375,-0.105046667,-0.106339686,-0.065522663,0.018607177,0.059505794,0.009802563,0.017243654,-0.107112505,-0.044534411,0.094672635,-0.105410703,0.107150942,-0.035981406,-0.094995543,-0.105603829,-0.050087336,-0.10567683,-0.04676019,0.075135015,-0.07855422,0.106993392,0.024375752,-0.107402414,0.010560701,-0.035542231,-0.03738625,0.098040305,-0.106078036,0.106150188,-0.107065871,-0.106924541,-0.096387744,0.103002921,-0.029153904,-0.100360304,-0.037175171,0.082457483,-0.104261607,0.072005227,0.010368735,-0.107016429,-0.107297949,-0.106902696
ceftibuten,UNJFKXSSGBWRBZ-BJCIPQKHSA-N,D3,0.112436853,-0.11089509,0.063885123,0.065574326,-0.116288505,-0.047250204,0.033297975,-0.109753385,-0.073045708,-0.12065047,0.118111223,0.108971402,0.120343633,0.029527884,-0.119982429,-0.086404972,-0.017277729,-0.08283405,0.111596227,-0.075458243,-0.037660692,0.101866961,-0.113803536,0.120580167,-0.006305715,-0.120880984,-0.064908765,0.003111569,-0.116168819,-0.008111071,-0.062893331,-0.03949238,-0.039555825,0.120431125,-0.117241628,0.111976944,-0.117683113,0.120460033,0.088264287,0.039199505,0.120219566,-0.119385101,0.095903032,0.109806284,-0.104639709,0.060725752,0.005636941,-0.12086565,0.082135364,-0.117116414,0.081270285,0.089405507,-0.096345313,0.118620664,0.117283471,0.012577171,0.008272431,-0.073372923,-0.030771339,0.110218391,0.073334374,-0.021638013,-0.116366312,-0.079468869,-0.045394097,-0.010670898,0.106012389,-0.113385737,-0.114833906,0.053851902,-0.072051354,-0.104819514,0.103016429,0.092506438,-0.112210505,-0.04991531,-0.120659262,-0.026044311,0.090951897,-0.119863197,0.031872246,-0.007135657,-0.070950218,-0.01118059,0.116970301,-0.063663304,-0.095582955,-0.034767926,0.077456787,-0.110063262,0.097386114,-0.020861102,-0.119955435,-0.048357937,-0.035281003,0.013324828,0.109343141,0.029833978,0.021726483,-0.120730728,0.050834566,-0.114606932,-0.100794673,-0.10350576,0.102986477,0.11578539,-0.080222592,-0.116702184,-0.061890107,0.086576276,0.101802424,-0.092830099,-0.116372965,-0.111884691,-0.115429476,-0.118107833,-0.06684345,0.044135649,-0.078621678,0.082573868,0.11312703,0.109208636,-0.039785568,0.029666096,0.05902179,-0.091857038,-0.08941064,-0.081058048
ceftiofur,ZBHXIWJRIFEVQY-IHMPYVIRSA-N,D3,0.094517849,-0.071039721,0.066992573,-0.108353019,-0.096283585,0.112069473,-0.104498051,-0.107445709,-0.097056501,-0.000435694,0.112604067,0.012845814,0.080587938,0.084026277,-0.112813666,0.093304574,0.078658625,-0.110839985,0.111485787,0.103048146,-0.043319233,-0.000763696,-0.111443944,0.112855479,0.048350003,-0.111884035,0.108362235,-0.064568684,-0.112660274,0.067906253,-0.040161196,0.066019893,-0.100922093,0.106395148,-0.11276421,0.028799772,-0.027162695,0.110764459,0.084597312,0.023790101,0.071931325,-0.05802349,0.111794762,-0.109596029,-0.109127373,0.112587608,-0.038777504,-0.094411671,0.108318068,0.03487774,0.041838296,0.109830089,0.112115823,0.006027001,-0.042304449,-0.109461643,-0.077707186,-0.077666238,0.10609328,0.104995728,0.110861644,-0.085424334,-0.093819067,-0.094847307,-0.112717532,-0.112600736,0.078151047,-0.112351254,0.057124775,0.110399745,0.109741457,-0.112216346,0.005922703,-0.109874219,-0.095557883,-0.052427776,-0.111423604,-0.030333916,-0.025923731,-0.111106656,0.109968819,0.110368967,-0.107762218,0.091092847,-0.101453751,-0.104872219,0.085958906,0.110542051,0.001092198,0.091020942,0.109104343,-0.094564661,-0.093915895,-0.002031078,0.053493131,-0.049606696,0.104059175,-0.104622394,-0.047938161,-0.072394527,-0.11117664,0.021924103,-0.016605198,-0.107765451,0.053957038,0.110792115,0.11134816,-0.083995737,-0.112590298,0.10877531,0.09758006,-0.103007421,0.010104961,0.096859589,-0.11084792,-0.068161651,-0.09795785,0.075804383,0.112770192,-0.098946184,0.093771547,0.034222402,0.076612622,0.11143329,0.066097252,-0.050477441,-0.012904161,0.033319622
ceftizoxime,NNULBSISHYWZJU-LLKWHZGFSA-N,D3,0.017132035,-0.095346414,0.045368392,0.053266,-0.104099549,0.034027644,-0.062458906,-0.071808048,0.079252794,-0.105682775,0.082896084,0.105612554,0.079379588,0.092371441,-0.101551384,0.084521323,0.042290766,0.101746351,0.103428215,0.077749781,-0.084305704,0.105150096,-0.105641641,0.105636649,-0.084235057,-0.10569638,0.09866146,-0.10001418,-0.100128539,-0.054271314,-0.094208188,0.105678059,-0.077097267,0.10496556,-0.10568843,0.100794904,-0.098732412,0.105665401,0.036353603,0.025951872,0.09191145,-0.105697967,-0.084139578,0.021827351,-0.102226846,0.105515823,-0.101745322,-0.105707027,0.088330589,-0.102320477,0.10449487,0.087930351,0.103367046,0.10567487,0.104663268,-0.105588675,-0.040865168,-0.057100475,-0.099407226,0.002449787,0.105338037,-0.09993232,-0.045599539,-0.10568741,-0.077448897,0.101774357,0.040020566,-0.105402395,-0.08588317,0.105590612,-0.105412662,-0.105483986,-0.009801988,-0.079584815,0.069663718,-0.104778081,-0.105707489,0.02444566,0.071886994,-0.100906014,0.104612209,0.095581762,-0.097658984,-0.101440787,0.102177024,-0.051349506,-0.101673789,0.048944898,0.087533191,0.074517883,-0.100332879,-0.105466239,-0.105706036,0.105632775,0.055163916,-0.099156022,0.104748793,0.104639851,-0.103554785,-0.105356008,-0.10416586,-0.105705835,0.103773274,-0.105440289,0.036329772,0.105701275,-0.103420712,-0.105268046,0.011487966,-0.105428174,0.091871485,0.03761166,-0.082485728,-0.104924232,-0.008191437,-0.1048382,0.04112364,0.099659786,0.013742278,0.08855848,0.10194812,0.070089489,0.092356957,0.105692446,-0.029066939,0.044507824,0.007076145,-0.104995236
ceftobiprole,VOAZJEPQLGBXGO-SDAWRPRTSA-N,D3,0.108468942,-0.10895668,-0.00122801,0.063297383,-0.109979801,-0.102226637,0.108766876,-0.109829381,0.107381746,-0.098166719,0.088737957,0.100331917,0.110336997,-0.090769619,-0.109507807,-0.096304335,0.102553748,-0.10365738,-0.001019853,0.002498086,-0.103992112,0.110133566,-0.109974422,0.065062821,-0.102193259,-0.098434664,-0.11019478,-0.10063497,-0.101686902,0.043550286,0.097002394,-0.103267185,-0.032212421,0.078960516,-0.109859727,0.09060578,-0.084808297,0.110316537,-0.033121828,-0.108939268,0.103878476,-0.109969109,0.109703615,0.083059892,-0.107626826,0.072348356,0.088604368,0.012655326,-0.095163874,-0.10972821,0.109996609,0.102021694,-0.095583349,0.109063111,0.107564747,0.084529646,0.093533933,-0.088372394,0.013365309,0.098281808,0.007311705,-0.107038699,-0.086301573,-0.050523117,0.033600997,0.089869589,-0.093414217,-0.110078134,0.092395633,-0.081877418,-0.057905931,-0.079457827,0.101409085,0.106628522,-0.102375366,0.066472143,-0.104973666,0.09537258,0.109805323,-0.109084316,-0.10081204,-0.051254567,0.107241154,0.110059097,0.10898833,0.061811421,0.074144743,-0.039208446,0.01408569,-0.030323068,0.081070438,-0.106566027,-0.110323377,-0.048823696,0.080369927,0.000775689,0.108637415,-0.079528198,-0.090647183,-0.110243395,0.062437255,-0.086101517,-0.013688432,-0.005379391,-0.046854515,0.00144401,0.091170184,-0.110269569,0.093536377,0.067608207,-0.106948778,0.085868485,-0.008932456,0.086860485,-0.100535803,-0.110333703,0.087965824,0.040890068,-0.109053262,0.088878594,0.101751886,0.081057757,-0.11033418,-0.05486111,-0.043802295,-0.060031082,-0.100537419,-0.075101197
ceftobiprole medocaril,MFAWUGGPPMTWPU-LCJFHXTKSA-M,D3,0.049304154,0.07963784,0.060986873,0.102426745,-0.108269684,0.096833043,-0.080841765,-0.007186173,-0.10433007,-0.034793459,0.109795645,-0.052780155,0.118019983,0.020377371,-0.11544586,-0.095142052,-0.011157254,-0.089268588,0.117409222,-0.064534128,-0.078336857,0.005056803,-0.114614658,0.115304746,0.035073232,-0.117969006,0.042335421,0.105968691,-0.106150866,0.024250794,0.107129566,-0.00619395,0.038265873,0.067934953,-0.117853291,-0.086388171,-0.096268721,0.118236154,0.03807994,-0.116376631,0.103911705,0.090573095,0.117181018,0.043246225,0.104163744,0.061334997,0.083673194,-0.112712756,0.097266905,0.039790228,0.1123413,0.009507977,0.017823936,0.115432598,-0.051292378,-0.11522714,0.101632498,0.095464267,0.113177128,0.078333251,0.062417351,-0.105674222,-0.106741123,-0.093737356,-0.098054767,-0.038662367,0.103986017,-0.113542326,-0.061022334,0.094153643,-0.066524833,-0.116798587,0.08894556,-0.078716747,-0.110411428,0.109125145,-0.117693886,-0.077239953,0.117430903,-0.0955524,0.073081486,-0.098804288,-0.111414433,0.101334713,0.104693405,-0.116846472,-0.007783265,0.055712096,-0.038109269,-0.047898389,0.115303569,0.093627095,-0.117565617,-0.107185543,0.072886348,-0.114500813,0.103074089,0.068304151,0.053008195,-0.117878266,-0.098140605,0.032834042,-0.089424826,0.098951496,-0.050475534,0.107637793,0.112582944,-0.106638625,-0.113663845,0.044821829,-0.101170316,-0.026578709,-0.109438963,0.052608229,-0.100189038,-0.036425885,-0.05002379,-0.116518036,0.106607169,0.029873433,0.046210218,-0.005398411,-0.106016554,0.099062666,0.089110136,-0.069449887,-0.109306358,-0.074339412
ceftolozane,JHFNIHVVXRKLEF-DCZLAGFPSA-N,D3,0.085389592,-0.037839286,-0.016339967,0.105257481,-0.113398679,0.10674078,-0.111594245,-0.045846086,-0.048064809,0.094213739,0.103287436,0.042935837,0.113444008,0.063282683,-0.112554662,0.109574266,0.110997111,-0.003432951,0.113558099,-0.075761907,-0.100203559,-0.065227218,-0.112191565,0.107353546,0.104451083,-0.108196482,0.027448092,-0.064909704,-0.113441922,-0.113044672,0.071361974,0.075306378,-0.03846547,-0.110242084,-0.113562807,0.062553048,-0.091350459,0.113468073,0.105061844,-0.106945537,-0.004482868,-0.108122498,0.083416648,0.030053701,-0.109605178,0.113229908,0.10571187,-0.113540329,0.089754902,0.035181962,0.113484107,0.109939508,0.058811825,0.091108218,0.044254534,-0.088423453,-0.046525415,0.101863571,-0.064395852,-0.070433095,0.111706667,-0.111092702,0.029652696,-0.113154806,-0.112311207,-0.030195149,-0.013057338,-0.113148011,-0.07100524,0.113020062,-0.108887926,-0.113388471,0.087574914,0.086240418,0.010458806,0.113342792,-0.113566995,-0.044854432,0.085512705,0.038590193,0.11306724,0.005461616,-0.073863067,0.070846036,0.113003932,0.079747573,-0.107985787,0.033965852,-0.067386292,0.051156852,-0.007771317,-0.0998879,-0.111604586,0.109474003,-0.09283983,-0.111296445,-0.064200655,0.092639171,-0.055139542,-0.113508128,-0.016218083,-0.112928182,0.10732314,-0.110635065,0.019515524,0.112833947,0.039791342,-0.113154203,-0.113254994,-0.068113007,-0.10857977,-0.009478516,-0.10952612,-0.042722099,0.081949905,0.090472057,0.023410765,-0.056472298,0.113531142,0.112698674,-0.04750682,-0.112974524,-0.079282045,0.113552697,-0.11219722,0.102102622,0.016910411,-0.086459376
ceftriaxone,VAAUVRVFOQPIGI-SPQHTLEESA-N,D3,-0.105596565,0.106234282,-0.025540223,0.103812888,-0.077178776,0.106308825,-0.106463209,0.099410616,0.096043654,0.056040671,0.098224156,-0.091359302,-0.10646452,0.105817191,-0.10266646,0.10640578,-0.105903961,-0.061226062,-0.056342185,0.1064611,-0.028298682,0.09023352,-0.053960919,0.106460437,0.029964944,-0.094818294,0.105296642,-0.104917116,-0.099991612,-0.057881851,-0.050805457,0.106290832,0.104678571,0.084364012,-0.07365308,0.085947506,0.106421553,-0.101842418,-0.106339179,-0.097456008,-0.097190902,0.103593253,-0.087446176,-0.106440924,-0.048149198,0.106463209,-0.073337115,-0.106465615,0.099397682,-0.078354187,0.105387904,0.074749798,0.086328089,-0.065456875,-0.052529927,-0.098966368,0.053402375,0.105762631,0.09698765,0.085250832,0.106343932,-0.105338454,-0.034322862,0.103471413,-0.000201422,0.003413992,0.102528714,0.105122656,-0.106410593,0.10646636,-0.09299463,-0.106418878,-0.077316843,-0.105409913,0.106335185,-0.094356477,-0.106415614,-0.104627907,-0.105513707,0.029397629,0.106465168,0.100149497,-0.106466196,0.023657195,-0.017746139,-0.10642796,-0.059123587,0.106136143,0.049558934,0.097471267,-0.044167526,-0.106386073,-0.103935972,-0.073571943,-0.069286786,0.106269754,0.10214784,0.008168994,-0.078853764,-0.070795313,-0.105847605,-0.106335774,0.033087965,-0.028020231,-0.00718744,-0.06233155,-0.106072366,0.021415312,-0.09751413,-0.096951671,-0.062638968,-0.106458038,0.106418863,-0.104842804,-0.106068224,0.104896419,-0.106369637,-0.006357959,-0.079317696,-0.084957309,0.032564998,-0.092236035,0.080478266,-0.086061701,0.103863195,0.076008983,0.10624861,-0.080453746
cefuroxime,JFPVXVDWJQMJEE-IZRZKJBUSA-N,D3,-0.119031243,-0.116830863,-0.085353546,0.107327417,0.092549115,0.091574207,-0.120995298,0.022526452,-0.029176814,-0.126311362,0.124548443,0.011444798,0.010679012,0.126362085,-0.016562117,0.035757538,-0.024330255,0.069544569,0.11081738,0.102619112,-0.074389346,0.104166791,-0.093213521,0.130476564,0.097076379,-0.118737556,-0.045916315,-0.007252211,-0.12850365,-0.004934641,-0.045234334,0.034151189,0.086196892,0.087946855,-0.05634727,0.076076716,-0.009608085,0.103553049,-0.015894569,-0.070831679,0.084109731,-0.074894577,0.057797108,0.030452577,-0.120087661,0.120798886,-0.109423831,-0.129262075,0.120523401,0.079910651,0.115590736,-0.019545225,-0.061888728,0.095836684,0.116221219,-0.018997492,-0.093955241,-0.003559449,0.066591628,0.127629846,0.092628315,-0.109971546,-0.10377387,-0.039382122,-0.128697708,0.091072932,0.127881527,0.100156695,-0.124589935,0.129950851,-0.003483893,-0.130108014,0.044605218,-0.013143038,0.117421053,0.063171521,-0.128130853,-0.128518716,-0.051709965,-0.12379504,0.100670502,0.01852507,-0.116831824,0.126041979,0.121725291,-0.061356135,-0.127363175,0.077562422,0.053998854,-0.070964091,-0.096185334,-0.126838967,-0.110592388,-0.046510443,-0.021840293,-0.023779398,0.068661116,0.092778489,0.044069711,-0.087000169,0.046728693,-0.125181124,0.113672443,0.033442192,0.082833931,0.126985103,-0.117311984,-0.105275907,-0.043577939,0.035433397,0.081454322,-0.119642504,0.009650365,-0.100487679,-0.122549564,-0.014165157,-0.085367933,0.071479969,0.047383204,0.00966516,-0.117098838,0.04164581,0.044564135,0.118656114,0.014464839,-0.04885995,0.119336784,0.016863253
cefuroxime sodium,URDOHUPGIOGTKV-JTBFTWTJSA-M,D3,0.100292593,-0.101619579,-0.097766109,0.100804754,-0.098211072,0.04658094,0.102587827,-0.102038011,0.082991175,-0.102874979,0.102879852,-0.016354334,0.102881208,0.094667792,-0.06997551,-0.072119012,0.102464713,0.064016819,0.102599263,-0.102385916,0.102776282,0.102164656,-0.093514904,0.097026668,-0.10266114,-0.102880187,-0.10231109,0.009705054,-0.090989679,0.015503745,-0.102871194,-0.083988279,-0.052940104,0.102368563,-0.102880783,-0.095911182,-0.102817275,0.102653302,0.10277275,-0.084740736,0.102879643,-0.085156344,0.091304019,0.093440369,-0.102764845,0.058107,0.089759372,-0.102081634,-0.097163215,-0.100535385,0.101813562,0.057819903,-0.102851048,0.102879256,0.102878198,-0.100737415,-0.076294243,0.029277885,0.07357461,-0.048034903,-0.03518074,-0.102495566,-0.085504882,-0.102653138,-0.100109726,-0.078371257,0.038015362,-0.102872849,0.024530098,0.102563605,-0.045609847,-0.102837637,0.102128647,-0.000950752,-0.062506624,-0.102803327,-0.102173872,-0.102787822,0.092093743,-0.101055138,0.100982986,-0.007615658,0.096506126,0.045232784,0.100013971,0.10268037,-0.089231588,-0.067008168,0.01959125,0.049676374,0.095324568,0.10275618,-0.102856465,0.009052339,0.102493241,-0.096995518,0.095089637,-0.086247362,-0.077635795,-0.102880187,0.100778751,-0.10219194,-0.096377403,0.065193981,-0.082138091,0.07620459,-0.021796141,-0.10268198,0.059085391,0.095678031,-0.058829769,0.100369178,-0.102874249,0.102626957,-0.090617582,-0.102835901,-0.063884124,0.100155316,0.015775014,-0.102515653,0.018891148,0.101407982,-0.093788467,0.102787316,-0.10233584,-0.102820918,-0.102741674,-0.102829933
chir-90,FQYBTYFKOHPWQT-VGSWGCGISA-N,D3,0.105354123,0.060331106,-0.105351858,0.061580934,0.07437703,-0.020394912,0.026326966,-0.105309024,0.043426134,0.103644803,0.105231829,0.099564694,0.104991384,0.105277531,-0.101618566,0.105325148,-0.078289822,0.101949826,0.047574889,0.104882568,0.067124896,0.044696983,-0.045219433,0.103436805,-0.011020997,-0.075823173,-0.072413713,-0.105287276,0.051719524,0.104967654,-0.105351336,-0.014687674,0.102028184,0.099959701,-0.105347835,0.054851733,-0.026114736,0.104973517,0.105345182,-0.105275542,0.10519556,0.086709693,0.105217874,-0.022226354,-0.102870189,0.103634976,0.104891084,-0.043645412,-0.105341658,-0.030369516,0.065096289,-0.054972276,-0.10535045,0.105308264,-0.081042558,0.102272309,0.08321353,0.070125341,-0.025374105,-0.093484744,0.104768679,-0.088433348,0.004813576,-0.105333462,-0.105287887,-0.105354138,0.097087122,-0.105333827,-0.028141305,-0.064584978,0.103081062,-0.105027787,-0.053378325,-0.103533439,-0.104933657,-0.096510947,0.100326806,-0.105149895,0.029106833,0.050619543,-0.048311904,-0.104322948,-0.10043218,0.091927253,-0.062000319,0.105353959,-0.081704043,-0.103562959,-0.002365428,-0.102684133,0.10457693,0.105350249,-0.105178639,-0.105099402,0.105042331,-0.067012288,-0.104583345,-0.105354324,-0.101297311,-0.101154372,0.102961354,-0.104023501,-0.096379332,-0.105348788,0.086735629,0.055463117,0.069480956,-0.104693457,0.101500578,0.084930375,0.104938939,0.103691302,-0.091860034,0.105323657,-0.104272716,-0.105273366,-0.005697185,0.104241267,0.072132692,-0.104423806,-0.086664081,0.105155274,-0.09470018,0.094030477,0.023920175,-0.105354115,-0.089126199,-0.01702323
chloramphenicol,WIIZWVCIJKGZOK-RKDXNWHRSA-N,D3,-0.088525154,-0.11758443,0.066412196,-0.074563473,-0.114476517,-0.121656634,0.032687206,0.086778753,0.115471415,-0.0192181,-0.032517508,0.086571276,0.005746807,-0.090382449,-0.071017563,-0.070108265,-0.09862908,-0.120995298,-0.034816004,-0.053435866,-0.116394326,0.122428067,-0.07600981,-0.115421742,-0.08185447,-0.007525639,0.089233018,0.057188109,0.067913674,0.068368413,0.103807092,-0.006674462,-0.112196155,0.071662746,-0.113388576,0.077947117,0.116728574,0.118644774,-0.038660694,-0.093852013,-0.091860749,-0.086078718,-0.087362416,0.05921337,0.061810356,0.115072817,0.016011614,0.07967113,0.038444746,-0.115739927,0.121748976,0.072972283,0.105061114,0.121108055,0.042763591,0.022832479,0.068878375,-0.104371287,0.083675221,0.090710305,0.063098885,-0.010847529,0.08423277,-0.002465086,0.090004608,0.114854246,-0.121496171,-0.118834861,0.122342885,-0.119378202,-0.098469727,0.065967716,0.019882636,0.108152993,-0.117500611,0.092360929,-0.115670271,0.11890389,0.122327797,-0.031852812,-0.122103974,-0.074686885,0.121318184,0.121938817,0.113396116,0.057406548,-0.08252266,-0.039213307,0.120977849,-0.033129144,0.021564411,-0.122455582,-0.111266941,0.016393773,0.075883925,-0.099807695,0.0940741,-0.106880605,-0.121695176,-0.018342439,0.022691041,-0.025622407,0.114742994,0.099479422,0.065432385,0.100886099,0.083061777,-0.060824256,0.121393189,-0.006598618,-0.111997493,0.101283513,0.118055202,-0.072853923,-0.03872722,-0.122353539,0.029351046,-0.018062396,-0.079700552,0.120792389,0.099523991,-0.074739009,-0.107863352,0.03259372,0.09211804,0.02728148,0.119155101,-0.097772673
chlorhexidine,GHXZTYHSJHQHIJ-UHFFFAOYSA-N,D3,-0.097206123,0.069351934,-0.09739057,-0.096639171,-0.041581836,0.097372122,0.091425247,-0.060925599,0.097378761,0.097395405,-0.097393841,0.097336903,0.076048553,0.034030922,0.097353771,0.097395353,0.09061072,0.097354308,0.091344312,0.046963841,0.091952495,0.097354725,-0.097395614,0.097341716,-0.097061902,0.025359675,0.012302388,-0.097395562,-0.090668134,-0.076623634,-0.073904969,-0.097082801,-0.054210801,-0.097395666,-0.097395666,-0.09735328,0.096295007,-0.097395636,-0.097289704,-0.097395666,-0.097232044,0.050415602,0.094354168,-0.097386345,-0.097390667,-0.096422732,-0.097372815,0.097392268,-0.097379513,0.097009078,0.06803228,0.094433434,-0.096609078,-0.097385779,-0.096068285,-0.09311305,0.090237968,0.097351119,0.097378522,-0.095178507,0.087938286,-0.097395495,0.090383947,0.0971779,-0.0927798,-0.097395532,-0.011264945,-0.095742337,0.097395606,0.013798582,0.097068883,-0.097236924,0.094236545,0.072007596,0.083001018,0.071401849,0.088360071,0.05196669,-0.09671697,0.044146784,0.097290859,0.096847609,0.097380511,0.097395666,-0.058585417,0.096492194,0.097394414,0.094385229,0.045701958,0.096592352,-0.097395666,-0.097383358,0.095326222,-0.086926669,0.097389467,-0.064923614,-0.096838273,-0.096344657,-0.097391635,0.09305726,-0.058314912,0.097394757,-0.095555469,0.097187184,-0.097395666,0.026086451,-0.024034726,-0.097395666,0.095482484,0.097277321,-0.097388923,-0.097242311,0.097394839,0.097395666,-0.09735065,-0.097395487,0.097395517,0.075635098,0.097395524,-0.097395666,-0.097393177,0.014488419,-0.097390845,-0.097233638,-0.097186215,-0.097395435,0.092670806,0.028964402
ciclopirox,SCKYRAXSEDYPSA-UHFFFAOYSA-N,D3,0.099732228,-0.099783137,-0.09974961,0.084337026,-0.022376556,0.050891995,0.072789848,0.097711377,0.099772818,0.099776112,-0.092690706,0.099603832,0.098677896,-0.009448231,-0.096368514,0.006078146,-0.092136294,-0.097949438,-0.09930037,0.089006029,0.099783383,-0.097082935,0.099784374,0.039585933,-0.087439641,0.099780053,-0.099784389,0.099756703,0.099740803,-0.099778131,-0.048556253,-0.09977597,0.099761076,-0.09978433,-0.098470762,0.099783748,-0.099244565,-0.099137142,0.013015111,-0.059553266,-0.096711449,0.047458716,0.043909695,-0.099783711,-0.090691864,0.085317798,0.099245526,0.099773787,-0.099618204,0.043366257,-0.035018586,-0.09107589,-0.099778615,-0.09862452,0.095835783,0.099784367,-0.083054326,-0.098396756,-0.0997492,0.076729991,0.028302995,0.094141603,0.087533824,-0.067375749,0.099774696,-0.099441826,0.016699046,-0.09579704,0.082517229,-0.099730417,-0.082389206,0.099781908,0.099774018,0.098575689,-0.099462792,0.09975411,0.006335409,-0.099782661,-0.099643819,0.099488653,-0.098219305,-0.099666312,0.099307194,-0.076969318,0.098205313,0.099762812,0.036143161,-0.076452181,0.097291775,-0.083753251,-0.0997077,0.099783868,0.091620564,-0.099734671,0.019189302,0.099784411,0.097804353,-0.099783331,0.099783055,-0.099778824,0.09978199,-0.096730724,-0.099757507,-0.099784315,0.099753387,-0.099784411,-0.099783488,0.001035156,0.099408381,0.099766977,-0.00818369,-0.090259269,0.099622391,-0.098205164,-0.056927074,-0.099783927,0.099783912,0.011001328,-0.098991014,-0.052750997,-0.099216647,0.003016617,-0.099784248,-0.099783875,-0.066013835,-0.099373154,-0.09795393,-0.099741064
cinoxacin,VDUWPHTZYNWKRN-UHFFFAOYSA-N,D3,0.031641431,-0.104625314,-0.061010536,-0.05494792,0.092310622,-0.104986705,0.104241967,-0.101268403,0.104444325,-0.089791752,0.051937278,0.104999751,-0.037637539,0.019829722,-0.099038363,0.081106491,0.103438333,-0.070903666,0.044294767,-0.104165591,-0.104339786,-0.071681179,0.10376253,-0.05682471,0.010399685,0.104783401,-0.033610646,0.105014123,0.104895905,-0.049128272,0.065983348,-0.093945369,-0.058140337,-0.085368656,-0.033156957,0.104538649,-0.092891194,0.093578734,-0.028596116,0.104324117,0.090082102,-0.104966871,-0.104949623,-0.002407891,-0.104019798,0.104945116,0.104796506,-0.099880271,-0.094012342,-0.099373236,0.104934707,-0.080218397,0.0726422,-0.104850553,0.104979716,0.035582099,-0.07493683,-0.105000168,-0.105015658,0.029526202,0.076237723,0.029509746,0.102402121,-0.104860179,0.104999624,0.103768468,0.040693622,-0.103892215,0.026321804,-0.103139497,-0.104409046,0.09162356,0.105012074,0.072501279,-0.016031032,0.091569148,0.043769393,0.104357429,0.103984065,0.07561025,-0.105013736,0.003749857,0.105012864,0.101490617,0.085096054,0.102177463,-0.104957841,0.036269162,0.105010197,0.074203894,-0.101996191,-0.101808205,0.066798322,0.104627289,0.104953736,0.078546949,0.104854047,-0.103222735,0.077630408,-0.104737289,-0.089694105,-0.105012149,0.088789985,-0.104691274,0.1050153,0.103204086,-0.10496778,-0.017283622,0.104910396,-0.101680756,0.076920509,0.104701288,0.043174058,-0.104993597,0.102720678,-0.053464241,0.104897328,0.08350724,-0.097321749,0.104886569,0.062427495,0.103619322,0.104709148,0.056298204,-0.104008563,0.104992084,0.098266877,-0.104876168
ciprofloxacin,MYSWGUAQZAJSOK-UHFFFAOYSA-N,D3,-0.091020241,-0.100295387,-0.077564813,-0.043304026,0.100202128,0.100227669,-0.0504185,-0.100256287,-0.098565377,0.068182215,0.070537157,-0.100293435,0.100141443,-0.100286685,-0.100292832,-0.092284821,0.100182943,-0.100295387,-0.079553999,-0.100286439,0.00190236,0.013997096,0.100294977,-0.10028518,-0.085650384,0.100293152,-0.100294605,0.10029453,-0.10027726,-0.10020633,0.049954072,-0.094504923,-0.100293756,-0.100283138,-0.009890554,0.098164536,-0.100291103,0.100264065,0.100244708,0.099452749,-0.098859817,0.100295387,0.091277651,0.091237135,-0.005637982,-0.099926829,-0.095388368,0.100295335,-0.100031115,-0.060663391,0.028442113,0.099900626,-0.053594857,-0.099352084,-0.094050787,0.016455712,-0.076671459,0.088391855,0.095564432,0.100273713,-0.100276329,0.075122163,-0.100295275,-0.068860404,-0.074098513,-0.07888823,-0.100291349,-0.098786265,-0.100295134,-0.024915749,0.100267574,-0.097407989,0.100293651,0.100259215,-0.047257032,0.100292951,-0.095662534,0.099141009,0.034268692,-0.097924307,-0.097436026,-0.099703677,0.100295305,0.096963286,0.084258318,0.094784707,-0.10028854,0.100101694,-0.100266032,0.019904856,0.100167453,0.052711282,-0.098587401,0.063445136,0.100231186,-0.040102243,0.036297712,0.097203948,0.100280821,-0.072022833,-0.095445499,0.0986747,0.097920246,0.099248663,0.056096315,-0.100295387,0.077332325,0.100283995,0.08673045,-0.040124673,-0.100275673,-0.100295193,-0.099942654,-0.100294068,0.100273244,-0.100266904,-0.035869524,-0.099816777,0.099459179,0.09826953,-0.098675728,0.100288607,0.058390144,-0.087902449,0.002906493,0.099377759,0.100159213,-0.098543778
clarithromycin,AGOYDEPGAOXOCK-KCBOHYOISA-N,D3,-0.092845872,-0.041317359,0.092843086,0.036269959,-0.092840545,0.089492515,-0.092790924,0.092845872,0.092833273,-0.09284468,0.092479751,0.092845872,-0.09275578,0.047226109,0.092406824,0.092845872,-0.092845559,-0.092531092,0.092845872,-0.092845872,0.031388283,0.092842013,-0.092845872,0.092845872,-0.09188395,-0.092845872,0.092845872,0.092845872,0.079036452,0.092771083,0.090709858,0.092548229,-0.088448353,-0.092842825,-0.092808038,-0.092671342,0.085846618,0.06421423,-0.092845872,-0.092583403,0.092385851,0.076442033,-0.092660606,-0.09284538,0.092832878,0.092841409,0.008539266,-0.092845872,0.092845872,-0.087285742,0.092845872,-0.087877803,0.088617682,0.092646502,0.092845872,-0.092845872,-0.092027061,0.070246577,0.069302656,0.092845872,-0.0928225,-0.091180742,-0.085222594,-0.092845872,0.092845872,0.092845872,0.09283758,0.091675818,-0.024457412,0.092845872,-0.092845872,-0.092843302,0.092845708,-0.092845872,0.092784338,0.025057791,-0.092845872,0.089227639,-0.077915296,0.092321761,0.09284582,0.087272294,0.019639328,0.075446241,0.092753679,-0.092845872,-0.092845567,0.089150161,0.092845872,0.092824325,-0.092845872,-0.092839897,0.092837602,0.092830129,0.092844084,-0.092845872,0.092845872,0.092845872,-0.087408602,-0.092845872,-0.092845388,-0.09284573,0.08822801,0.092845872,-0.087213479,0.092845798,-0.092845872,-0.083090261,0.092797495,-0.092845581,-0.092801131,0.091707885,0.092833444,-0.092845872,-0.092468806,-0.0911538,0.089639477,-0.092815816,0.086670525,0.092550993,-0.09274599,-0.092552528,-0.092799,0.092844874,-0.092747875,-0.092827834,0.082824364,-0.092844605
clinafloxacin,QGPKADBNRMWEQR-UHFFFAOYSA-N,D3,-0.002511867,-0.113647312,0.043542553,0.057559647,-0.103883415,0.112713426,-0.112057343,0.101620026,-0.112070538,-0.090814658,0.112161756,-0.07307747,0.108505771,-0.010440065,-0.11289078,-0.113660105,-0.10589996,-0.112693369,0.091996022,-0.109930113,0.087086372,0.109196566,0.011609362,-0.088767454,-0.021128878,-0.054778002,-0.023007169,0.096974388,-0.101816736,-0.09006805,0.104914799,0.096898898,-0.111342072,-0.108449601,-0.110367335,0.066763699,-0.100558303,0.113891907,0.104151458,-0.0884514,0.020853113,0.024153328,0.088104025,0.090208508,0.092847489,-0.048873089,-0.109375075,0.022485044,0.075751044,-0.101970658,0.099598341,0.092000559,0.071341135,0.103784472,-0.06560456,-0.109020993,0.098706484,0.11036288,0.098316863,0.112378411,-0.100794032,-0.107813783,-0.107743815,-0.068613313,0.083104983,-0.053842876,-0.097559817,-0.094389811,-0.090423398,0.109722301,-0.02899443,-0.075415142,0.065787368,0.060713395,-0.036601286,0.109059453,-0.113792382,-0.02843417,0.112972081,-0.082626097,0.101599209,-0.10571532,0.088615499,0.105840988,0.113138169,-0.111598641,-0.108085386,-0.093410686,-0.005376664,-0.106929772,0.09897425,0.03425638,-0.082102597,0.027438067,-0.093452007,-0.099048607,-0.103703626,0.100089669,0.113314241,-0.108001135,-0.009809686,0.084168896,0.063988119,0.059442509,-0.110782795,-0.112602673,0.053552672,0.064258486,-0.071297847,-0.09155947,-0.105929583,-0.110154927,-0.057495855,-0.108017534,0.040554654,-0.051100031,-0.077989288,-0.092520744,0.104382165,0.103747576,0.035077251,-0.009780359,-0.098777622,0.018597497,0.010135099,-0.10985221,0.079390258,-0.067781858
clindamycin,KDLRVYVGXIQJDK-AWPVFWJPSA-N,D3,0.092466719,0.103196278,-0.033531036,0.004409899,-0.094310507,-0.105499037,-0.009474176,-0.107626103,0.096305184,0.112752125,-0.007805212,0.101434827,0.103596263,-0.103269756,-0.016043151,0.082300603,0.083909996,-0.025091305,-0.001773028,0.112800606,0.031625286,0.030427132,-0.11234463,-0.010382455,0.112536453,0.111410543,-0.012588841,-0.11210081,-0.111680686,0.087197624,0.106123149,-0.112678051,0.109763391,-0.031742658,-0.096742705,-0.017355125,0.074210279,-0.077089712,-0.102531686,-0.112603389,-0.109735727,-0.109662667,0.050298661,-0.106995985,-0.09558598,0.04763785,0.102559291,-0.036058348,-0.068787806,-0.096678078,0.072819896,0.108102009,-0.06593547,-0.088791214,-0.101060033,0.107387565,0.1010065,-0.111154914,-0.038987488,0.099448964,0.036278442,0.112435482,0.034654442,0.112531446,-0.05430403,-0.06233073,0.110524401,-0.036973201,0.103990816,-0.066415273,0.11032737,-0.059710506,-0.10818015,0.111437932,-0.084378943,0.112554304,0.066481166,-0.073869653,-0.106868885,0.108977206,0.10845758,0.043632794,-0.111571059,0.112675376,0.046725307,-0.089763828,0.107686684,0.102870382,-0.104888454,-0.112208501,-0.067713931,-0.11211729,0.093891948,-0.112434089,-0.036917225,0.111552976,-0.095643461,-0.051985927,-0.002078345,0.097467579,-0.100936264,0.036213204,0.094954431,-0.079889916,0.053204127,-0.050143156,0.023335669,-0.096887194,-0.104165785,0.107708044,-0.086900756,-0.111114971,0.101565227,-0.090997376,-0.112420917,0.002165544,0.006756319,-0.107665204,0.111144491,-0.084985323,-0.094510689,-0.085896812,-0.112685539,-0.112337105,-0.102830566,0.058324359,0.112564206,0.111944035
clindamycin phosphate,UFUVLHLTWXBHGZ-MGZQPHGTSA-N,D3,0.114416435,0.045302898,-0.107271664,-0.01003563,-0.025462056,-0.1035171,-0.119455069,-0.094066516,0.056887385,0.120380551,-0.009041967,0.083695255,-0.103865594,0.062367581,-0.117748737,0.067150146,-0.119578525,-0.11821755,-0.112990893,0.120416246,-0.100501284,0.042248249,0.015944894,0.094511859,0.117205456,0.120069697,0.004986562,-0.061135896,0.020258084,0.016099475,-0.016598789,0.073347934,0.1103388,-0.034986798,-0.098911606,0.120336413,0.113791354,-0.042217657,-0.111895472,-0.102891564,-0.082861289,0.010119882,-0.067062184,-0.114625029,0.00398135,0.120373495,0.092124924,-0.109809205,-0.107550703,-0.111095138,0.115699589,0.076976471,-0.084970936,-0.087818384,-0.095565073,0.119642496,0.022843929,-0.100545719,-0.113836966,0.115688093,0.119563818,0.078299046,0.060498934,0.117101945,0.101985872,-0.116120763,-0.016446052,0.019836234,0.040205948,0.020579085,-0.000218415,0.091576196,-0.031488359,0.120240785,-0.095751092,0.1186224,-0.110175878,-0.106879078,-0.115696214,0.07364215,-0.029596521,0.087337397,-0.11918591,0.120249622,0.081879497,0.058933649,-0.030360272,0.116580285,0.11838679,-0.105005831,0.091238365,-0.078818612,0.02899128,-0.117883809,-0.024475265,0.119996548,0.001587971,-0.120348096,0.074078463,0.048072912,-0.0401132,0.075544462,-0.041818056,-0.119864292,0.119693421,-0.035866547,-0.112459093,0.115906931,-0.044571873,0.079405367,-0.046967361,-0.120366976,0.12013039,-0.119870931,-0.070573196,-0.082986794,-0.066269912,-0.065347195,0.045075644,0.06201743,0.050926883,-0.087556019,-0.106214657,-0.07645753,0.083971381,-0.074280769,0.120311655,0.072608843
clofazimine,WDQPAMHFFCXSNU-UHFFFAOYSA-N,D3,-0.074165799,0.029997407,-0.078545168,0.032100879,0.082983121,-0.108427458,0.07941737,0.027695069,-0.108081251,0.033809438,-0.108412661,0.042724036,-0.025834769,-0.062134746,0.040108982,-0.103244506,-0.105578803,0.075349011,-0.108075581,-0.10888233,0.093670651,0.092132345,0.069258444,0.078054667,-0.093401261,-0.10600435,-0.082475647,-0.109021083,-0.097228773,0.101285629,0.106180094,0.042601734,-0.048099566,0.055947494,-0.04588506,-0.079689987,-0.09901879,-0.108996488,-0.078354664,-0.109614827,-0.105683908,-0.103960074,-0.09368965,-0.079259641,0.094302893,-0.109230772,-0.110111788,0.10972482,-0.088355541,0.083428815,-0.002963076,-0.107879773,0.092415333,-0.098243557,-0.084472269,-0.104424432,0.108252309,0.070249751,0.109258451,0.105399512,-0.078184567,-0.08939679,-0.109853968,0.106877103,0.105546042,-0.042298537,0.107544802,0.107439809,-0.047180217,0.093320318,0.107931823,-0.014767258,-0.094719127,0.070955582,-0.100467421,-0.106705837,-0.109874085,-0.105294064,-0.110160559,0.014538528,0.106669098,0.109298095,0.065317005,0.105304264,-0.087668471,-0.109915026,0.101430744,-0.050371401,0.012425672,-0.107652828,-0.109880276,0.10867551,0.105641648,-0.109751925,0.020880783,0.102949888,0.056974977,0.1094037,0.107835621,-0.054182585,-0.062389683,0.109236643,0.048050281,0.101998791,-0.069379173,-0.099569708,-0.105678253,0.105317876,-0.065353073,-0.062390544,-0.098631814,-0.109175652,0.057585403,-0.060908604,0.097931482,-0.109361395,-0.021670939,-0.021284752,0.024437081,-0.105518423,-0.011581574,0.072105244,-0.072045103,-0.110170588,0.109483197,-0.105097845,0.09494333,0.098939084
cloxacillin,LQOLIRLGBULYKD-JKIFEVAISA-N,D3,-0.102443293,-0.094732769,-0.093949147,-0.082213573,-0.061026026,-0.102447659,0.102451026,-0.095184654,0.041439343,-0.102451973,0.075824246,0.098752491,0.060086958,-0.097417578,0.083197244,-0.101070866,-0.008852588,0.09642455,0.008272457,-0.091093741,-0.081792526,0.102452569,-0.102452539,0.100556612,0.099682786,-0.102450661,-0.07602419,-0.100914165,-0.10078124,0.099086978,0.066735789,-0.09895587,0.058812402,0.102420688,-0.09846665,-0.100285999,-0.084269308,0.101351947,0.058702625,-0.102406166,0.061577488,-0.102450944,0.101862021,0.102198116,-0.100557059,-0.078312255,-0.084865078,-0.001151326,-0.008161272,-0.102166913,0.09498813,-0.085536949,0.028042424,0.102452569,0.102375865,-0.102383308,0.102352083,-0.092780985,0.102429457,-0.055459097,-0.099224783,-0.101243183,-0.100850053,0.079116307,-0.102049887,0.098432347,0.098135024,-0.101973101,0.09770041,-0.078060284,-0.090859026,-0.102451578,-0.030218605,0.098899364,-0.090028137,-0.10126625,-0.102350071,-0.013985859,0.102420561,-0.101902507,-0.0057666,0.038980484,-0.057957303,0.101996861,0.05862185,-0.102414496,-0.024416365,-0.097514853,0.061311141,-0.088310495,-0.051520776,-0.102401324,-0.102392904,-0.090566553,-0.026828429,-0.10241434,0.10117837,0.093840592,-0.102451622,-0.001733832,-0.007394319,-0.069576062,0.099373072,0.102055438,-0.102209918,0.102450542,0.102403797,-0.10244827,0.102442056,-0.102362446,-0.101249509,0.102411926,-0.089508347,0.102391683,-0.078842014,-0.102452569,-0.102163859,0.070217647,-0.09888421,0.080592513,0.101888359,0.09062881,-0.098457217,0.055661753,0.013230873,-0.101715542,-0.096363209,-0.098793529
colistin,YKQOSKADJPQZHB-RGYSVOEGSA-N,D3,0.012332081,-0.094764747,-0.094938122,0.081379503,0.093069814,-0.003894951,0.008399062,0.019210072,0.094933547,0.094937168,0.094932683,0.010769196,-0.094937988,0.09401948,-0.094622903,0.09492369,-0.094837382,0.090704031,-0.094272427,0.094938092,0.09493804,-0.094934642,0.094937883,0.094932102,0.094557188,0.094938122,-0.094937243,-0.089624718,-0.093700804,-0.094928846,-0.094542824,0.033694036,0.09493801,-0.094937839,0.094688281,0.094924912,0.039934963,-0.094938122,-0.094938122,0.094904117,0.092903815,-0.055826563,-0.094937101,-0.094938122,-0.094937995,0.094938084,-0.067588441,-0.094933644,-0.09493807,-0.094531879,0.094938122,0.089911677,-0.094812945,-0.094938122,0.094935991,0.094875611,-0.094938062,-0.094937712,-0.094938122,0.094910301,0.090286739,-0.035970878,0.094101213,-0.093721174,0.094937451,-0.094938122,0.094813831,-0.086794235,-0.094937973,0.094938122,0.094924912,0.049089462,0.094938122,0.002137655,0.094938122,0.09492556,-0.09396717,-0.09493804,-0.094938122,0.094938122,0.094938122,0.094936043,-0.059155233,0.093586497,0.024044594,0.094937712,-0.09493807,0.094937943,0.000830914,0.027523289,-0.094937921,-0.09420187,0.094938122,0.094888896,0.094911732,0.094938122,0.094919346,-0.094936773,0.094935477,-0.094929531,-0.094936103,-0.094938122,0.094740607,-0.094938099,0.094938122,-0.094923772,-0.094938122,0.094938122,-0.083361782,0.005395104,0.094921999,-0.094937995,0.094938122,-0.094937772,-0.09054631,0.094937265,0.094930097,0.094937995,0.094773754,-0.094937943,-0.094914794,-0.09487325,0.064644404,-0.094937809,-0.084977224,-0.094089352,0.093506172,-0.094938122
colistin a,XDJYMJULXQKGMM-RVYUQJQSSA-N,D3,0.007508451,-0.09493681,-0.095249303,0.088469103,0.091858588,0.028264707,-0.07741183,0.042721719,0.095238343,0.095247291,0.095234603,-0.036918856,-0.095249027,0.094386481,-0.094979264,0.095232196,-0.095120199,0.08118882,-0.09342479,0.095249228,0.095249183,-0.095246129,0.095248662,0.095239319,0.09471152,0.095249303,-0.095242508,-0.091788128,-0.093480416,-0.095233239,-0.095123939,0.046806976,0.095248863,-0.095248185,0.094322175,0.095235631,0.044394519,-0.095249303,-0.095249303,0.095153555,0.091849752,0.002071942,-0.095248386,-0.095249303,-0.095248118,0.095249146,-0.016903495,-0.095247418,-0.095249087,-0.094733506,0.095249303,0.090966664,-0.095168702,-0.095249303,0.095236495,0.095211715,-0.095248863,-0.095243715,-0.095249303,0.095224127,0.091216199,-0.013128488,0.087565705,-0.092392065,0.095245734,-0.095249303,0.095131427,-0.075645097,-0.095249176,0.095249303,0.095233515,0.059699334,0.095249243,-0.026400616,0.095249303,0.095222712,-0.094935142,-0.095249213,-0.095249303,0.095249303,0.095249303,0.095228516,-0.085273355,0.087123044,0.028936891,0.095243216,-0.095248953,0.095248736,-0.040598217,-0.015615064,-0.095247231,-0.092593297,0.095249303,0.094933048,0.095081903,0.095249303,0.095122419,-0.0952437,0.095246397,-0.095229208,-0.095242374,-0.095249183,0.093857989,-0.095249191,0.095249303,-0.095234029,-0.095249303,0.095249303,-0.087439813,0.038239323,0.095214419,-0.095249116,0.095249288,-0.095248669,-0.0894031,0.095246434,0.095219985,0.0952482,0.094832875,-0.095249169,-0.095112346,-0.094981447,0.008478572,-0.095249116,-0.020357039,-0.093063913,0.093760177,-0.095249221
colistin b,KNIWPHSUTGNZST-SSWRVQTPSA-N,D3,-0.029500429,-0.093530126,-0.094627939,0.093661293,0.092785873,-0.030815119,-0.082675815,0.072539777,0.094618164,0.094626598,0.094579302,-0.081525579,-0.094626933,0.093397535,-0.094040796,0.09458524,-0.094163209,0.069555201,-0.087166525,0.094627634,0.094627276,-0.094627306,0.094624631,0.094559848,0.093503222,0.094627939,-0.094611064,-0.088640258,-0.08719445,-0.094517723,-0.094586492,-0.046914764,0.094627634,-0.094625346,0.094218932,0.09459649,0.028272402,-0.094627939,-0.094627939,0.094564304,0.09039773,0.06991642,-0.094627671,-0.094627783,-0.094623178,0.094626695,0.085242189,-0.094625652,-0.094627887,-0.094246216,0.094627939,0.090303928,-0.094625525,-0.094627939,0.094541185,0.094622366,-0.094625868,-0.094615623,-0.094627611,0.094593957,0.090339892,0.03345665,0.064914636,-0.069132388,0.094601229,-0.094627939,0.094301462,-0.039250851,-0.094627522,0.09462788,0.094622508,0.046772368,0.094627723,-0.010332758,0.094627909,0.094607517,-0.091646492,-0.094627798,-0.094627939,0.094627939,0.094627738,0.092654295,-0.064621665,0.079517953,0.048379123,0.094620198,-0.094624773,0.094625957,-0.071680143,-0.055497061,-0.094616324,-0.084239237,0.094627939,0.093407191,0.094335511,0.094627939,0.093967557,-0.094625771,0.094625957,-0.094464205,-0.09459886,-0.094624989,0.091179147,-0.094626471,0.094627745,-0.09460476,-0.094627939,0.094627939,-0.087314136,0.084287465,0.094521843,-0.094627418,0.094627939,-0.094616294,-0.0918478,0.094621636,0.094532497,0.094618671,0.092951007,-0.094627902,-0.093580619,-0.093456082,-0.084341973,-0.094627902,0.012712252,-0.04857327,0.093493588,-0.094627716
curcumin,VFLDPWHFBUODDF-FCXRPNKRSA-N,D3,-0.08961118,0.08961118,-0.089600042,0.08961118,0.081955053,0.08961118,-0.08961118,0.08961118,0.08961118,0.08961118,-0.08961118,-0.08961118,-0.08961118,-0.074398056,0.08961118,0.08961118,-0.089611143,0.08961118,-0.089590721,0.08961118,-0.089382105,-0.08961118,-0.08961118,0.08961118,-0.087355837,-0.089595281,-0.088546731,-0.08961118,0.08961118,-0.08961118,-0.089611098,0.08961118,0.088065326,-0.08961118,0.089610435,0.013493014,0.08961118,-0.08961118,-0.08961118,0.056502488,-0.08961118,0.08961118,-0.08961118,-0.08961118,-0.085364543,0.08961118,-0.089610696,-0.08961118,0.087800704,0.089611158,0.08961118,0.08961118,-0.089611083,-0.08961118,-0.089590482,-0.071259916,-0.089610979,0.08961118,0.089358225,-0.08961118,0.08961118,-0.08961118,-0.08961118,-0.089608379,0.08961118,-0.089610323,-0.059663072,0.08961118,-0.08961118,0.08961118,-0.08961118,-0.08961118,-0.08961118,-0.08961118,0.08961118,-0.089594908,-0.08961118,0.08961118,-0.08961118,0.08961118,0.08961118,0.08961118,-0.08961118,-0.08961115,-0.08961118,-0.086676009,0.089562781,0.08961118,0.089609228,0.08961118,-0.08961118,-0.08961118,-0.08961118,0.08961118,0.089611061,0.08961118,-0.08961118,0.08961118,-0.089604698,0.08961118,0.087041616,-0.089597225,0.08961118,0.08961118,-0.08961118,-0.08961118,-0.08961118,0.08961118,-0.088416949,-0.08961118,-0.089595363,-0.08961118,0.08961118,-0.08961118,0.089609452,0.08961118,0.089609154,0.08961118,-0.089611068,-0.08961118,0.089609131,-0.08961118,0.085538819,-0.08961118,0.08961118,0.08961118,0.08961118,-0.08961118
cycloserine,DYDCUQKUCUHJBH-UWTATZPHSA-N,D3,-0.097350985,-0.097792901,0.071075849,-0.097491838,0.074177019,0.035495251,0.096419632,-0.055055369,-0.097635604,-0.097502649,-0.077917606,0.0760829,-0.096747629,0.083842769,0.097003706,-0.097793862,-0.087049268,-0.083321273,-0.094096802,-0.095131852,-0.097795859,0.095032789,-0.061563335,-0.096657291,0.097783484,0.094948187,-0.095761873,0.097730488,-0.082394242,0.09730269,0.097668298,-0.095537186,0.097707778,-0.078481965,0.09779539,-0.097240061,0.09463919,-0.0977934,0.097792484,0.097628571,-0.091762066,-0.096378505,0.097434208,0.097096227,-0.045119986,0.077783406,-0.094428398,0.09778972,0.097493008,0.097719185,-0.097056232,-0.09769889,0.097788908,0.053422503,-0.032650542,-0.08461149,-0.096305817,-0.097552732,0.072157361,0.097795822,-0.097794153,0.095168978,0.097670101,-0.095984519,-0.014919367,0.097406216,0.096854284,0.072156981,-0.069526114,-0.09031558,0.097565405,-0.046722103,0.097749792,-0.080163665,0.097743198,0.085538171,0.097766124,0.097740471,0.09717714,-0.097767189,-0.097664788,-0.097107574,0.097411625,0.097737297,-0.08232668,0.062335812,-0.097755231,0.026004275,0.097795859,0.023068583,-0.097782426,-0.076051921,0.097175166,0.092038572,0.075039238,-0.097734749,0.090300813,0.081259757,-0.060519706,0.065438032,0.094179071,-0.097731031,0.09617386,0.097772658,0.096187681,0.095542237,0.094709709,-0.055365313,0.097060569,0.097788244,0.033672217,0.097485222,0.061424084,-0.092574865,-0.097283199,-0.017386194,-0.094016105,0.074916065,-0.096820168,0.097790815,-0.097514048,0.04550289,0.09779311,0.097795159,-0.096812285,0.09778095,0.086469263,0.097779267
dalbavancin,KGPGQDLTDHGEGT-SZUNQUCBSA-N,D3,-0.100521415,0.100512356,-0.100049347,0.100519672,-0.100521736,0.100245111,-0.100521736,0.100521736,-0.099995546,0.100505687,-0.100516215,0.074129745,-0.100369044,-0.096727349,-0.097331703,0.045301381,-0.100521736,0.100372657,0.088011958,0.10043636,0.075071044,0.057269458,-0.031469453,0.01864009,0.100482859,0.06577529,0.009028955,0.04483325,-0.056177411,-0.100519903,0.100079268,0.100521453,0.051057607,-0.100519367,-0.100211255,0.100359254,0.100521408,-0.100521654,-0.100457132,-0.100519724,-0.10051816,0.085884094,0.041157618,-0.082321383,0.100024015,0.099702224,0.095232852,-0.100347355,-0.100287192,-0.044750389,0.100495256,-0.100472309,-0.071764424,0.0459911,-0.034325719,-0.100255057,0.10027989,0.100521736,-0.003166137,-0.05730911,-0.045283951,-0.100521736,0.040686902,0.100257561,0.100521736,-0.100226767,-0.095567718,-0.100458391,-0.099021949,0.100418843,-0.100512631,-0.083600551,0.100511149,0.100521304,0.099777333,0.100521639,-0.10051953,-0.099946931,-0.099406913,-0.041827355,0.100521535,-0.100131147,-0.100521691,0.100275025,0.100326873,-0.094988175,-0.100517288,-0.040341161,0.085017972,-0.046726428,-0.014364284,0.025831977,0.097902767,-0.100473046,-0.079256646,0.10051816,-0.100408629,0.029920693,-0.057122141,-0.100445993,-0.100187793,0.098812848,-0.100421309,-0.097616613,-0.100521602,-0.056467175,-0.100519188,0.100453489,0.082301646,-0.081374697,-0.100521691,-0.100521721,0.100521736,0.073739856,-0.03385612,-0.042051971,-0.091745071,-0.075129583,0.100481734,-0.083259121,-0.040519737,-0.100521736,-0.100516118,-0.100509688,-0.100498728,-0.100214288,0.100519471,-0.098873854
dalfopristin,SUYRLXYYZQTJHF-VMBLUXKRSA-N,D3,-0.042011209,-0.06862469,-0.119922288,-0.028702443,0.040577449,-0.118279487,0.110310033,-0.120223299,-0.035137337,-0.121419132,0.120310642,0.043609135,0.038913112,0.034710716,-0.08248394,-0.105483711,0.001374351,-0.110438421,0.102072313,-0.084285177,-0.109838612,0.120686285,-0.11551924,0.110521913,0.112207241,-0.079263099,-0.117082976,-0.088235199,-0.103201099,0.121266156,0.075829163,-0.116774276,0.110350259,0.120432086,-0.075722955,-0.113149129,-0.033325862,0.09900555,0.089265302,-0.120377764,0.028815776,-0.115892701,0.100009002,-0.01800536,-0.12050087,0.102844946,0.010336583,0.107037187,0.016151281,-0.090056434,0.05695907,-0.095468692,-0.048356209,0.121413417,0.121096976,0.073211469,0.103105135,-0.110402063,0.116695672,0.121515684,0.001179339,0.104636781,-0.097278193,-0.015586185,-0.112840459,0.11171034,0.121338628,-0.105286255,0.043175537,-0.106013156,0.097220361,-0.121406287,0.11332991,0.044138834,-0.119091794,-0.053013053,0.028964987,-0.009840838,0.049747903,-0.120163225,-0.045351427,0.03429883,-0.041583959,0.121319652,-0.001055674,-0.119648062,-0.002170098,-0.046012994,0.119397357,-0.081272796,-0.013976599,-0.01831859,0.094066992,-0.113390684,0.120534323,-0.042245746,0.121455945,-0.11623852,0.040083952,0.070081882,0.05120413,-0.069232285,0.057325359,0.096890397,0.00306305,0.120696962,0.121017128,-0.048005823,-0.01781363,0.120177202,-0.016570996,0.094030768,-0.032202408,0.115278788,-0.121422209,-0.120483302,0.000589398,0.027000951,0.026659541,0.009700806,-0.090247534,0.106895551,-0.112242259,-0.11275772,0.018369503,-0.081596665,0.028501591,0.070300363
danofloxacin,QMLVECGLEOSESV-RYUDHWBXSA-N,D3,-0.101035886,-0.102946445,-0.105175629,0.091955736,-0.081547119,0.064612783,-0.105055921,0.091938719,0.099267088,0.10518457,0.094221637,-0.011938714,0.068883918,-0.104895256,-0.099978209,0.016393533,-0.101108231,-0.105140157,-0.004837428,0.103141651,0.078225434,0.043644402,0.100936502,0.100803293,-0.104812749,0.104995035,-0.105186418,0.087401904,0.102896795,-0.105188243,-0.058894366,0.098258428,0.02970203,-0.105189741,-0.085571133,0.105180547,-0.03885325,0.035797294,-0.100194685,-0.082220852,-0.0698869,0.105186611,-0.028612444,-0.105128735,0.053390805,0.105158687,0.105159529,-0.025176115,-0.105190344,-0.100355878,0.105190329,-0.032556273,-0.105130672,-0.103768967,0.099991582,0.103454314,-0.065016702,0.09478581,0.101046041,0.084110864,0.035849333,-0.105013601,-0.062743694,-0.018992864,0.105108283,-0.050758138,-0.104985766,-0.099732533,0.061174065,-0.094763286,0.023866972,-0.085309409,0.105120555,0.104920238,-0.065737717,0.105158694,-0.098245889,-0.10093344,-0.032805562,0.102640443,-0.103953958,-0.105131522,0.088939846,0.105164692,0.101336651,0.104990743,-0.025651101,0.104494713,0.10311304,0.100639902,0.093547896,-0.055324379,-0.004584161,0.07364846,0.105184302,0.105113961,0.102711357,-0.105190001,0.104314402,0.046014123,-0.088231869,0.104358561,0.094030134,-0.071424343,-0.102858841,-0.104898073,0.044338062,0.105115406,0.050713278,0.065052502,-0.104984388,-0.105187081,0.105181865,0.007254248,0.062494155,-0.104988888,0.105127528,-0.075128235,0.031430244,-0.077895023,-0.084709324,-0.077507615,-0.105190456,-0.103251942,0.085883819,-0.09305118,0.104939438,-0.104999095
dapsone,MQJKPEGWNLWLTK-UHFFFAOYSA-N,D3,0.098072469,0.094836973,0.0980644,-0.097966745,-0.098065659,0.098071605,0.098070413,-0.025177727,0.096764505,0.096452825,0.076615445,0.098068945,0.098072469,0.053919576,0.097662382,0.081516422,0.024260666,-0.003836425,0.09793999,-0.078533016,0.098072469,0.036035091,-0.098072268,0.098072059,-0.098060161,-0.097924419,0.096333764,0.097878464,-0.092703827,-0.091565236,0.067531586,-0.098032475,-0.09778735,-0.079349257,-0.098072469,-0.017445838,-0.098066553,0.096675605,0.094085813,-0.098035522,0.094334468,-0.093488015,0.098071627,-0.067345396,-0.070346847,0.035010833,0.098002121,-0.059480183,0.086779952,-0.097370438,-0.098072238,0.098068602,-0.098035745,-0.097947322,0.084804989,-0.098065034,-0.096614167,-0.098061576,-0.098062657,-0.098072208,-0.097967669,0.097091347,0.098072432,-0.097817875,0.095621571,-0.097342946,0.004145506,-0.098066323,0.095915623,-0.054264594,-0.08091674,0.098068491,-0.047417678,0.097177371,-0.098072469,0.043355796,-0.096143797,-0.090488434,0.094995119,0.066317864,0.098010495,-0.098013654,0.01549674,-0.098024838,0.09798608,0.097756132,0.098072268,-0.098064542,0.081351019,-0.098072268,-0.097175114,0.098032869,-0.09806592,-0.049052667,-0.095228784,-0.092989288,0.002386171,0.082043059,-0.097162716,-0.098070562,0.097815648,-0.097773477,-0.098072469,-0.09807229,0.038731132,-0.08953128,-0.096910045,-0.098072469,-0.041913852,0.098071009,0.098014332,-0.091735199,-0.09807235,-0.090323545,0.074912257,-0.086181641,0.097442366,-0.098069675,0.097353168,0.078067496,0.013617458,-0.056464165,-0.096961074,0.098058216,-0.097460724,-0.098069727,-0.097987376,0.096651867
daptomycin,DOAKLVKFURWEDJ-QCMAZARJSA-N,D3,-0.000164994,-0.097922295,-0.098969229,0.073918678,-0.098924756,0.098931201,-0.098947734,0.098970495,0.067827359,0.098928705,-0.062299993,0.036044601,-0.098960154,0.094586119,-0.098683469,0.093445338,-0.09896902,0.098809764,-0.094855748,0.098971091,0.098965652,-0.0946116,0.098951824,0.092782699,0.098901041,0.09839268,-0.098824121,-0.098928764,-0.098609217,-0.098970644,-0.064933367,0.098918289,0.091101021,-0.098970026,-0.085165285,0.098300278,0.098288752,-0.098971136,-0.098971136,-0.076797426,-0.057170004,-0.040347058,-0.098901503,-0.098782264,0.005500351,0.098137788,-0.049837966,-0.098962083,-0.087315835,-0.079687744,0.098971121,0.07364022,0.016948743,-0.096073657,0.037190385,0.044119272,-0.068564333,0.097569503,-0.09891852,0.091699041,0.098453075,-0.09870062,-0.028420659,-0.098742917,0.098970726,-0.098970838,0.09619768,-0.001853614,-0.098970465,0.098971136,-0.052575808,0.094496325,-0.043780848,0.009582197,0.098971047,0.098946042,-0.098971136,-0.098965526,-0.098971136,0.098971061,0.098971136,0.092313714,-0.098970972,-0.018077351,0.072544999,-0.074224919,-0.098824933,0.097382233,-0.0726557,-0.094427444,-0.098919049,-0.09597598,0.098857716,-0.064342134,-0.096166342,0.098971136,-0.086771078,0.096968636,0.098969646,-0.096630454,-0.098849751,-0.098942794,0.031540476,-0.098966599,-0.097031616,-0.098937862,-0.098971136,0.098970868,-0.094476886,-0.097061552,0.004010687,-0.098969169,0.09897092,-0.098970994,0.09151537,0.098489024,0.094093293,0.077611051,0.097878672,-0.098916359,0.045014694,-0.098970205,-0.09302526,-0.098970704,-0.006019268,-0.097729154,0.098832846,-0.098929845
delafloxacin,DYDCPNMLZGFQTM-UHFFFAOYSA-N,D3,-0.099861108,-0.109356806,-0.087607928,-0.015843589,-0.110397667,-0.102918796,0.103165366,-0.032960258,0.052834019,-0.112151459,0.107254483,0.111658432,0.080338426,0.016462639,-0.110039778,-0.107285276,-0.109593958,-0.02034219,-0.105275027,-0.094474316,-0.100756824,0.112061739,-0.068382025,0.107348293,0.020739194,-0.049840353,-0.107448235,0.070172302,0.099015392,0.073080488,0.1043946,-4.73e-05,0.076907843,0.076103099,0.05312058,0.111725114,-0.081860721,0.068469271,-0.016379103,-0.042173136,0.083415262,-0.112196378,-0.01383292,0.04299986,-0.110675327,0.111123361,-0.057048492,-0.073876508,-0.098121166,-0.110258311,0.110472716,-0.105630144,0.026544385,0.108804144,0.112216026,-0.022786811,-0.044097714,-0.090016305,-0.104247279,0.111418314,-0.002613788,-0.108991139,-0.061036013,-0.023980238,0.111497506,0.107426196,0.102508575,-0.105437383,-0.059869226,0.082966931,-0.097803906,-0.102148108,0.112203605,0.111523055,-0.067311496,-0.047502548,-0.100731999,0.093879841,-0.082974687,-0.112028971,-0.079766661,-0.074937105,0.099291719,0.073762789,0.10563153,-0.055243853,-0.112116843,-0.094526343,0.111830398,-0.086830057,-0.101962976,0.075004473,0.102112055,-0.052663274,0.104044333,0.109549038,0.112131573,-0.097940303,-0.000887011,-0.110941879,0.054155029,-0.108036779,0.00938346,-0.108190633,0.093955621,0.103267148,-0.110179357,-0.017108764,0.110471517,0.081381425,0.007489121,-0.040691644,0.057413105,-0.103302442,-0.110343114,-0.112207137,0.041774333,0.110501446,-0.111418165,0.106305562,0.107075594,0.005048685,-0.106890313,-0.110285766,0.017972168,-0.108883835,-0.051554698,-0.111813635
delamanid,XDAOLTSRNUSPPH-XMMPIXPASA-N,D3,0.117139652,-0.093771473,-0.052529112,-0.110787526,-0.015469951,-0.056431133,-0.070594452,-0.063438773,-0.116929367,0.052416939,-0.016977688,0.0309029,-0.090159245,0.080801167,-0.118890278,-0.093034215,0.039067142,-0.103508763,-0.004372268,0.112340674,-0.118373856,0.109417453,-0.099564426,0.020297918,0.090011783,0.097114384,0.114396922,-0.100513913,0.011791316,0.109837227,-0.041479763,0.101829,-0.115744077,-0.030181546,-0.050834171,0.117150947,0.099137515,0.11833059,0.120158061,0.112432063,0.05755394,-0.041126162,0.05913635,0.096527562,0.096573226,0.114276201,0.057399753,0.118170358,0.058283683,0.003744284,0.015005352,-0.042282406,0.117919683,0.111390039,-0.117077127,-0.108424775,-0.104478978,-0.094464622,0.066439144,0.041273266,0.118287399,0.107987829,0.075896852,-0.113354757,-0.105332069,-0.026545996,-0.064143114,-0.06905587,0.119587481,-0.106577322,0.080076441,-0.059452504,-0.100796796,-0.006104104,-0.119053453,-0.060948212,-0.114289246,0.119028606,0.115339093,0.025600903,-0.115360551,0.004218725,-0.068262279,0.099824108,-0.086921357,-0.088260271,0.00055931,-0.118555225,0.093745604,0.032325525,0.115571618,-0.089448445,0.084364809,0.102685638,-0.065930828,-0.102000184,0.036973305,-0.114304528,-0.07341142,0.08503177,0.087566875,-0.057538394,0.110711627,-0.116768561,-0.061721053,0.108051524,0.119770885,-0.056056738,-0.064378418,-0.098178506,-0.015724592,0.110511854,0.012840692,-0.077474684,0.090762071,-0.013151713,-0.093625918,0.109382726,0.104419775,0.119559817,0.095294178,0.055142827,0.118080497,0.120261289,-0.055770639,0.062443092,0.106647737,0.1149849
diclofenac,DCOPUUMXTXDBNB-UHFFFAOYSA-N,D3,-0.097402811,0.094693787,-0.088701926,-0.097332492,0.095135696,0.097396411,-0.097402819,0.008599036,-0.084612988,-0.077897727,0.047626089,0.097171195,-0.05242018,0.097402744,0.096989162,0.097402841,-0.097365223,0.097230442,-0.096786723,0.059111036,-0.095007226,0.080730677,-0.097026564,0.095078468,-0.09733256,-0.097401805,0.09739089,-0.097319633,0.09720055,0.097165927,-0.097402804,0.093904361,-0.076572925,0.072731964,-0.008567296,-0.097302966,0.041812181,-0.097402878,-0.097170904,-0.097400919,-0.005315309,0.097218841,-0.097367361,-0.096548095,-0.096665144,0.075534999,-0.097402841,-0.002805799,-0.097380891,0.095182568,0.09583281,-0.09740068,-0.097291015,-0.027032904,0.096248716,-0.097402878,-0.090431608,0.097402878,0.097402878,-0.015113709,0.096827269,-0.097402878,-0.095294066,0.089351118,0.097124681,-0.097358853,0.097402878,0.097402841,-0.097402878,0.097402878,-0.079198606,-0.097402878,0.044876039,-0.094318278,0.097402796,-0.097402878,-0.080608778,-0.097325981,-0.097402878,-0.097397096,0.097402878,0.095359564,-0.096580938,-0.078299053,-0.094836585,-0.089300677,-0.092258811,-0.097401112,-0.096760571,0.097391509,-0.097350329,0.09732645,0.097400486,-0.096676067,-0.095643416,-0.096371353,-0.096231423,0.036290873,-0.089825079,-0.060969476,-0.085794017,-0.067796983,-0.088571854,0.097381502,-0.097394213,-0.051194008,-0.097396873,-0.096967123,0.097351216,-0.035291631,-0.095881611,-0.097381011,0.097125351,0.03516404,-0.097402878,-0.036510382,-0.039095975,0.097284302,0.035180591,-0.097402878,0.097293921,0.096028216,-0.0973906,-0.060037017,0.097400792,-0.097402878,-0.097397387,-0.094707318
dicloxacillin,YFAGHNZHGGCZAX-JKIFEVAISA-N,D3,-0.096617907,-0.096337855,-0.085275315,0.060293537,-0.093950041,-0.096617907,0.09661784,-0.059466679,0.096604854,-0.096617907,0.093568049,0.096617796,-0.072567686,-0.096287094,0.095977373,0.017186383,0.094421484,0.074034505,0.052477699,-0.096617892,-0.091393732,0.096617907,-0.096617907,0.090659484,-0.03214141,-0.096617907,0.021005679,-0.096617907,-0.093238004,0.096595235,-0.093368188,-0.095210977,-0.047621798,0.09661749,-0.096597217,-0.096615925,-0.095977902,0.06628523,-0.050001815,-0.096617594,0.089122094,-0.096617907,-0.016698308,-0.092895091,-0.096617907,-0.003037336,-0.096617706,0.089549139,0.094230756,-0.096600607,0.09661787,-0.096515171,0.015960721,0.096617907,0.096617907,-0.096617907,0.096613869,-0.087299041,0.096617907,0.092573464,-0.096571505,-0.096598186,-0.096479356,0.088931642,0.033230547,0.096617907,0.096576706,0.095080331,-0.063693196,0.096507564,-0.096385419,-0.096617907,0.071038045,0.078760631,0.087322667,-0.096617907,-0.096617848,0.094452947,0.094123885,-0.093707375,0.096524552,0.096586898,0.092130966,0.096427381,-0.067440055,-0.096617907,0.036780253,-0.0966134,0.096438676,0.095713772,-0.096617833,-0.09661784,-0.096613109,0.028859625,0.040895462,-0.096617721,0.096534744,0.096593134,-0.096617907,0.058601804,0.095226325,-0.095504887,0.096616827,0.096617907,-0.096617907,0.096605286,0.096522734,-0.096617393,0.096617907,-0.096617907,-0.096614502,0.096617907,-0.096498482,0.096440844,-0.096617803,-0.096617907,-0.096614584,0.096617773,-0.096607387,-0.024517594,0.095464103,0.069015071,-0.09661787,0.095691785,0.056390118,-0.096615724,-0.096533909,-0.096297167
difloxacin,NOCJXYPHIIZEHN-UHFFFAOYSA-N,D3,-0.066356577,-0.101104103,-0.074824154,-0.101109147,-0.016143959,0.100947507,0.066401698,-0.084874399,-0.100881293,-0.036617331,0.100694187,-0.091282576,0.100066595,-0.098621763,-0.100949697,-0.101108953,0.048728075,-0.101102747,0.099658325,-0.099140264,0.099073254,0.029060312,0.101109169,0.093285978,-0.100837603,-0.090046063,-0.101108812,0.101079188,-0.078453235,-0.101045772,0.101023331,0.084192485,-0.010097505,-0.101109192,-0.083146438,0.077358879,-0.101007901,0.058256149,-0.036271092,0.100020625,-0.058145978,0.101092413,0.048501689,-0.100920573,0.091902517,0.100992568,-0.100773491,0.097278558,-0.054963432,0.098441795,0.101065129,0.064614981,0.077178448,-0.10078758,0.101103507,0.060120881,-0.100654237,0.033887651,-0.098638892,0.101103283,-0.094658911,-0.101019606,-0.100004934,-0.100562118,0.101103738,-0.069251873,-0.05919826,-0.100973718,-0.100981258,0.087242186,0.1007156,-0.07695885,0.101109162,-0.094463892,0.097697131,0.100132763,-0.101098187,-0.065958135,-0.09832935,-0.09619984,-0.054620598,0.099430144,0.101104796,0.100962579,-0.100811645,0.071289249,-0.101087995,0.101103507,0.071014203,0.100752838,0.066289008,0.092313863,0.097430706,0.101104639,0.101109229,-0.023578463,0.101108968,-0.09602043,0.101100616,-0.084010817,-0.100768544,-0.061174743,0.087066963,0.099035293,0.005961821,-0.100177541,-0.07714197,0.101109192,-0.100492902,0.08275339,-0.100240916,-0.101030454,0.064377598,-0.10110689,0.100684837,-0.088615529,0.100942194,0.080242597,0.100880101,-0.006557904,-0.099804603,-0.045929749,-0.089440882,-0.06616056,-0.086232007,-0.085173249,0.022912588,-0.101103634
dihydrostreptomycin,ASXBYYWOLISCLQ-HZYVHMACSA-N,D3,-0.109594315,0.105482757,0.075966619,0.109956905,-0.110908538,0.065176636,-0.109158665,0.11050038,0.063141033,0.109212145,0.002545547,-0.053692397,0.109383121,-0.083172433,0.030796893,-0.070789233,-0.097217962,0.026060108,0.110003449,0.00455945,0.016377447,0.013988543,-0.109731995,-0.079227708,0.110664129,0.050783738,0.0767681,-0.020445179,-0.109287359,-0.081362844,0.099530868,-0.100155152,0.048636872,-0.105202883,-0.106112145,-0.108551927,0.106536202,-0.073984295,-0.096756682,-0.109741896,-0.110744976,-0.101676293,0.069889903,0.089734599,0.015973143,0.073242582,0.10206306,-0.10888277,0.10044574,-0.062625773,0.098189481,0.104128055,-0.086198181,-0.098570153,-0.070607692,-0.084210031,0.104910225,0.095569767,-0.008092991,0.087063037,0.08788275,-0.032159328,0.080367394,0.110861294,0.053019766,0.08958064,0.101392686,-0.066607095,0.057446994,0.109479673,-0.107918568,0.019674616,0.069813088,0.11007484,0.103673138,0.110795066,-0.0931684,-0.054391395,-0.106500491,0.015616981,0.110541947,0.077150166,-0.103545167,0.109302081,0.110867627,-0.104681179,-0.049319204,0.063184224,-0.090488963,-0.107228108,-0.080854185,-0.109008178,0.105891168,-0.098072857,-0.110639758,-0.001021257,-0.110880673,0.110283434,-0.024716366,-0.104219936,0.071687661,0.070383109,0.099931203,0.105733924,-0.096015587,-0.110114373,-0.002476921,0.056004927,-0.052498803,0.110591836,-0.109690465,-0.062747017,0.08125677,-0.01730936,-0.108975448,0.10857936,-0.084136955,-0.104682475,0.109535761,0.083367527,0.052668344,-0.110861294,-0.110075973,-0.086443178,-0.110855266,0.099824145,0.109286673,-0.004662655
doripenem,AVAACINZEOAHHE-VFZPANTDSA-N,D3,-0.083210617,-0.094556965,-0.013641429,0.102912389,-0.094367877,-0.09884949,0.09401501,-0.051918019,-0.086387731,-0.103910476,0.102288485,0.090141676,0.046482228,-0.033757597,0.098263413,-0.067041941,-0.065640874,-0.059952617,-0.067244887,-0.102845751,0.1039427,0.09979073,0.086008579,0.103231102,-0.069305472,-0.103926733,-0.101798378,-0.092351474,-0.102551699,0.019923307,-0.1036065,-0.093928777,0.101189241,0.091797002,0.084159501,-0.038327377,-0.100719102,-0.093905993,-0.087728322,0.081970319,0.093508609,-0.098955624,-0.103505775,-0.086790062,-0.097376183,-0.015506404,-0.096226551,-0.090943269,0.099004105,-0.100612536,0.103948392,-0.055198137,-0.103941582,0.099532045,0.103958845,0.076752193,-0.0676177,-0.103580728,0.102429777,0.103942573,-0.103911541,0.100110792,-0.081501007,0.067542277,0.103918456,0.103946194,0.10219083,0.103778481,-0.103761196,0.103944696,-0.035575002,-0.102809802,0.103261568,-0.08340244,0.09304399,-0.049849037,-0.103436559,-0.103954524,-0.103953734,-0.074582957,0.10388428,0.095469706,-0.009304177,0.08874438,0.103149369,-0.056553718,-0.101178497,-0.102988422,0.049465664,0.053008061,-0.103294604,-0.018669533,0.103120632,0.013091705,-0.064789951,-0.050516054,0.099539086,0.092115253,0.0994967,-0.103454106,0.103800684,-0.103915967,0.07671842,0.103869416,0.103399448,-0.089483827,-0.103514694,0.04426204,0.079951733,0.082679465,-0.098420374,0.01547919,-0.077580258,-0.103901401,-0.096758872,0.002055215,-0.082108453,0.065740481,-0.088930763,-0.100160152,-0.09424641,-0.076326981,-0.103460953,-0.074454203,-0.09984532,-0.102861911,-0.100567207,-0.099052377
doxorubicin,AOJJSUZBOXZQNB-TZSSRYMLSA-N,D3,-0.096382596,-0.096431993,-0.091650948,-0.033016589,-0.096305571,-0.096408062,0.096431524,-0.036981549,-0.021655479,-0.096424624,0.095146738,-0.089666359,0.0964313,-0.096428081,0.000241802,-0.096411452,-0.087025464,0.095267907,0.096291631,-0.096431993,0.085272945,0.096431993,-0.096431933,-0.09643022,0.093814097,0.095261633,-0.088914633,0.093967035,-0.084891856,-0.096402772,-0.096431896,-0.096431993,-0.096430421,0.096429393,-0.096431956,0.052069161,-0.096431807,0.096431382,0.096431702,-0.096408561,-0.096371554,-0.096431933,-0.079214282,0.096431993,-0.096431993,-0.096424147,-0.096431315,0.096431196,-0.09636192,-0.096431993,0.096363172,0.096430108,-0.091957234,0.096431822,0.096383303,-0.096431993,0.061875388,0.014001143,0.096101776,-0.088159613,-0.096431993,-0.093521297,-0.026223397,0.03004745,-0.096428223,0.085597701,-0.096430764,-0.096431993,0.095808834,-0.096423805,-0.016715797,-0.096427567,0.095004842,0.096431993,0.094542503,0.060629513,-0.096427761,-0.057103001,0.096431807,-0.096428007,0.094141312,-0.08906135,0.096409924,-0.014302946,0.096431993,0.081412517,-0.068650454,-0.096431911,-0.096010223,-0.096429907,0.00309228,-0.096420512,-0.062112756,-0.077235721,-0.096418515,-0.096431993,-0.096431993,0.094143152,-0.085251369,0.056419645,0.080400206,0.095880829,-0.07872092,-0.063408591,-0.096431904,0.066450752,0.096431933,-0.082148276,0.096431814,-0.095943257,-0.09639667,0.094301164,-0.094696157,0.096429035,0.09558592,-0.096431993,-0.096397549,0.096359499,0.082034439,-0.043379772,0.096431993,0.087234467,0.092931837,0.096428938,-0.096360408,-0.095366172,0.096413143,-0.096430808
egcg,WMBWREPUVVBILR-WIYYLYMNSA-N,D3,-0.105028905,0.105018675,-0.049351841,-0.061901879,0.091365829,0.105124891,-0.105024055,0.097489581,-0.042555578,-0.004354263,-0.056033179,-0.10509143,0.021279169,0.105138123,-0.103995346,0.063500397,-0.099337921,0.102337278,0.092878997,0.097908907,-0.105018012,-0.087449566,-0.104515925,0.102044411,0.101364739,-0.071135253,0.103788786,-0.064741738,0.050426267,0.093210682,-0.092314966,0.103919163,-0.098171212,-0.102669634,0.044390649,-0.064404704,0.096220814,-0.026580837,-0.061865121,-0.10199111,-0.097746484,0.102603853,-0.078829095,0.103105471,0.056988392,0.050980639,-0.104012385,-0.105049297,-0.083645955,-0.038869649,-0.050604049,-0.03034872,-0.097839095,-0.104484059,-0.104434587,-0.105133884,0.104070075,0.105137877,0.10510923,0.010104075,0.105098717,-0.103148714,-0.104971789,0.086080573,-0.104396671,-0.104781784,0.105132356,0.103742488,-0.092559576,0.105139762,-0.065587744,-0.105115317,-0.090391979,-0.061305866,0.101614684,-0.094856925,-0.087814391,-0.103010774,-0.101480253,-0.103750169,0.104967676,-0.053438336,-0.096401557,0.091304541,0.067143507,-0.103564516,-0.086371787,0.092694968,-0.045376621,0.053817652,-0.102918789,-0.099006027,-0.044276834,-0.040681954,-0.099516049,-0.051431973,-0.104476899,0.097156361,-0.092497498,-0.075238213,-0.084215812,0.104191296,0.0762318,0.104642585,-0.099120811,-0.08499939,-0.081604965,0.030486654,0.043285925,-0.103080414,-0.102664419,-0.105116449,0.105126709,-0.011128403,-0.086492337,0.101511948,-0.084526293,-0.082361519,0.087577179,-0.105078325,0.103346035,0.061939076,0.093889922,-0.076029211,0.09208975,0.094719581,0.096454024,-0.090352558
enrofloxacin,SPFYMRJSYKOXGV-UHFFFAOYSA-N,D3,0.037987716,-0.092827298,-0.092827298,-0.092823915,0.092608184,0.092822157,-0.09270525,-0.092820302,0.092809744,0.092827298,0.090730831,-0.092787109,0.092827253,-0.051773034,-0.092818648,0.092820458,0.054091297,-0.092827104,-0.075407028,-0.082276896,0.09282548,0.092815265,0.09106268,-0.092826575,-0.092816986,0.092827298,-0.092827179,0.092826754,0.092826746,-0.092827208,-0.092826962,-0.092577271,-0.092824645,-0.092801012,-0.092827298,0.092827298,-0.092821717,0.088015117,0.092827298,-0.092827268,-0.092819288,0.092827268,0.092827298,-0.09282624,-0.092827298,0.092825562,-0.064591266,0.092827298,-0.092827298,-0.092748567,-0.067085356,0.092690997,-0.092824407,-0.090113945,0.01925388,0.084506325,-0.091413163,0.092827067,0.091994539,0.09182293,-0.083522603,-0.092827298,-0.092804886,-0.055692442,-0.092820048,-0.092827201,-0.092827156,-0.092827298,0.087604403,-0.092826791,0.092827067,-0.09216816,0.092827231,0.092827223,0.008454328,0.082915112,0.09279529,-0.092826426,0.092804126,-0.092827253,-0.092826776,-0.092822619,0.092827298,0.092827298,0.088985629,0.092827298,-0.067956112,0.060475338,-0.092670724,0.01376193,0.092764698,0.092827201,-0.09280435,-0.09279868,0.092827298,-0.090130866,-0.092823647,-0.092827298,0.083506264,0.085411653,-0.025166506,0.092827298,-0.092783205,-0.092827253,-0.092804819,-0.092826881,0.092825696,0.090870395,0.092827298,0.092823014,-0.09282539,-0.092826642,0.090944305,0.092254929,0.084128045,-0.092827298,0.092826352,0.092827171,0.092818715,-0.092805438,0.091799021,0.092827298,-0.092827298,0.086893409,0.045850039,-0.092827298,0.092820078,-0.092827298
eravacycline,AKLMFDDQCHURPW-ISIOAQNYSA-N,D3,0.045204666,-0.012972765,0.058058824,0.101522371,-0.017083509,0.031605843,-0.14148511,0.078482956,-0.122740962,-0.103042416,0.133131146,0.051048789,0.103275143,0.092391364,-0.124129787,-0.106418483,-0.143770725,-0.132010698,-0.007042713,0.090945445,-0.123945318,0.137540594,-0.084069706,0.026069213,-0.026897199,-0.035037853,0.020968739,-0.019681377,0.001165747,0.059367623,0.036862649,0.051537961,0.030202204,0.108179554,-0.036013812,0.116926447,0.069010302,0.145305157,0.10518267,-0.078676574,0.071958981,-0.083969824,0.075107329,0.123818956,0.013093377,0.054410677,-0.061545014,-0.05913762,0.071968742,-0.053618744,-0.020785246,-0.111421354,-0.004990349,0.143988252,-0.034178551,0.046263151,0.127494752,0.072609812,0.079702698,0.039201282,0.116991647,-0.063898362,0.029223416,0.123268634,-0.109829552,-0.020657143,0.135735691,0.032586958,-0.050815221,0.009820472,-0.05147513,0.039337575,0.027846795,0.110740826,-0.106373444,-0.006741835,-0.091378197,-0.111042507,0.099316426,-0.133544639,-0.036764905,-0.145402983,-0.093667798,0.133390412,0.156375736,-0.103614926,-0.055303339,-0.127652511,0.127878904,-0.133523211,0.099617489,0.071488827,0.016737664,-0.141435713,-0.149055332,0.091773748,-0.06350714,-0.056951199,0.056710664,-0.084372118,0.101404779,0.044021178,-0.073996156,0.026910346,0.050704982,-0.035957932,0.058824759,-0.108569734,0.041036017,0.106051788,0.08985284,-0.12310762,0.035946939,-0.002312126,-0.130768239,-0.110087015,-0.138457507,-0.08052966,-0.117477469,0.129285946,0.086664215,0.02028968,-0.062508121,-0.096095599,0.083118133,-0.084387921,0.074336551,0.09701699
ertapenem,JUZNIMUFDBIJCM-ANEDZVCMSA-N,D3,0.137267992,-0.013416587,-0.06242618,0.10555511,-0.024985764,-0.074778043,-0.119335532,-0.115225591,-0.043037791,0.02330045,0.128787011,0.000135966,0.035032772,0.099581167,-0.12738128,0.084564187,-0.047597896,-0.126561642,-0.10099297,0.149531394,-0.040081318,-0.003524192,-0.027126445,0.076391354,0.028257484,0.06966415,0.005090494,-0.120940536,0.050164368,0.083853342,-0.09044008,-0.106009103,0.1339228,0.120311722,0.020290822,0.131317794,0.092338972,0.048432045,-0.060293615,-0.04388522,0.071193896,-0.100250304,-0.071513698,-0.046316784,-0.018382274,0.107668467,0.010340883,-0.001809222,-0.012355329,-0.105238482,0.103157617,-0.043364771,-0.090035044,0.035574261,0.013901842,0.144263893,0.071598403,-0.116036035,0.107581042,0.136164442,0.101690866,0.135456786,0.052262601,0.07013879,0.013438495,-0.068407826,0.146956459,0.108012162,-0.103251703,0.035050098,0.113135047,0.043905504,-0.021076171,-0.058245689,-0.126076892,0.058255106,-0.042371843,-0.132005036,-0.097310983,0.064470232,0.012466444,-0.093141451,-0.124610633,0.129231066,0.110617682,-0.033035539,-0.054134708,-0.078594893,0.075333424,-0.10521552,0.048761543,-0.007093774,0.060007773,-0.139114976,-0.117731586,0.135478109,0.020002546,-0.139790982,0.120463334,0.076501265,0.118581839,-0.107108064,-0.033784617,-0.082194194,0.143224686,-0.063847177,0.077517174,-0.014705182,-0.026881529,0.122856408,0.085523836,-0.095393114,0.112115093,-0.091836236,-0.143279552,-0.031796195,-0.067743473,0.019287804,-0.108191177,-0.089029044,0.015621752,0.068005674,-0.135842994,-0.131005481,0.091784805,-0.059436556,0.108666249,0.059932571
erythromycin,ULGZDMOVFRHVEP-RWJQBGPGSA-N,D3,-0.102890819,-0.099354878,-0.102995843,-0.000628087,-0.006355854,-0.102917925,0.102764726,-0.022730086,0.102758504,0.085440114,-0.102974847,0.085235201,-0.100762524,-0.04787847,0.100555889,0.063343726,-0.100803077,0.102519803,-0.058857847,-0.04099546,-0.103018031,0.103024021,-0.098882109,0.071989812,0.063620888,0.102247402,-0.102339938,-0.024011793,0.10276854,0.001743016,-0.05847596,0.102319248,-0.101959929,-0.09658362,-0.059259109,0.07332243,0.083683252,0.059188638,-0.102288894,-0.099617712,-0.102339454,-0.102269441,-0.098760203,0.086596049,-0.083515987,0.101485245,0.025528932,0.041585281,-0.102993362,-0.102222316,0.10302458,-0.102632158,0.019846372,0.099793516,0.101219058,-0.102648929,0.095784843,-0.085576288,-0.09489651,0.065281704,-0.093341038,-0.103006579,-0.082265727,-0.103019185,0.098966926,0.102624409,-0.102990285,-0.097218096,0.08704336,-0.050370943,-0.085650995,-0.103010841,0.102411732,0.102316752,0.102963783,0.088910259,-0.081431322,0.093385488,0.035889063,-0.018398758,-0.098926619,0.08904887,0.102424122,0.103004307,0.03866965,0.102978863,-0.099857181,-0.02090586,0.102299348,0.090662658,-0.10107661,-0.103012688,-0.087437667,0.094826519,0.102944054,-0.102911837,-0.031595778,-0.072300032,-0.095244996,0.101931334,-0.102484927,-0.046943314,0.103010513,0.051985335,-0.102947205,0.103015997,-0.087608315,0.068740487,0.103022404,-0.102916382,-0.103016213,0.09260615,0.102953337,-0.040300693,0.102782153,-0.103022695,0.102576405,0.102650262,-0.085031621,0.024175292,0.102860712,0.003071892,0.0919066,0.099202402,-0.092228703,-0.099357672,0.103024319,-0.079725802
ethambutol,AEUTYOVWOVBAKS-UWVGGRQHSA-N,D3,-0.08955057,-0.030635173,0.099059939,-0.07665129,-0.021749098,-0.098578759,0.099402033,-0.078383967,0.099273786,0.047355566,0.055382919,0.099479862,-0.088028364,0.054005224,0.099095225,0.098355614,-0.098457932,-0.021642718,0.071602255,-0.098120213,0.085228816,0.096730731,-0.098214075,0.099477656,-0.094599143,0.065285623,0.097529441,0.099448495,0.053773679,0.097592317,0.099325366,0.097796135,0.077396743,0.087776683,-0.099400423,0.097485825,-0.097690955,0.056653872,-0.032793604,-0.095468998,-0.092057295,-0.099480189,-0.002648955,-0.097509168,-0.057320941,0.098509692,0.074278526,-0.099228576,0.099225439,-0.099424914,0.010157181,0.065564722,0.097855791,-0.099259622,0.09038049,-0.099457987,-0.099470593,-0.099480048,-0.099480256,0.066755213,-0.097233191,0.096636318,0.098255739,-0.09943036,0.099462844,0.099383071,-0.091786541,-0.098466977,0.097974911,-0.099146046,-0.099412106,-0.029149972,0.099212281,0.068247214,-0.06479124,0.09465681,-0.09922336,0.097749874,-0.09757743,-0.08664526,-0.098594956,0.099461392,0.099212661,0.092240363,0.043653741,0.036554962,-0.098486923,0.076517761,0.099479936,-0.09224692,-0.099480107,-0.098745361,-0.09804967,0.099474564,0.099054709,-0.021990797,0.099479511,0.099226147,-0.099370822,-0.099468492,0.048203677,-0.09947741,0.096746072,-0.099469699,0.099480152,0.099450216,-0.099480212,-0.09925437,0.08592999,-0.099156432,0.099283911,0.098252431,-0.098106124,-0.099479169,0.062222239,-0.091184668,0.099477865,0.070548289,-0.098532289,0.099476323,-0.097918443,0.042861905,0.099479295,0.09940511,-0.091804013,0.065690227,0.087754197,-0.013636337
ethionamide,AEOCXXJPGCBFJA-UHFFFAOYSA-N,D3,0.093911409,-0.093911409,-0.060507171,-0.093911409,-0.093908094,0.09391135,-0.093107544,0.093911357,-0.039057121,0.093910605,-0.09390568,-0.066901065,-0.09359955,0.093911171,-0.093911372,-0.093910933,-0.086033672,-0.045951955,0.090694353,0.093709558,-0.093911409,0.093911283,0.093893297,-0.093911409,0.093911409,0.093911409,-0.091842376,0.091485485,-0.093887053,-0.091542296,-0.060488559,-0.062442306,-0.093907706,-0.093911409,-0.093910083,-0.093661457,0.093911409,-0.024245443,0.093892172,0.09391135,-0.093910336,0.038780447,0.093888968,0.093910716,-0.049012769,0.093911409,-0.087643437,0.093897164,0.091767237,0.093910687,0.093891397,0.093910761,0.093847319,0.088633314,-0.093911059,-0.093910448,-0.090977453,-0.055892281,-0.093803167,0.093903162,0.093911372,0.093903206,0.09391135,-0.093909159,-0.08747144,-0.093911298,-0.093911082,-0.09302973,0.093911409,-0.093884572,-0.091476023,0.092875898,-0.093910895,0.08892034,0.052799318,0.093905665,-0.093637802,0.09391132,0.093911409,0.093903266,0.086747751,0.090010501,-0.067355603,0.093911082,0.093887247,0.093911409,-0.093911409,-0.093675226,0.093909226,0.09391138,0.093888015,-0.093911409,0.093898952,0.073362172,-0.093902767,-0.093911409,-0.093911409,0.023069048,0.078012317,0.093581587,-0.093905628,0.080082893,0.025344523,-0.093911171,-0.093910836,-0.093788624,0.093910269,0.093703024,0.093910322,-0.076656878,-0.093903482,0.093799964,0.093911387,-0.093902409,0.025882397,-0.091414787,-0.093911409,0.093911409,0.093911409,0.093909264,0.093911409,0.004083872,0.093911409,0.093911409,-0.093911409,0.093653329,0.093911409,0.093802579
etimicin,NZGMVSJQULXLHF-RAKCNUBFSA-N,D3,-0.0313081,0.061321259,0.077694498,0.001763887,-0.116282344,-0.094259992,0.031202151,-0.005478557,0.012774778,-0.000531941,0.110737421,0.103614755,0.119394839,-0.104952119,0.093055502,-0.114664041,-0.089162305,0.013511664,0.104189694,0.098675504,-0.041914668,0.118931927,-0.119318821,-0.056246478,0.108912922,0.097919799,-0.017357988,-0.059723865,-0.119888842,-0.075152785,0.119810417,-0.120437339,0.051394247,0.057494488,-0.082253985,-0.118208267,0.066493578,-0.022150511,-0.035738647,-0.117339708,-0.118964635,-0.11882551,0.116090409,0.083996601,-0.099414922,0.006610936,-0.047968943,0.059484728,0.11227458,-0.075634032,-0.058245126,0.107621722,0.051612273,0.110732079,-0.002210399,0.033424743,0.09825962,-0.052952562,0.080215238,0.092066273,-0.010713774,0.11380104,0.110152125,0.119587392,-0.095830441,0.106965691,0.119169854,-0.042130746,0.119100712,-0.090732671,-0.075359538,-0.081330307,-0.082155876,0.115015261,-0.081666686,0.095627002,0.06206904,-0.088205002,-0.070737086,0.05247191,0.116214685,0.00350335,-0.084123455,0.111294188,0.111719474,-0.105763949,0.114196613,-0.026154915,-0.076750375,-0.114969857,-0.111325048,-0.117065534,0.077130899,-0.071006931,-0.116167337,-0.105989113,-0.105619423,0.119573131,-0.091628976,0.087163918,0.082329415,0.068342589,0.103525847,0.111867823,-0.002487116,-0.056543645,0.119321212,-0.107436575,-0.051940542,0.120364666,0.010680078,0.023720998,-0.053678676,-0.039582539,-0.120014742,0.064304359,-0.089011617,-0.116002858,0.098667875,0.105323479,-0.05628404,-0.116962187,-0.106422044,-0.082232542,-0.113578916,0.038789414,0.067080557,0.110036813
faropenem,HGGAKXAHAYOLDJ-FHZUQPTBSA-N,D3,-0.10072232,-0.089571379,-0.104005374,0.107187502,-0.097794905,-0.070182934,-0.094115734,-0.025016429,0.107402548,0.10497725,-0.106162012,0.104386486,0.004703287,-0.021455757,0.107236661,0.107376091,0.105711326,0.107154302,-0.075280093,0.107412092,0.105189383,-0.068132065,-0.04799151,0.075201258,0.104874544,0.103696994,-0.08926826,-0.074998982,-0.017922072,-0.100991853,0.02857998,-0.107345305,0.107057028,-0.103470974,-0.017281836,-0.068998493,0.098806314,-0.089535236,-0.097077891,-0.107161842,-0.107444279,-0.033073835,-0.094427265,0.079716645,-0.10164918,0.067830354,0.106298357,0.081112824,-0.053193357,-0.071698911,0.107329547,0.051844742,-0.106776021,-0.056380861,0.05099057,0.100284033,-0.104585752,-0.098687656,-0.068183526,0.073851131,-0.106344849,0.103640378,0.102325223,-0.015106668,0.101271793,0.10737925,0.028510332,0.104968995,0.10229297,-0.093556188,0.105249643,-0.10129448,-0.103099123,0.099363618,0.093501501,0.10744413,0.028885545,-0.104098819,0.020060288,0.10683468,0.036395121,-0.100444444,-0.084756441,0.107086122,0.106907763,0.101689577,-0.034401238,-0.012821029,0.015799779,-0.107072718,-0.107417963,-0.10743916,-0.061474286,-0.097245365,-0.088411361,0.091003537,-0.094846897,0.070047341,0.091665477,0.099019259,0.107294284,-0.103823587,0.107446201,0.059768338,0.005488411,-0.062494885,0.025243193,-0.088711046,0.079629585,0.090051971,-0.106643841,0.088831007,0.107437566,-0.104456186,-0.072168,0.081345513,0.10146942,-0.105356768,0.005280151,-0.046544068,-0.107400097,-0.107291102,-0.107295834,0.09311866,-0.106612101,0.016816251,0.10744036,0.101382405
fidaxomicin,ZVGNESXIJDCBKN-UUEYKCAUSA-N,D3,-0.065399088,0.078027897,-0.111661069,0.126763254,-0.099943355,0.092182644,-0.129000083,0.076398626,-0.124839701,0.039692745,0.091942057,-0.041561317,0.06948074,0.047625478,-0.105733395,-0.114294432,-0.099465437,-0.10423746,0.117447667,-0.011403127,0.068273321,0.03326951,-0.075193249,0.051161114,0.089863352,-0.066137545,0.005591503,0.084826842,-0.127488345,-0.037163369,0.087549374,0.038879689,0.069360308,0.077038921,-0.110635191,-0.0030133,-0.104850225,0.110385336,0.022760667,-0.129325017,-0.110191129,-0.047949854,0.099831849,-0.063280664,-0.000239699,-0.100684308,-0.065392353,0.027971456,0.05059069,-0.083306715,-0.010833255,-0.005334289,0.044583403,0.118620358,-0.080210656,-0.09873528,0.114622064,0.112187795,0.126929671,0.104658201,-0.033154931,-0.092828929,-0.108921155,0.128769428,-0.091171116,-0.086599723,0.074668117,-0.105105661,0.005300249,0.0510903,0.06129647,-0.088775672,0.037910961,0.066116944,-0.108893879,0.107757576,-0.127769306,-0.126385868,-0.052442942,-0.038106937,0.122615859,-0.121343516,-0.117168702,0.119030148,0.110604912,-0.129193589,0.063273199,0.052459605,-0.120394066,-0.120339178,0.029822208,0.120423518,-0.031517994,-0.115878038,0.011728562,0.06424854,-0.106226772,0.019109836,0.100241937,-0.078018367,-0.046740215,0.125150844,0.028898047,0.036007229,-0.114977002,0.063913576,0.117927201,0.002865396,-0.127071381,0.073078446,-0.090009414,-0.128415719,-0.056259234,0.096573859,-0.10222961,0.034935057,-0.068273976,-0.12214189,0.129262611,0.006669594,-0.101608753,-0.099527232,-0.107897654,-0.122108266,0.019854533,-0.110568434,0.11166472,0.008532803
florfenicol,AYIRNRDRBQJXIF-NXEZZACHSA-N,D3,0.05225281,-0.122914463,0.033067577,0.131811962,-0.130372033,0.082165539,-0.13777259,0.132242203,0.040703677,-0.046635121,0.133333534,0.129461512,0.056052387,-0.012806247,-0.110049017,-0.095781036,-0.137001857,-0.063187458,-0.020471362,0.11370872,-0.113408715,0.09865427,0.013380197,0.067648768,0.037953176,-0.081237398,0.000778647,-0.041825414,0.065119401,-0.101974972,-0.046181593,0.05300669,-0.074307323,-0.068901733,-0.048270103,0.12718904,0.109227426,0.137369588,0.00113397,0.007693533,0.125514016,0.061694592,-0.081582069,0.120412968,-0.055512525,0.102518417,0.121996105,-0.118934453,-0.105359919,0.009747533,0.108651519,0.002280173,-0.088459432,0.129172012,0.113429762,-0.022914939,-0.099559017,0.087337337,0.026062667,0.121081725,0.103010997,-0.082965083,0.049717728,-0.047045834,0.017853402,0.088449158,-0.063366361,0.101425678,-0.099610969,0.041313071,0.04001949,-0.087248608,-0.079783902,0.10260386,-0.118160404,0.116307363,-0.110341422,-0.071720026,0.11517863,-0.019123146,-0.073548645,-0.13475953,-0.110904783,0.107808918,0.133891314,-0.005083631,-0.126545638,-0.135142878,0.121234901,-0.080931641,0.095162146,-0.120180644,-0.021833302,-0.135292649,-0.134138286,0.13159886,-0.024415573,-0.081372805,0.112768665,-0.109178275,0.106635347,-0.016698768,-0.060522243,-0.105372481,-0.022611398,-0.084628187,-0.06128851,-0.057676092,0.004283462,0.085703664,-0.004314089,-0.070487,0.067546204,0.039196011,-0.137763202,-0.060858186,-0.100171439,-0.038869981,-0.088328294,0.113380075,0.029455805,-0.005709357,-0.099771991,0.00250815,0.021464787,-0.113325104,0.027813558,-0.016228713
flucloxacillin,UIOFUWFRIANQPC-JKIFEVAISA-N,D3,-0.095895626,-0.083086058,-0.093744271,0.09450715,-0.074227273,-0.095892079,0.095886692,0.041146055,0.095895499,-0.095895626,0.08843977,0.095895514,0.017026212,-0.0942147,0.095893443,0.09584371,0.095850155,0.095875211,0.095311895,-0.095894337,-0.094253622,0.095895626,-0.095895626,0.09293054,-0.087052166,-0.095895626,-0.071973428,-0.095895588,0.072511293,0.060547594,-0.095892079,-0.095773019,-0.054570481,0.095695011,-0.095882259,-0.095895626,-0.092222109,-0.057114173,0.046178922,-0.095895626,0.094532907,-0.095895596,-0.094953313,0.089564905,-0.095895626,-0.017092243,-0.095889263,-0.094736084,-0.000706413,-0.093506463,0.095895626,-0.095564231,-0.095200576,0.095895626,0.095895626,-0.095895626,0.093448021,0.095005825,0.095895626,-0.090415783,-0.069259591,-0.095895626,-0.095814101,-0.027681438,-0.094888143,0.095895626,0.095826827,0.095382728,-0.042610068,0.095895588,-0.095762365,-0.095895626,0.090584256,-0.063070171,0.095895566,-0.095895626,-0.095892541,-0.092774138,0.091521509,-0.094791912,0.095895194,0.088504575,0.085478172,0.03410757,0.037970565,-0.095248967,0.009339618,-0.095882796,0.039534189,0.095810354,-0.095895581,-0.095895037,-0.095891364,-0.005939639,-0.071046412,-0.095895626,0.071337432,0.095894158,-0.095895626,0.082894653,0.095749594,-0.095680676,0.095890582,0.095895626,-0.095895626,0.095895492,0.093435585,-0.095895626,0.095895596,-0.095893577,-0.095895186,0.095895626,-0.094565816,0.095895298,-0.095895559,-0.095895626,-0.095871568,0.095895566,-0.095726818,-0.095874138,0.095576391,-0.03714592,-0.09589538,0.095886208,-0.089170389,-0.095892079,-0.095862374,-0.095895134
flumequine,DPSPPJIUMHPXMA-UHFFFAOYSA-N,D3,-0.050418269,-0.021167129,-0.097688779,-0.109375395,0.034428667,0.101713814,-0.095930018,0.094938405,-0.109902099,-0.092605911,0.109315835,0.01600362,0.078129962,0.106490798,-0.088888161,-0.109690934,-0.081510507,-0.10771291,0.103657432,-0.109073892,0.08628431,0.109274365,0.013394921,0.110005274,-0.100976534,-0.109977491,-0.065552607,0.109328687,0.042920921,0.090771884,0.098967038,0.109672241,0.098133005,-0.109174483,-0.107509539,-0.076706357,0.010063319,0.090626404,-0.005325503,-0.091820106,-0.02390231,0.108561471,0.108912669,-0.102129534,0.108640037,0.109200574,-0.10859713,0.092916727,0.104590416,0.106283054,0.102333561,-0.108227789,-0.053962033,0.054437391,0.095539764,-0.10674727,0.083280422,0.103804715,0.048002828,0.109817244,-0.107864432,-0.109927692,-0.031874355,-0.107097656,0.109289877,0.083651647,0.107309937,-0.100091331,-0.107000582,0.102462441,-0.107022576,-0.063826934,0.108866923,-0.055930156,-0.061745107,0.089505538,-0.1100353,-0.107120901,-0.00569346,-0.105454616,0.031187998,0.029426608,-0.001084574,0.110055931,0.039562054,-0.107419774,-0.11002896,0.078988619,0.109939694,0.100076377,0.084659614,0.105103843,-0.016124522,0.094432957,0.109732777,-0.109605402,0.108773507,-0.101334088,0.099734999,-0.104830608,-0.059378799,0.065935217,0.050362226,0.10879647,0.074049458,0.093542755,0.047017384,-0.002324775,-0.038921829,-0.036127396,0.041986052,-0.107370354,-0.104009189,-0.106904104,0.086095303,-0.107847132,-0.067313492,-0.011637225,0.099411406,0.059803784,-0.076645292,-0.089763798,0.006473757,0.107892551,-0.012899739,-0.110022523,0.051885813,-0.050725229
fosfomycin,YMDXZJFXQJVXBF-STHAYSLISA-N,D3,0.071938716,-0.123182051,-0.076140136,-0.071520649,0.028310465,0.07623782,-0.11929892,0.119791746,0.080762349,0.006489422,0.008124168,0.056169655,0.04669461,0.067604922,-0.108792245,-0.084753066,-0.122053243,-0.117651969,-0.116842285,0.098420501,-0.103835046,0.123841405,0.095635183,0.034920156,0.024069553,0.122482337,-0.119417273,0.11533352,0.113427199,-0.04697853,0.012114158,0.05614122,0.021377046,-0.058009844,-0.107456215,0.123049632,0.081690177,0.111431062,0.074164748,-0.105598614,-0.10522607,0.003587009,0.103699617,0.003717066,-0.082154863,0.121862024,-0.102111481,0.073009059,-0.096616633,-0.101272382,0.044079553,-0.10182187,0.070351928,0.100091614,-0.037204422,0.025498401,0.000526608,0.047144704,-0.110626161,0.086572744,0.121353216,-0.113104917,0.029145189,0.017637206,0.071534507,0.017886518,-0.102975696,-0.108402774,0.094264723,-0.089862511,-0.098321542,0.106605314,0.119836107,0.123585612,-0.088743642,0.080024339,-0.094706975,4.82e-05,0.086157531,-0.055011887,-0.12037354,-0.094236709,0.088893577,0.123315997,0.122350141,0.064246923,-0.109071501,-0.047898859,0.12374115,0.00610552,0.008387621,-0.045716431,-0.118388452,-0.101070657,-0.054435384,0.094522975,0.00514344,-0.115704693,0.05355655,-0.071937062,0.107974924,0.113014027,-0.08751671,-0.106162876,0.012893867,-0.111105047,-0.067258559,0.041524377,0.119935952,0.088616088,-0.025167139,-0.101797834,0.122672051,-0.103911243,-0.099853918,-0.123956412,-0.082792759,0.029918903,-0.109058924,0.120002024,0.09559267,0.0619196,-0.065481775,0.049780793,0.061172079,-0.114791118,0.111441895,-0.096302427
fosmidomycin,GJXWDTUCERCKIX-UHFFFAOYSA-N,D3,-0.045122471,-0.119487323,-0.075960673,0.057642989,-0.069197237,-0.067874856,0.076805763,0.064319313,0.041912831,-0.122009784,-0.084338792,0.064886659,0.103146732,-0.003655863,-0.034705769,-0.109766848,-0.112064376,0.064897195,-0.080439508,-0.086517513,-0.105395474,0.12238279,-0.092429586,0.080606095,-0.076643772,-0.033604816,-0.111935139,-0.068591796,-0.020779878,0.050106335,-0.112371832,0.117278427,-0.051971648,0.086086467,-0.114878677,0.113297768,-0.052078944,0.12192595,0.066992626,-0.104173474,0.078152061,-0.119331472,0.063378751,0.120669626,-0.068785027,0.09062212,-0.103888251,0.002995552,-0.039577808,-0.116943061,0.110133953,-0.103082612,-0.089391924,0.122370265,0.108872123,-0.110332616,0.002076652,-0.064964764,-0.004001483,0.070719793,0.086893447,-0.112836786,0.03469428,0.025326574,-0.053168837,0.117053226,-0.112552412,-0.106022716,0.109458454,-0.038074102,-0.11763414,-0.078723893,0.092922531,0.120510101,0.00150315,-0.065900952,-0.12141642,-0.049645968,0.083590619,-0.113682389,-0.096401162,-0.094425291,0.087604493,0.11327403,0.117298827,0.054462232,-0.06661015,-0.116952419,0.1211695,0.030338792,-0.099997468,-0.098621987,-0.119368821,0.042840526,0.005547129,-0.100912668,0.067713335,0.004639377,-0.112885475,-0.11195457,0.110208638,-0.048906136,0.071466371,0.060953178,-0.102380283,0.012517031,0.023749033,-0.108797729,0.118649907,-0.108597927,-0.118757561,0.099631414,0.029165898,0.038341179,0.034356333,-0.121184237,-0.096120767,0.076655164,-0.120174661,0.093940765,0.116606846,0.064007603,-0.104945533,0.117088526,-0.06091664,-0.113988094,-0.017146643,-0.117932744
framycetin,PGBHMTALBVVCIT-VCIWKGPPSA-N,D3,-0.095469661,0.095475771,-0.079542086,0.095475771,-0.09547551,0.095007956,-0.095475592,0.095475771,0.094006039,0.095474675,-0.089748502,-0.079480872,-0.093220338,-0.090180472,0.095440276,-0.095263749,-0.091289729,0.095475771,0.095472068,0.095358416,0.095459655,-0.095475771,-0.093614183,0.033254646,0.095475771,-0.095376156,-0.072319649,0.075750865,-0.094915509,-0.095475361,0.034650806,-0.077667698,0.095475651,-0.095158719,0.024892841,-0.095456444,-0.077901721,-0.09540686,-0.095475495,-0.095475495,-0.095475771,0.043155972,0.048610352,-0.081045873,-0.085748173,-0.095170625,0.095475756,-0.095473371,0.052259076,0.068993926,0.091908664,0.095333993,-0.095473371,-0.085816748,-0.095450908,0.094619118,0.094969995,0.095475771,-0.094141856,-0.095475435,-0.046518814,-0.095388085,0.094024085,0.095475771,0.094600171,0.086589925,-0.090510592,-0.094833165,-0.094807193,0.0890119,-0.089026861,-0.039403327,-0.08501675,0.095350742,0.095245391,0.095475771,0.081780113,-0.088371448,-0.069332734,0.095456392,0.095475711,-0.095467009,-0.095475718,-0.09535452,0.095386997,-0.080201127,-0.0937851,0.094929986,-0.095391594,-0.095419936,-0.06755919,-0.083288774,-0.06511388,-0.095475771,-0.095473498,0.095471181,-0.095475771,0.095402151,0.08912088,0.095449544,0.085484557,0.06860894,0.01464399,-0.085685641,-0.093110934,-0.091208711,0.089187697,0.095115617,-0.095415741,0.088735133,-0.085154474,-0.095474266,0.01551196,0.092278011,-0.095474422,0.095404923,-0.095437281,-0.095475726,0.095475771,0.013562077,-0.095459238,-0.095475771,-0.095448658,-0.09546943,-0.095473759,0.095474936,0.095462963,-0.095338598
fusidic acid,IECPWNUMDGFDKC-MZJAQBGESA-N,D3,-0.101005211,0.092180729,-0.06273523,-0.076622494,0.088274807,-0.041033011,-0.09750469,0.012576775,-0.058340989,-0.023209795,0.103006415,0.056048349,0.075343281,0.10313186,-0.064728983,0.102878168,-0.086755931,0.024899296,0.102996647,-0.101957388,-0.012840666,0.10092815,-0.100698322,0.10314329,-0.102120228,-0.103150658,0.087654755,-0.087568536,-0.09869086,0.103030436,-0.103059292,0.102720127,-0.038389668,0.103135787,-0.102901302,-0.100473583,-0.08871904,0.07992807,-0.102135397,-0.102396287,0.095792256,-0.044607028,-0.08976002,-0.100825772,0.018853014,0.034575317,-0.075355716,-0.096988954,0.103147164,-0.089790314,0.102656163,-0.10105364,-0.097970799,0.103150353,0.09944395,-0.103150614,-0.061559893,0.020720975,0.102627292,0.102852367,0.094022587,-0.097511344,-0.101691358,-0.102707863,0.001385878,0.102751978,0.103123032,0.096178308,-0.099669695,0.103103928,-0.103135116,-0.103150532,-0.091975033,-0.10313867,0.091976911,-0.103150018,-0.103150658,-0.099001244,-0.103083402,-0.082875952,0.103145219,0.101657048,-0.071176581,-0.095801212,0.02098451,-0.103106186,0.09671437,-0.036259644,0.100165151,0.10301172,-0.092246711,-0.016523346,-0.098057054,0.017151011,0.082883909,-0.102869317,0.103079565,0.100609832,-0.083020069,-0.073298424,0.012004727,-0.095859595,0.003626261,0.103087939,0.080352038,0.095358618,-0.082278229,-0.066768691,-0.04831557,-0.087439626,0.101475567,0.093371354,-0.10143169,-0.091829076,-0.102778845,-0.102213934,-0.099621192,-0.010372282,-0.093718447,-0.101914071,-0.081906468,0.084000334,0.099524066,0.10289485,0.095959805,-0.103021823,-0.102802008,-0.04535
gamithromycin,VWAMTBXLZPEDQO-UZSBJOJWSA-N,D3,-0.081186682,-0.025785368,-0.090411372,0.128752977,-0.095452145,0.069959313,-0.123352639,0.090910293,-0.082709596,-0.051119123,0.097802423,0.074373744,0.118594959,-0.078653716,-0.070335053,-0.125121161,-0.131016314,-0.052114543,0.060863927,-0.015909225,-0.032422092,0.111952566,-0.123742715,0.072085418,0.091492169,-0.056106742,0.03535594,0.037608102,-0.11621742,-0.055761315,0.128949761,0.039768986,0.003896782,0.052134953,-0.121959947,0.01818691,-0.078198254,0.13258867,0.073253907,-0.133880377,-0.092767432,-0.092040367,0.12771064,0.062457133,-0.044622816,-0.000428971,-0.082373261,-0.110192746,0.068803735,-0.070724107,-0.009178782,0.071018562,0.113754407,0.122147135,-0.048435785,-0.115371346,0.090105124,0.113676734,0.121807903,0.098711103,0.048391137,-0.109796546,-0.124906823,0.114478141,-0.090914525,-0.023167521,0.041672144,-0.097636513,0.084178761,0.042611867,-0.037941635,-0.125802562,0.063912205,0.065117449,-0.094296239,0.120206758,-0.132318616,-0.114911675,0.063778177,-0.110887498,0.092253767,-0.113289267,-0.102945447,0.118908055,0.111650385,-0.134778574,0.014094843,0.054142799,-0.035755109,-0.126168847,-0.023828754,0.028019147,-0.099080324,-0.110441066,-0.059907462,-0.064581789,-0.06149286,0.096824631,0.059765596,-0.022491066,0.040970128,0.114203788,0.092051506,0.020357754,-0.123997211,0.10666576,0.103949189,-0.109290317,-0.108827658,0.10535825,-0.046808768,-0.11616984,-0.025913028,0.094244778,-0.120589755,-0.05023485,-0.009370404,-0.129459336,0.119485468,0.085460179,-0.042695008,-0.076522514,-0.069533415,-0.059811968,-0.027360123,-0.080570392,0.098294027,-0.088087983
gatifloxacin,XUBOMFCQGDBHNK-UHFFFAOYSA-N,D3,-0.092867889,-0.092872217,-0.0671672,0.092848726,0.092872217,0.092872217,0.092854939,-0.092848979,-0.092867397,0.092528939,-0.092872217,-0.092872217,0.092872217,-0.092872202,-0.092872217,0.090974398,0.092872217,-0.092872217,0.06885615,-0.092872217,-0.050083358,-0.092871949,0.092866778,-0.09287212,0.092855714,0.092872128,-0.092871934,0.092872098,-0.092872217,-0.080242589,-0.090777405,-0.092872217,-0.092872217,-0.092871144,0.09278433,-0.076874331,-0.092872217,0.088033117,0.092871703,0.092864774,-0.092239544,0.092872217,0.092872217,-0.080199152,-0.091908127,-0.092872217,-0.092872217,0.092872217,0.059837788,0.060415626,-0.092872217,0.092871912,0.0925088,-0.092872217,-0.092872217,0.037484922,0.060617492,0.092871197,0.092872187,0.092869751,-0.088196635,0.092758924,-0.092872217,-0.015801894,-0.092872098,-0.092872135,-0.092872187,-0.092775732,-0.092872217,0.089934923,0.092872217,-0.09262412,0.092872217,0.059866387,0.007441171,0.092828058,0.092872076,0.092757374,-0.09193591,-0.092872158,-0.089828618,-0.092786714,0.092872217,0.00957636,-0.091655977,-0.09286277,-0.09287218,0.092872217,-0.092872217,-0.092589945,0.092863739,0.092872091,-0.092871748,-0.092831805,0.091547288,-0.092853278,-0.092611253,0.092871904,0.092872217,-0.076705173,-0.092872195,0.092872217,-0.092852898,0.092868075,0.092822336,-0.092872217,0.092712127,0.092871703,0.092066951,0.092863649,-0.092872076,-0.092872217,-0.092409842,-0.092871629,-0.077608913,-0.092872217,-0.04295323,-0.092872187,0.092872217,0.091402814,0.019288342,0.092872217,0.092847042,-0.092872173,0.092866912,0.092872217,0.092863865,-0.065941967
geldanamycin,QTQAWLPCGQOSGP-KSRBKZBZSA-N,D3,-0.109741367,0.05022788,0.055828143,-0.055076163,-0.069386967,0.108296029,-0.109317832,0.104610004,-0.063108042,0.061512481,-0.107060641,0.040924255,-0.109705381,-0.080527619,-0.110427685,0.01276382,-0.111125834,0.069625251,-0.001459655,0.111353718,-0.110676728,0.106102355,-0.052930471,0.11066924,0.107291944,0.101975083,0.102590367,-0.094942257,-0.075317822,-0.034043644,-0.014664655,-0.056356076,-0.022998989,-0.053184599,0.105473444,0.110771984,0.089968905,-0.103440918,-0.111272097,0.103067055,-0.087407909,-0.097499236,-0.107812934,-0.108087823,0.045318093,0.110412583,-0.102864183,-0.111136302,0.051772386,-0.053456981,0.05007758,0.096023269,0.042884238,-0.036552418,-0.079599448,0.003186513,0.098623298,0.050970394,0.094873071,0.071663864,0.111137174,-0.102457292,-0.109802134,0.106532387,0.108446337,-0.111146361,0.076249294,0.107931674,-0.093843527,0.110086419,0.060587913,-0.10616374,0.068639562,-0.089993782,0.080399774,0.041270867,-0.108996563,0.102360688,-0.105896793,0.076420106,0.109343983,0.092018783,-0.110818252,-0.096524954,-0.104468949,-0.111293525,-0.011215582,0.111231066,0.102966741,0.083982855,0.037303608,-0.096714228,0.041237451,-0.102712654,-0.042210974,0.108381785,0.081136003,0.013942918,0.042046022,-0.066038929,-0.110472962,0.085586801,-0.108080178,-0.092085294,-0.047351208,-0.024000021,-0.110703826,0.099735349,0.04791702,0.099144667,-0.100116886,-0.111195482,0.111275047,-0.108869977,-0.111084707,-0.105012342,0.039423872,0.087550849,0.078738697,-0.09100458,0.111156613,-0.068470076,0.052852172,-0.111291036,0.110423937,0.106423669,0.110367164,0.036947463
gemifloxacin,ZRCVYEYHRGVLOC-HYARGMPZSA-N,D3,-0.021276042,-0.108604528,-0.070853427,-0.07110586,0.070186317,0.108538792,-0.0969202,0.014284775,-0.107233338,-0.016583484,0.051384177,-0.108009458,0.091894269,-0.104967289,-0.108372726,-0.108325928,0.002717026,-0.108337857,-0.003501439,-0.104811437,-0.021808216,0.106447339,0.107248604,-0.106217004,0.072575971,0.083957195,-0.108184054,0.102756381,-0.10655459,-0.100627914,0.098880261,0.0710674,-0.108541094,-0.106724791,-0.090435304,0.094059631,-0.106019683,0.108502582,0.107863769,-0.021867303,-0.093096994,0.10782969,0.081463628,0.106909923,0.07411211,-0.10460487,-0.10710261,0.108522952,0.006730652,-0.02519875,-0.004807859,0.091895737,0.093588762,0.047990173,-0.082636759,-0.081936218,0.021766186,0.108358935,0.105030693,0.107950009,-0.102091134,-0.106316172,-0.10848403,-0.101486377,-0.08360485,-0.083513789,-0.107805997,-0.096748941,-0.105563045,0.070229433,0.096330605,-0.10611888,0.026656581,0.106315494,0.094281599,0.108304948,-0.108328871,0.05987582,0.108157709,-0.089965791,-0.097760901,-0.103793763,0.107398979,0.106549412,0.091383085,-0.083864845,-0.107848853,0.006580541,-0.100848086,-0.104296647,0.089617059,-0.076512277,-0.100555569,-0.088835262,-0.00928009,-0.042229451,-0.08642114,0.104660809,0.108409867,0.062250517,-0.052556142,0.106428534,0.103382595,0.079883605,-0.108338214,-0.108564697,0.078266419,0.099691018,-0.0184868,-0.059612494,-0.106938459,-0.106566608,-0.028449375,-0.102118418,0.104940563,-0.108258128,-0.051284067,-0.065758266,0.104609333,0.106737405,-0.011979773,0.102247901,-0.002612877,0.014106192,-0.065012231,-0.053714223,0.094353542,-0.048622608
gentamicin,CEAZRRDELHUEMR-UHFFFAOYSA-N,D3,-0.069903202,0.008663369,0.045123,-0.04466885,-0.107537724,-0.103505358,0.058568012,-0.042528041,-0.039903402,-0.031786732,0.113337167,0.099545904,0.116653167,-0.111805379,0.069188267,-0.116834246,-0.098464988,0.031606406,0.110544704,0.074265972,-0.077068843,0.114334151,-0.116702676,-0.092919886,0.108786978,0.105841033,-0.054955609,-0.016600646,-0.117028974,-0.037768293,0.11704655,-0.117660269,0.03018735,0.100567169,-0.060993463,-0.117231846,0.049442161,-0.017772404,-0.027521089,-0.111215986,-0.114367917,-0.116941832,0.114619486,0.09427207,-0.111916162,-0.052342214,-0.090905271,0.090100713,0.110544316,-0.034878619,-0.053774487,0.111880548,0.062951155,0.113774866,-0.028369065,0.018930353,0.099136211,-0.033818096,0.112770386,0.105621673,0.02485135,0.109047562,0.068707421,0.117395997,-0.106496796,0.110004246,0.117209539,0.038657762,0.117173895,-0.099423237,-0.045759503,-0.103147104,-0.072344966,0.110971496,-0.104332343,0.055696409,0.032090548,-0.026411369,-0.108360693,-0.06134377,0.11479561,0.056694295,-0.014782262,0.108014911,0.09400373,-0.116337463,0.115755625,-0.003368331,0.032923579,-0.109484822,-0.116517872,-0.115393512,0.105550006,-0.064666875,-0.113336407,-0.110238522,-0.086496048,0.1161035,-0.084633984,0.095784687,0.111907504,0.086739324,0.107178181,0.115454644,-0.044035293,0.010646861,0.117295124,-0.09420535,-0.090349205,0.11737749,-0.013196443,-0.008142546,-0.092582688,0.069545902,-0.117432304,0.048708361,-0.102938876,-0.113037273,0.103065595,0.101655059,-0.033652302,-0.101442397,-0.025542682,-0.053202067,-0.10901656,0.046918064,0.081438817,0.103099674
gramicidin s,IUAYMJGZBVDSGL-XNNAEKOYSA-N,D3,-0.092963547,-0.094699614,0.094944149,-0.091411211,-0.094983891,-0.094835423,0.094972655,0.094971031,-0.094971754,-0.094981372,-0.094927743,0.09498322,-0.091106512,-0.094982579,-0.094240911,-0.094983347,-0.094983891,0.094972372,-0.09455695,-0.023989696,0.094318807,0.094983689,0.094966836,-0.092474699,0.094538987,0.025420234,-0.094297357,0.052721456,-0.094570331,-0.094896711,0.094983891,0.081075348,-0.094658211,0.092551738,0.094982721,0.094803751,0.094539724,-0.094983891,-0.094880342,0.092032343,-0.055783909,-0.094983891,-0.094962373,-0.094955519,-0.087792724,-0.089090705,-0.094983101,0.063582897,-0.092063628,-0.094977513,0.094967283,-0.094697185,0.094983891,-0.038119201,0.094983891,-0.094983891,-0.094703786,-0.094983861,-0.094983868,0.057569314,-0.094982296,-0.094983831,0.094727784,-0.094737746,0.094983891,-0.094969317,-0.021584356,-0.094981387,0.088488057,0.094983846,-0.088389173,0.088159218,0.094983891,0.094983786,0.094866425,0.094731286,-0.094983891,0.054434303,-0.094983891,-0.094983891,0.094983399,0.094982453,0.085124172,0.083167732,0.078384534,-0.069543876,-0.094983891,-0.022002721,0.094572559,-0.089287437,-0.094983891,-0.094890445,0.094983891,0.093911156,0.02383793,0.094931394,0.094983853,0.089719974,0.092578806,-0.094983891,-0.094983853,-0.094957128,0.094057404,-0.094804414,0.000471335,0.094846554,-0.094983891,0.094983622,0.094628498,-0.085314207,-0.094983429,-0.094980024,0.094983622,-0.05551013,0.093118563,0.077043228,0.094977058,0.094794504,0.083681814,0.068923086,0.038827699,-0.094983891,0.081818625,-0.075346313,-0.094983891,-0.094977334,-0.017264318,-0.094972402
imipenem,ZSKVGTPCRGIANV-ZXFLCMHBSA-N,D3,0.089431845,-0.128009155,-0.096971571,0.128182754,0.058924742,0.003626813,0.02034238,-0.121745996,0.065920383,-0.050329987,-0.042435285,0.058274601,0.053270657,0.097344331,-0.09367647,0.070348851,0.069934808,-0.112127513,-0.006760564,0.092562921,0.093745545,0.046977017,0.056338008,0.100544132,0.01243673,0.029247701,-0.108852148,0.025868701,-0.034815423,-0.070874341,-0.107729487,-0.064070351,0.113233022,-0.111528181,0.058208149,0.129172847,-0.057033367,0.096229807,-0.068462364,0.111979723,0.103884228,-0.047528796,-0.113357641,0.058913313,-0.039392151,0.089786634,0.050038986,-0.038136978,-0.009890751,-0.09124662,0.130364463,0.022330217,-0.131168425,-0.093648285,0.077313535,0.130650073,-0.120012462,-0.131440103,0.033018693,0.133775547,-0.036000442,0.122652367,0.042510867,-0.078077704,0.09982717,0.117742777,0.082443304,0.120982915,-0.122575283,0.099324189,0.07855203,0.033267643,0.127642214,-0.015280636,0.037527606,0.131811783,-0.124563083,-0.06918218,-0.116538405,0.08493942,-0.065329522,-0.085934162,0.071332157,0.121781334,0.11166057,0.09981975,-0.090364806,-0.036349569,0.061846577,-0.034590069,-0.109434493,-0.118958972,0.026100289,0.033984445,-0.052535906,0.130204871,0.124964915,-0.127242148,0.119480528,-0.126185596,0.133907706,-0.134109825,0.119977854,0.053933125,0.134529307,-0.100552589,-0.116460823,0.028827155,0.000708548,0.00098335,-0.113383211,-0.085988387,0.072024897,-0.134132892,0.060903374,0.084614806,0.036704317,-0.093784429,-0.091569513,0.055105075,-0.111519501,0.017431427,-0.096442975,0.042549562,-0.031981591,0.029970454,0.097413883,-0.01651541
isepamicin,UDIIBEDMEYAVNG-ZKFPOVNWSA-N,D3,-0.105799355,0.106914334,0.039360479,0.106598742,-0.10810256,0.002895377,-0.105077013,0.104805879,-0.009886622,0.102511898,0.021375578,-0.018962599,0.107909486,-0.102172785,0.100727677,-0.101225711,-0.016898395,0.083165042,0.106612116,0.068172105,0.089283198,0.039534375,-0.107802041,-0.052174635,0.107141793,-0.077861473,0.035581384,-0.089444891,-0.108100593,-0.10424491,0.105112672,-0.107893832,0.105609998,-0.094350271,-0.086956024,-0.108077504,0.081834115,-0.084422976,-0.100343749,-0.107933797,-0.108059019,-0.102287598,0.090421438,0.059918895,-0.085796155,0.018109402,0.10317374,-0.103970699,0.096438281,-0.028930658,0.069916606,0.10169284,-0.070487842,0.05942107,-0.049249198,0.001711388,0.106097683,0.061045941,0.091486238,-0.088760316,0.097623058,0.067548811,0.104878075,0.108196698,-0.013789376,0.089255325,0.107052058,0.006470471,0.103061303,0.101409167,-0.101453297,-0.070048809,-0.011476502,0.100806765,0.022222389,0.104280718,-0.029427895,-0.094670117,-0.10265436,0.090233274,0.108184092,-0.063958474,-0.107746542,0.064076558,0.106935248,-0.107453138,0.104015127,0.083149076,-0.107230462,-0.091618389,-0.102267012,-0.103783168,0.101491414,-0.090624332,-0.108071148,-0.083343968,-0.107844599,0.107993543,-0.083995916,-0.038586576,0.057261277,-0.031416442,0.105767079,0.106246077,-0.092208691,-0.102589063,0.105437733,-0.058489136,-0.102174543,0.107972458,-0.105445571,-0.075607635,-0.005686007,0.016796673,-0.107933544,0.107674949,-0.099671364,-0.108158685,0.107885219,0.063859195,-0.097649172,-0.108128481,-0.107802361,-0.094775625,-0.107967541,0.103306197,0.03088817,0.044360887
isoniazid,QRXWMOHMRWLFEY-UHFFFAOYSA-N,D3,0.001232192,-0.064964175,-0.106586076,0.089130796,0.069609419,-0.06248197,-0.014765412,0.099881344,0.106646016,0.102590494,0.101067871,-0.023991296,-0.095292896,0.105510391,0.023313444,0.008472354,-0.094955482,0.093723558,0.063884318,0.106559448,-0.051466078,0.062131125,-0.042010926,0.095812313,0.092715643,0.106721856,-0.105988517,0.099744253,0.09638413,-0.027368316,0.069447704,-0.104561135,0.1065901,-0.014744338,0.072274745,0.106067978,0.065679677,-0.063308552,-0.002252521,0.015240332,-0.030196523,0.066897467,0.085709035,0.092886455,-0.09746173,0.106682658,0.106715299,-0.105702162,-0.106689714,-0.106644072,-0.074888289,0.101628587,-0.106648155,-0.087810524,0.10061942,0.1066771,-0.054178882,-0.090754122,-0.105929054,0.09313716,0.097615294,0.042386524,-0.0373093,0.089676365,-0.101271063,-0.104828641,-0.088797487,-0.10600438,0.092748202,-0.10664174,-0.027512779,-0.060592212,0.105157144,0.046993189,0.094996057,0.106551655,0.106702171,-0.106124841,-0.105471775,-0.05733557,-0.106431693,-0.106720544,0.103203394,0.106118843,0.080671638,0.106738262,-0.106511824,0.067433685,0.106124915,-0.100499935,0.079935871,-0.000382028,-0.059424076,-0.07205826,0.10397096,0.106328607,-0.065394677,-0.106714383,-0.095852233,0.039908346,-0.096719086,0.092564531,0.069222756,-0.106006183,0.10605026,-0.074909471,-0.10612087,0.106265023,0.106724165,0.106731005,0.106569491,-0.105774768,0.106600754,0.072559148,-0.106312864,-0.105158292,0.068206847,0.103087015,-0.10428074,-0.054628912,0.097851351,0.096835122,-0.098037742,-0.102860205,-0.091939069,0.001411408,0.102510497,-0.099901505
kanamycin,SBUJHOSQTJFQJX-NOAMYHISSA-N,D3,-0.109583028,0.048757706,-0.095332876,0.084389441,-0.103693843,-0.023292338,-0.099060819,0.104979448,0.03762852,0.107637234,0.058591161,-0.074978672,0.104660988,-0.069723457,0.101867415,-0.106048465,0.058735814,0.001279412,0.109182201,-0.045621868,0.105808839,0.080339625,-0.024206117,-0.103311315,0.109523557,-0.035940118,0.005016892,-0.033306006,-0.108977258,-0.109236263,0.087910764,-0.109611377,0.10695067,-0.101898886,0.093773931,-0.109742455,-0.09077289,-0.10386236,-0.086193047,-0.108858384,-0.109796368,-0.002679832,0.04849894,-0.032312948,-0.037581433,-0.057780791,0.108084209,-0.064823501,-0.057034973,-0.08525335,0.074665539,0.080833837,-0.104340836,0.050217081,-0.038509775,0.09387964,0.109517276,-0.01785101,0.109336868,-0.096863411,-0.076358743,0.054854341,0.104455076,0.109801479,-0.101061039,0.066227265,0.105676897,-0.075350039,0.108790316,0.04679073,0.092910625,-0.010886046,0.003864301,0.091407269,0.000861304,0.10805621,0.106253155,-0.108275548,0.029072929,0.107272066,0.10617274,-0.109039806,-0.102607243,0.101223297,0.097804561,-0.100674868,0.085002728,0.084473491,-0.10950204,-0.077482902,-0.064908616,-0.08731433,0.106190652,-0.086832613,-0.108676888,-0.10950987,-0.109654851,0.053773101,-0.03406525,0.104415186,-0.084701106,0.107951827,0.109028533,0.109312914,0.002631585,-0.106577225,0.109786011,0.083982296,-0.094173834,0.108249769,-0.108791634,-0.109203361,0.068048671,0.040955182,-0.109300584,0.10887228,-0.108751431,-0.109694518,0.10969083,0.031081295,-0.089615814,-0.109670877,-0.109609105,-0.105232917,-0.106793039,0.10291522,0.040064543,0.079587549
lasalocid,BBMULGJBVDDDNI-OWKLGTHSSA-N,D3,-0.094928332,0.003623919,-0.067346521,-0.112117916,-0.108060099,-0.077272706,0.100956433,-0.004415582,-0.110335231,-0.111159422,-0.031187635,0.111926273,0.088773124,-0.103615776,0.004869694,-0.112144113,-0.109999605,-0.007511578,-0.007106195,-0.0381945,0.099325225,0.109390013,0.002164626,0.108469523,0.057934336,-0.111799151,-0.064162292,-0.110600799,-0.111832052,0.083686717,0.112245582,-0.078260377,0.103935823,0.108622342,-0.080856562,-0.089590453,-0.091704793,-0.109370224,-0.089804061,-0.111871012,-0.111693501,-0.112173095,0.104628555,-0.108117431,-0.083737344,-0.038712136,-0.112247832,0.087773502,0.111144237,0.082256824,0.043760817,-0.096109562,0.112243704,0.111386649,0.106396943,-0.107093476,0.076608665,-0.110471427,0.047802068,0.093293719,-0.111364931,-0.019038782,0.0707753,0.110806294,0.108677134,0.072312944,0.112252332,-0.106966756,0.090608098,0.022026151,-0.065074764,-0.040711824,0.094792858,-0.067470528,-0.045780756,-0.073675081,-0.112264149,-0.111832283,-0.109805264,-0.111553445,0.111079112,0.111796297,-0.11168351,0.068197414,-0.082713239,-0.112166964,0.089610063,0.106989853,0.103074469,-0.042978726,-0.112055026,0.005484395,0.112060927,0.003315574,-0.001542261,-0.111886181,0.11138761,0.107322179,0.095952481,0.061050899,-0.103983968,-0.031894434,0.105963923,0.091390118,0.100250252,0.085635923,-0.073658407,-0.075530291,0.055285525,0.079291247,-0.015848679,-0.089131422,-0.099922344,-0.061110508,0.042818796,-0.067106307,0.100781724,-0.111611195,0.033462621,-0.005085459,-0.062716424,-0.105419703,0.040097117,-0.099583015,-0.019720484,-0.111528538,-0.11078652,0.009435577
latamoxef,JWCSIUVGFCSJCK-CAVRMKNVSA-N,D3,0.037206486,-0.081108697,-0.101828009,0.101754263,-0.097964838,-0.038912304,-0.020266816,-0.098660789,0.011603625,-0.101846099,0.101835534,0.091400191,0.099416085,0.101083651,-0.100978695,0.072131842,-0.099783823,0.100704759,0.015633518,-0.018342752,-0.073402427,0.101362921,-0.065108068,0.101352014,0.083297662,-0.101841487,-0.004853502,0.011585953,-0.05251782,0.096104056,-0.101644203,0.034027882,0.050891262,0.101821914,-0.099826202,0.096836112,-0.100703217,0.053611066,0.093150839,-0.101704806,0.101477288,-0.048797473,0.039577078,0.100044444,-0.100690693,0.08864218,0.087839991,-0.101822034,-0.101825319,-0.101778015,0.101237401,-0.097948678,-0.101688653,0.101757213,0.101854973,-0.072135992,0.101403125,0.101587161,0.072319843,0.099665426,-0.063364722,-0.10180103,-0.101836264,-0.100405633,-0.093274586,-0.100751832,0.099260055,-0.101844631,-0.101784006,0.101800561,-0.065131277,-0.101847589,0.101377584,-0.064276934,0.04319049,-0.093658224,-0.077582449,-0.101627283,0.10090059,-0.101832785,0.062692188,-0.100749411,-0.077695727,0.073456645,0.096447825,0.099394403,-0.101856939,-0.099149108,-0.051776074,-0.100747816,0.101543374,0.101004802,-0.101819716,-0.100597724,0.100643769,-0.047673039,0.000950254,-0.100922287,-0.098369636,-0.101841897,-0.090368815,-0.097389601,-0.099376246,-0.06232819,-0.083966345,0.10183055,-0.092174463,-0.101724833,0.101246595,0.028827814,0.078665614,-0.0146159,-0.076893911,0.101368852,-0.101829238,-0.101848915,-0.09487915,0.101839185,-0.080756657,-0.09939348,0.099738702,0.101823613,-0.100753911,-0.046786319,-0.061850972,-0.101855718,-0.092755027,-0.10179086
lefamulin,KPVIXBKIJXZQJX-FCEONZPQSA-N,D3,-0.10911306,-0.110523619,-0.072275661,-0.108606637,0.095631689,-0.040134739,-0.110503376,0.091487885,0.022893777,0.061840501,-0.109277792,-0.080595456,0.06851884,0.029651804,0.05864051,0.009096499,0.103893712,0.108903036,0.049506273,0.033607986,-0.111411169,-0.044762451,-0.111387603,0.052323371,0.0774647,0.090091392,0.097737253,-0.009657125,0.11105971,0.001171002,-0.055745453,0.046498824,-0.102424145,-0.109366156,0.061053965,-0.066600516,0.078867093,0.111392237,0.080243267,0.098130025,-0.007238506,-0.032609314,-0.023591433,0.111345001,-0.017776115,0.071489029,0.012053251,-0.092976034,0.056974512,0.109912209,0.10430786,-0.072859347,0.111029483,0.053144652,-0.106615469,-0.111389294,-0.103808507,0.111093134,0.100014471,-0.045358729,0.11115583,-0.07459756,-0.03824044,-0.111390345,-0.110253096,0.016445849,0.037181951,0.103527427,0.111145757,-0.085185766,-0.033255573,-0.111110821,-0.092937782,0.092983782,0.108868018,-0.101656511,-0.110742636,0.111395523,0.111411184,0.062709928,-0.110881761,-0.087534979,0.105443023,0.041235615,0.008173321,-0.092264891,0.025290506,-0.003528627,0.111007154,0.10752365,-0.086937033,-0.111265831,-6.41e-05,0.092347413,0.022862917,-0.111232989,-0.110779427,-0.042001281,0.079714708,0.10950803,0.105072312,0.07325539,0.111394539,0.109247573,-0.111324705,0.111349776,0.111121908,-0.109040499,0.080154069,-0.051141817,-0.110973097,0.111239649,0.111401655,-0.015929176,0.110632367,-0.109014295,0.103138454,0.110424578,0.096879244,0.110147148,0.110996984,0.097642042,0.111267537,0.111407444,-0.071776725,0.110025838,0.111337803,0.093867891
levofloxacin,GSDSWSVVBLHKDQ-JTQLQIEISA-N,D3,-0.09027151,-0.09027274,0.075708061,0.09019082,0.09027274,0.09027274,0.090203598,-0.09027274,-0.09027274,-0.054825839,-0.039231565,-0.09027274,0.090272695,-0.09027274,-0.09027274,-0.090228826,0.09027274,-0.09027274,-0.089260601,-0.09027274,0.090257354,-0.07579767,0.09027274,-0.09027274,-0.061279479,0.09027274,-0.09027274,0.09027274,-0.09027274,-0.090272605,0.086372077,-0.09027274,-0.09027274,-0.09027274,-0.072944365,0.082722209,-0.09027274,0.09027274,0.09027274,0.090269417,-0.089854069,0.09027274,0.09027274,0.089411527,0.089611135,-0.09027274,-0.09027274,0.09027274,-0.089682795,-0.090148218,-0.09027274,0.09027274,0.089681365,-0.09027274,-0.090272397,-0.085405961,-0.088507004,0.09027274,0.09027274,0.09027274,-0.09027274,0.090216547,-0.09027274,-0.090102129,-0.089997716,-0.083988562,-0.09027274,-0.090272613,-0.09027274,0.090158366,0.09027274,-0.090270758,0.09027274,0.090272613,-0.090153493,0.09027274,-0.090270028,0.09027274,-0.08815746,-0.09027274,-0.066641308,-0.090272151,0.09027274,0.09027151,0.08754202,-0.090267211,-0.09027274,0.09027274,-0.09027274,-0.09027274,0.09027274,0.090267591,-0.09027274,0.088914432,0.09027274,-0.090272136,-0.088350616,0.09027274,0.09027274,-0.090243056,-0.09027271,0.09027274,0.052290026,0.09027274,0.071546376,-0.09027274,0.090205081,0.09027274,0.088825449,-0.089694783,-0.09027274,-0.09027274,-0.09027274,-0.09027274,0.09027274,-0.09027274,-0.090261713,-0.09027274,0.09027274,0.089955993,-0.090270646,0.09027274,0.090272009,-0.0901706,0.090107702,0.090254754,0.09027274,-0.090272687
lincomycin,OJMMVQQUTAEWLP-KIDUDLJLSA-N,D3,0.108196728,0.099081159,0.052724931,-0.064423613,-0.108433552,-0.098843798,-0.047536623,-0.107519127,0.083179429,0.108402371,0.089897014,0.108121358,0.108105101,-0.004210668,-0.042901032,0.100871168,0.090601899,0.081129901,-0.040756274,0.108607844,-0.094869182,0.045460612,-0.107715487,0.006639274,0.106495425,0.099280663,0.096565396,-0.108571626,-0.108245492,0.09083233,0.099659666,-0.108594067,0.092998967,-0.010699856,-0.108082354,-0.101624101,0.106979243,-0.085278012,-0.092027612,-0.108233273,-0.107973851,-0.107157841,0.102289267,-0.101410165,-0.046373971,0.104227908,0.10059765,0.008666629,-0.043007381,-0.105121218,0.061228927,0.08893735,-0.086869754,-0.071763098,-0.057443954,0.10721229,0.087332472,-0.105657019,-0.039296627,0.05649079,0.005231187,0.10853368,0.104456551,0.107776679,-0.040477812,-0.041237485,0.108342983,-0.082288779,0.107124113,-0.007120531,0.096269742,-0.027829086,-0.107082553,0.074943513,-0.094954863,0.106113449,0.096189179,-0.106519431,-0.102419354,0.101011343,0.107839607,0.057707492,-0.10836786,0.108404107,0.09646067,0.026133502,0.104886442,0.003345747,-0.102062523,-0.108183451,-0.03532039,-0.106263295,0.029103594,-0.103554547,-0.096602172,0.092847146,-0.106578514,-0.024297943,-0.10530436,0.094867267,-0.079117499,-0.069931991,0.067795984,-0.076797917,0.085642375,-0.024355197,0.100042477,-0.107172929,-0.052877054,0.108032435,-0.067382909,-0.051514681,0.103042945,-0.080593869,-0.108139344,0.099787422,-0.083002821,-0.100167193,0.105638012,-0.079303108,-0.086033292,-0.105980322,-0.108618468,-0.057075731,-0.10806042,-0.021975571,0.105602182,0.108553477
linezolid,TYZROVQLWOKYKF-ZDUSSCGKSA-N,D3,0.078177311,-0.091674708,-0.091650613,-0.091674708,-0.091674663,0.091674708,-0.09167441,0.091669619,0.091674708,0.091674663,-0.091674708,0.091674708,0.087633945,-0.091674708,-0.091674708,0.064137369,-0.091674708,-0.085061483,-0.091674708,0.091674618,-0.091673993,-0.088876829,-0.056224231,0.091674708,-0.091623411,0.091673709,-0.088744558,0.084660962,0.091674708,-0.091674708,0.091674656,-0.091674708,-0.091674015,-0.091674708,-0.091481693,0.091674708,0.09159068,-0.083244756,-0.091641098,0.048083529,0.091673315,0.091674708,0.091673344,-0.091674708,-0.091550983,0.091674708,0.088766366,-0.090745375,-0.091672987,0.091674708,0.08732646,0.091674618,0.091674678,-0.091674678,0.09154059,0.076593831,-0.091674648,0.091674708,-0.05439591,0.041148424,0.091674708,-0.091674708,-0.091659062,-0.091674708,0.091674708,-0.091674708,-0.091674708,-0.091535822,0.091674685,-0.090600841,-0.08600115,-0.091566034,0.091674708,-0.076034509,-0.091673918,0.091422409,-0.081858709,0.091674708,0.091674708,-0.091469377,-0.091674708,-0.09105964,0.087759562,0.089702405,-0.091674708,-0.085629277,0.060582284,0.091674708,0.091674708,0.091673344,-0.089394398,-0.086906523,-0.091494694,-0.091673955,0.091674708,-0.011447377,0.091674708,-0.091674708,0.091659442,0.091562413,-0.091648541,0.091674708,-0.091674708,-0.091674708,-0.091674708,-0.089283504,-0.091593802,0.090863213,0.091674708,0.091674708,-0.091674507,-0.075947322,0.091674708,-0.08099556,-0.091674708,-0.091674708,0.091674708,0.091674618,0.091583304,-0.091118567,0.091674708,-0.089472942,-0.091674708,-0.091674708,0.091098152,-0.091674268,0.021043932,-0.091674708
lomefloxacin,ZEKZLJVOYLTDKK-UHFFFAOYSA-N,D3,-0.070784189,0.053173404,0.011015574,0.088525109,0.068504848,0.110158101,-0.105711222,-1.78e-05,-0.023613958,-0.082507379,0.017063467,0.028773202,0.014027476,-0.109191455,-0.11108385,0.028971244,-0.057604298,-0.10985034,-0.016301675,0.101232529,-0.090604112,-0.07846871,-0.038509857,0.110100903,0.10999056,-0.103676356,-0.104120523,0.111817189,-0.093134843,0.080743901,0.082157619,-0.105132878,0.069632284,-0.10298527,0.111955032,0.1116767,-0.080919832,-0.096615247,0.101106465,0.105596386,0.111660182,0.110914901,0.106431969,-0.111360125,0.048297741,0.107161,-0.030791812,-0.11128962,0.053685144,0.101110063,-0.049000792,-0.070752904,0.111204579,-0.111642785,0.092940494,-0.096582294,-0.021149002,0.111051917,-0.0461955,0.102421887,0.079024829,-0.104121909,-0.111857124,-0.102976993,0.098357074,-0.087704562,0.102837607,-0.106356993,-0.111967348,0.111203216,-0.09642145,-0.103241563,0.111964971,-0.055163607,0.094026148,-0.006245821,-0.101861082,0.107444644,-4.87e-05,-0.111446321,-0.026840487,0.01854644,-0.086506419,0.053587273,-0.108458377,-0.11147356,-0.111970089,0.11028941,-0.007843052,0.096065961,0.104056798,0.107417099,-0.072053351,0.009456268,0.107951649,0.063063025,0.108914256,-0.055297233,0.106020398,-0.111274034,-0.111965604,0.057452455,-0.063642971,-0.008059776,0.107107274,-0.049146675,-0.106378764,0.101015359,0.094938852,0.097883783,-0.059389956,-0.1118633,0.094590351,-0.111963071,-0.100591056,-0.10460721,0.028906694,-0.056356926,0.081571445,0.106662005,0.072230734,0.022783762,0.00578,-0.109152585,0.109971188,0.110208787,0.064783558,-0.109752744
loracarbef,JAPHQRWPEGVNBT-UTUOFQBUSA-N,D3,0.097738564,-0.100659072,-0.100653857,0.060083985,-0.081957586,-0.100311764,0.100638919,-0.100658618,0.089334868,-0.100660808,0.100652643,0.100660637,0.100357182,0.096695662,-0.100352138,-0.05859004,-0.096160494,0.100547917,-0.10025239,0.027802488,-0.100221276,0.100660503,-0.09294229,0.100649036,-0.006632117,-0.099934295,-0.09991578,-0.026447263,0.061075274,0.098606192,-0.09738344,0.056676075,0.100177012,0.100652143,-0.067291118,0.100653812,-0.090251021,0.090621844,0.082760789,0.09275765,0.100651443,-0.100660808,0.086710192,0.049209971,-0.100660667,0.100587822,-0.051925525,-0.100577168,-0.100658461,-0.100653544,0.100517064,-0.09924943,-0.097114868,0.099851526,0.100660734,-0.080022238,-0.100197233,-0.100650102,-0.100626819,0.10062924,-0.064663962,-0.03911344,-0.04057461,-0.100188263,0.040286534,0.094271198,0.100282311,-0.100630172,-0.009991297,0.074047111,-0.007683466,-0.100657403,0.100660749,0.016437864,-0.032925367,-0.099886559,-0.095215693,0.076274671,-0.095307738,-0.100650363,-0.079317547,0.074497066,0.079713933,0.089838728,-0.004550387,0.099843927,-0.100660607,-0.086568616,0.100438535,0.034034044,-0.095801093,0.040679153,-0.10053096,0.09885025,0.100658625,0.074865513,0.100659512,-0.100656979,-0.098550737,-0.100629725,-0.017866781,-0.100660808,0.080220722,-0.100653745,0.100641623,0.100659087,-0.100560673,-0.100569606,0.099907279,-0.043853827,0.100334428,0.099967144,0.015817937,-0.041105535,-0.100660071,-0.10065984,0.007730362,0.100660808,-0.100656882,0.053622901,0.099939182,0.100599907,-0.100066297,0.099408738,-0.098160356,-0.099555098,-0.100515313,-0.100658357
marbofloxacin,BPFYOAJNDMUVBL-UHFFFAOYSA-N,D3,0.017363189,-0.102922156,-0.092447728,-0.102896996,0.027645087,0.102905571,0.076752022,-0.08694052,0.069635503,-0.043246761,-0.010422832,-0.005101985,0.102839187,-0.039781857,-0.102177769,-0.101976477,-0.063899919,-0.094636604,-0.073272996,-0.094760679,-0.067482695,0.101874523,0.087888725,0.099074103,-0.014509008,0.094359636,-0.102853671,0.102798723,0.100819804,-0.08987844,0.092842191,-0.102641083,-0.079029374,-0.102844372,-0.102882743,0.100337863,-0.102830954,0.10216298,0.102822803,-0.096847631,-0.063034311,0.101949744,0.102915831,-0.035163946,-0.102084339,0.101943165,-0.102828495,0.097346343,-0.097210072,0.101417199,0.065022118,0.101097733,0.036514375,-0.044200525,0.096826695,-0.076577656,-0.046392456,0.10275279,-0.086479232,0.101637125,0.09669333,-0.102898829,-0.101851501,-0.101025186,0.055545945,-0.101926193,-0.090868525,-0.102913648,-0.10064853,0.083744586,0.053608324,-0.102508344,0.102922045,0.089324132,0.091068253,-0.002693754,-0.064065397,0.083894849,0.102856614,-0.102876537,-0.100482151,-0.097772427,0.102864861,0.10287632,-0.064917833,0.100371711,-0.101265803,0.093948655,0.097381018,0.079372093,0.016126137,0.02986628,-0.102323599,-0.029347599,0.102712736,-0.092434496,0.098757647,-0.096224695,0.094609246,-0.101142883,-0.060082238,0.092843927,-0.086914316,-0.07994581,-0.102858141,-0.097039349,-0.044260897,-0.019702055,0.101806991,0.102812544,-0.1019338,-0.095021948,0.097470447,-0.096887134,-0.101789474,-0.102922283,0.10105747,0.101400867,0.101266287,0.002325254,0.087016188,0.102385782,-0.102840386,-0.068898745,0.084396288,-0.102817081,-0.075187176,-0.102892712
mecillinam,BWWVAEOLVKTZFQ-NTZNESFSSA-N,D3,0.022548769,-0.088418163,0.070976101,0.106169693,-0.10356871,-0.107916057,0.108335704,-0.098469205,0.09747725,-0.107716255,0.108249202,0.100423485,0.108459346,0.031365726,0.035603173,-0.104714029,0.095771849,-0.010550036,0.092736609,-0.107379816,0.106673568,0.108238041,-0.10600622,0.058002729,-0.107485294,-0.108052291,-0.108322196,-0.057880275,0.01921544,-0.004879859,0.005181447,-0.107658438,-0.000813749,0.107859291,-0.098081239,0.025320625,-0.103394791,0.107427068,-0.005976963,-0.088034131,0.108214058,-0.108434699,0.104311258,0.106627464,-0.089524597,0.012339423,0.087952569,-0.079589635,-0.106338792,-0.107440174,0.105180122,0.076762453,-0.108469471,0.108125493,0.108459473,0.081172936,0.095639348,-0.106069379,0.04982084,0.051978063,-0.090975448,-0.083700165,-0.095785268,0.101425461,-0.016768143,0.105832055,0.078183673,-0.027235484,0.026524169,0.078588501,-0.102673903,-0.0980004,0.107777119,0.108272322,-0.106068596,-0.105961114,-0.060286451,-0.074147835,-0.047232289,-0.107595675,0.010400266,-0.075671524,0.107927203,0.100747265,0.1077177,-0.005761186,0.023101984,-0.104784042,0.024213593,-0.073839448,-0.093495384,-0.044969637,-0.106705479,-0.104754791,-0.007364942,0.099679016,0.09638603,0.072613493,-0.070123777,-0.108468927,0.108392745,-0.094863512,0.068261668,0.10207624,-0.048813794,-0.094515637,0.065663867,-0.106787816,0.102946199,0.050127156,-0.073896393,-0.05326923,-0.106359102,0.044920024,-0.107488438,-0.10835129,-0.099900499,0.079648629,-0.108243793,0.093831457,0.087870702,0.10097345,-0.10756433,-0.102453075,-0.103683315,-0.107784264,-0.099119455,-0.096010275
menthol,NOOLISFMXDJSKH-UHFFFAOYSA-N,D3,-0.092297979,0.092298284,-0.092298284,0.092298284,0.092298284,0.092296928,-0.092293598,0.088838555,0.091575697,0.092298284,-0.092298284,-0.092298284,-0.092298284,-0.09229672,0.092294686,0.092297517,0.091912098,0.091400452,0.085163198,0.092298239,0.092298277,-0.092298284,0.092297949,0.092296794,0.092298284,-0.001540974,-0.092298284,-0.076850966,-0.092298284,-0.077533394,-0.092297643,-0.091786563,0.092298284,-0.092298061,0.092298284,-0.091584288,-0.092298284,-0.092298284,-0.092298284,-0.070508845,-0.092298284,0.092298284,-0.092298284,-0.092297353,0.091475442,-0.092298284,0.016178293,-0.091970444,-0.092282869,-0.091745511,0.067726068,0.092265069,-0.092297092,-0.092298284,-0.092293374,0.092218108,0.092298187,0.092298284,0.092298284,0.092238493,-0.05103625,0.09128359,-0.092298284,0.091624126,-0.090667099,-0.092297859,-0.091684327,0.092298284,-0.092298284,0.092282102,0.092298284,-0.092298284,-0.092262968,-0.009034548,0.092298284,0.092298165,0.092163347,-0.092071623,-0.092298284,0.091302313,0.092292316,-0.089128934,0.076256223,0.080184631,-0.092298284,-0.092298225,-0.092298284,0.092298284,-0.092298284,-0.06872496,-0.092298284,0.028132947,-0.091908827,-0.092298284,0.092298284,0.092298284,-0.025876343,0.092297412,0.092298284,0.092298254,-0.092298284,0.092298284,0.092297286,0.092295349,0.085170686,-0.092298284,-0.092297688,0.092298284,-0.03458444,-0.090446047,-0.091756359,-0.092298284,0.092298284,-0.091631897,-0.09184704,0.092286907,0.056210212,-0.092298284,0.092298284,-0.092298284,-0.092298284,0.092273958,0.091903038,-0.092298284,0.092269622,0.092298284,0.092298284,0.071603894
meropenem,DMJNNHOOLUXYBV-PQTSNVLCSA-N,D3,0.012149365,-0.113822222,-0.078908928,-0.110502228,-0.106417798,-0.04379316,0.096502289,-0.095431283,0.095810257,-0.11456044,0.094601206,0.113123968,0.095584095,-0.008025304,-0.07419765,-0.066468172,-0.052169021,-0.079229996,-0.109695561,-0.059216492,-0.077909715,0.11559622,-0.108023852,0.011205398,-0.111000493,-0.084819816,-0.10897056,-0.103880174,0.093267612,0.101923898,0.099319175,-0.100321367,-0.047773354,-0.057274714,-0.111003451,0.041898184,0.110106751,0.113865621,0.000194536,-0.115072384,0.053681567,-0.113100596,0.115360342,0.030932872,-0.10897202,0.108321533,-0.114199609,0.106497742,-0.089684166,-0.01921835,0.110427953,-0.073188543,0.057067726,0.114929803,0.089444727,-0.053079937,0.070064247,-0.028368466,0.092435114,0.108557887,0.038939741,-0.074258424,0.046422213,0.094842993,-0.029588677,0.083530881,-0.02948848,-0.105204359,0.113953158,-0.081523322,0.053667098,-0.113246664,0.10013321,0.095734984,-0.106655948,-0.104266703,-9.16e-05,0.108473554,0.109192953,-0.114136443,-0.015619554,-0.059041191,0.11262466,0.115578793,0.100459822,-0.071070552,-0.012407705,-0.094460554,0.112333633,0.034764398,-0.08073172,-0.114791535,-0.109358124,-0.078628592,0.011859784,-0.088226229,0.106030442,-0.093067609,-0.110579409,-0.016246077,0.1046388,0.01560983,0.072330564,0.059945844,-0.109136939,0.020513941,0.112727791,-0.115495831,0.112344474,0.100698672,-0.091758147,0.104545273,0.094011657,0.103038326,-0.110588454,-0.115590394,-0.005965848,0.10449031,-0.105335534,-0.001478597,0.052116383,0.038254306,-0.115379967,-0.052488353,0.089645766,-0.115349598,-0.077199042,-0.094211802
methenamine,VKYKSIONXSXAKP-UHFFFAOYSA-N,D3,0.100218967,-0.098054998,0.048116595,-0.013892081,0.002092229,0.114062965,-0.082495473,-0.08739946,-0.07123553,-0.092785798,0.090676777,0.113029219,-0.016373111,0.088308811,-0.068448409,-0.075544387,-0.129871368,-0.140488997,0.002952355,0.100853026,-0.133104891,0.039325576,0.050586853,-0.061277177,0.06802699,0.021336991,-0.097152784,0.136624336,-0.044601727,-0.082132146,0.021055585,-0.07810735,0.050117604,-0.137429088,0.125138387,0.119863793,0.018707175,-0.049125113,0.142116368,0.135062665,0.123262636,0.042925503,0.058769699,0.055320911,0.070123464,0.133260906,0.011666515,0.099378042,0.119416431,0.125771925,-0.07216835,-0.043288838,-0.048809003,0.041593771,-0.019115042,0.132818758,-0.122882731,-0.115795709,-0.044986323,0.139435679,-0.081124671,0.134808287,0.126176387,0.043846332,-0.072743386,0.072627284,0.118959911,0.099900231,-0.115510918,-0.035844468,0.120649375,0.108389631,0.123781897,-0.068567969,-0.034218263,0.063175514,0.080283418,-0.065852419,-0.085709535,-0.123091914,-0.075850777,-0.131438911,0.010350496,0.120256118,0.045483153,0.136839032,-0.113966808,-0.091267772,0.127367079,-0.073015593,-0.068943799,0.008020732,0.118365154,0.064834289,-0.10501004,0.062252928,0.059736464,-0.079641797,-0.015233794,-0.018097028,0.128287524,-0.115874864,-0.110594384,0.077778466,0.128637269,-0.097828485,-0.023294736,0.095485136,0.057393849,0.128578469,0.062001809,0.013259113,0.021454675,-0.087688804,-0.139210358,-0.019296238,-0.114552997,0.054309651,-0.058834516,0.029397978,-0.06932459,0.010657547,-0.049139015,0.041545361,-0.099201724,0.088947766,-0.029575281,0.09026432
methicillin,RJQXTJLFIWVMTO-TYNCELHUSA-N,D3,-0.099654451,-0.101845212,-0.101375617,0.07651934,-0.101626329,-0.101390854,0.101867214,-0.101815633,0.101660334,-0.1018591,0.101639733,0.101872429,0.101868711,-0.100026771,0.094848193,0.037762914,0.017387599,0.100292586,-0.099874318,-0.003090527,-0.091140889,0.101872198,-0.101871021,0.090436302,-0.030864798,-0.094665021,-0.101825371,-0.099416651,0.093702756,-0.077461027,0.069806986,-0.101872757,0.090963192,0.100567728,-0.010910225,0.023988193,0.051222548,0.093818545,0.072923422,-0.099974819,0.099218726,-0.101872772,0.101753384,0.101849198,-0.101872511,0.10036803,0.013561689,-0.074873127,-0.101870462,-0.101852514,0.101853915,0.041187424,-0.100366861,0.101704307,0.101870574,-0.027704131,0.04074258,-0.100514501,0.100003667,-0.040269446,-0.09022519,-0.099880911,-0.065059766,0.093785487,-0.093172096,0.101565681,0.066692926,-0.099372618,0.101853155,-0.090761364,-0.094491765,-0.101853438,0.100595921,0.099342883,0.021517541,-0.097388558,0.078703888,0.029772416,0.076078214,-0.101867735,-0.06168681,-0.10143216,0.099463478,0.099338092,0.101086363,0.026586499,0.022425264,-0.101533145,0.095581762,-0.032588124,-0.101555325,-0.101844057,-0.101774663,-0.086270578,-0.012794284,-0.007855665,0.099780858,-0.017442441,-0.101770654,-0.081710488,0.088624671,-0.092096314,0.100513764,-0.073729254,-0.101008423,0.09997239,0.101222314,-0.101872519,0.101860449,0.083121993,-0.100550994,0.101791568,0.095866591,0.101774625,-0.101861402,-0.101872891,-0.054863822,0.101282045,-0.101867013,0.052328691,0.101402819,0.075802095,-0.101870589,0.012534412,-0.101818591,-0.100820623,-0.097342826,-0.101768717
metronidazole,VAOCPAMSLUNLGC-UHFFFAOYSA-N,D3,0.108906716,-0.115384087,0.114242643,-0.017008642,-0.106477216,0.100268252,0.010162371,0.103889428,-0.010651958,-0.112856939,-0.085281134,0.117318533,-0.113638543,-0.097064614,0.113057218,-0.093732998,-0.117064379,0.005873503,-0.013078132,0.043417003,-0.112926587,0.098268583,0.025547955,-0.020570127,0.116799071,-0.041563701,0.05109632,0.114081472,-0.097650997,-0.020377904,0.115335897,-0.036006544,0.107275546,-0.117126718,0.037161481,0.113535993,-0.001867261,-0.113920033,0.117309995,0.115717798,0.010119569,0.057724148,0.053448416,0.085612021,0.023704028,0.029970694,0.104165025,0.111130126,0.085088678,0.116546437,-0.045360696,-0.1004811,0.109836586,-0.092735291,0.003541294,-0.04685941,-0.116442457,-0.099564046,-0.114932984,0.111205526,-0.108092226,0.043518782,0.113309443,-0.115550078,0.114124,0.115538493,-0.02572896,0.075111516,0.107537508,-0.115239345,0.02851891,0.113254495,0.068685882,0.072496884,-0.057372347,0.117381655,-0.109074377,0.110334285,0.081324786,0.013911014,-0.102356412,-0.080115773,-0.079229377,0.103574544,-0.079371147,0.095816627,-0.117370024,-0.117176443,0.115263008,-0.101474784,-0.114028484,-0.074752726,0.112514645,0.062318876,-0.114076994,-0.056185126,0.012370778,0.02741039,0.033898167,-0.111291997,0.072560146,-0.112394683,-0.088016108,-0.111891218,-0.066249527,0.029942576,-0.113789037,-0.04483033,0.03043717,0.041123144,-0.054686017,0.07597366,-0.078309044,-0.019676242,-0.06822066,0.068376429,0.114961669,-0.066765599,-0.081249654,0.117117427,-0.113900557,-0.116973534,0.078427717,0.117056087,-0.117352657,-0.028569706,-0.063268378,0.099902749
mezlocillin,YPBATNHYBCGSSN-VWPFQQQWSA-N,D3,0.051797848,-0.097711667,-0.099741615,0.041039664,-0.088618249,-0.10010948,0.100196831,-0.100083597,0.100104585,-0.097397283,0.099533319,0.100162335,0.100197457,0.066600859,0.088251255,0.083757274,0.043105844,0.100204855,0.100201756,-0.063831814,0.049924552,0.10014984,-0.100204132,0.097761296,0.011275696,-0.099858262,0.049131494,-0.051240489,0.038016964,0.061767474,-0.099778704,-0.095655374,-0.098276913,0.100191794,-0.10020449,-0.089880146,-0.098921746,0.10020449,0.099944972,-0.10019692,0.088277392,-0.100184023,-0.040341176,0.100202978,-0.100118026,0.092400357,0.07923343,-0.099945083,-0.100183211,-0.100195818,0.100172035,0.099480808,-0.100144245,0.100203566,0.10020306,-0.100190595,-0.091993287,-0.08117374,0.039724309,-0.095607854,-0.063308463,-0.099044949,-0.09938392,-0.100204915,-0.099968031,-0.010963366,0.074586086,-0.100203075,0.100179777,-0.066437572,-0.09795633,-0.100204796,0.039786857,0.098756671,-0.081154391,-0.092528395,-0.100195035,-0.088687174,0.10001272,-0.098753028,0.009217791,-0.099243104,0.095853575,0.054660723,0.098872848,0.097148173,-0.095156811,-0.098682657,0.047277346,-0.099992372,-0.092049018,-0.100060113,-0.10020145,0.01237785,0.099269934,-0.100188404,-0.026297675,0.034741126,-0.100042783,-0.098723702,0.095612973,-0.099132374,0.098061427,-0.097434528,-0.09974324,0.10020496,0.096977502,-0.100203231,0.098120391,-0.100061983,-0.044586245,0.100201078,-0.037805829,0.100094803,0.094870791,-0.100203954,0.027241126,0.099871121,0.03816681,-0.06018614,0.096360892,0.099683709,-0.040082213,0.100199632,-0.100008741,-0.100151405,0.087979466,-0.097738668
miconazole,BYBLEWFAAKGYCD-UHFFFAOYSA-N,D3,-0.09812855,-0.038317353,0.09691228,-0.088680401,-0.014768578,-0.091741689,-0.098098345,0.098123923,0.098128036,-0.096419856,-0.098078713,0.094961479,-0.096074276,-0.002855071,0.098128162,0.098128453,0.098097764,0.021931879,0.098128371,-0.09793596,-0.09812855,0.086735629,-0.09812855,-0.060750209,0.074363448,0.079696693,0.098120041,-0.085585445,0.098128468,-0.097807705,-0.098116167,-0.096845895,-0.097937994,-0.098122008,-0.092203029,-0.098120347,0.09812855,0.097997777,-0.034035191,0.061355811,-0.098127656,0.097121783,-0.098115548,0.097267598,-0.097963683,0.097153425,-0.096031338,0.037675891,-0.065548375,-0.021716222,0.098128237,-0.062701575,-0.033524264,0.088854924,-0.09557081,-0.098128445,-0.098014764,0.07809028,0.098122008,-0.098127887,0.098123603,0.088595293,0.097946271,-0.071989045,-0.098095894,0.096990228,0.097249381,0.098126389,0.09812855,-0.09567637,-0.078532308,-0.098111875,-0.09812557,0.096874259,0.066449471,-0.096912801,-0.08971753,0.09812855,0.098121963,0.098128535,0.051242203,0.084846124,0.098128274,0.039537899,0.098047063,0.096729755,0.097940296,0.091995016,0.098127149,0.098127753,-0.00161312,-0.09812855,0.098125957,0.071551733,-0.098110512,-0.098098829,-0.09812855,0.094880663,-0.09811186,0.09812855,0.098120674,0.098035537,0.098126672,0.098128386,-0.09812855,0.094627038,0.098128244,-0.098022237,0.033990148,-0.024306942,-0.098128304,0.09791562,0.09812855,0.097482033,-0.032314237,0.020483905,-0.045480654,0.097976983,0.09222842,0.069658227,0.098123208,0.022600206,0.091491908,0.098121479,0.087957159,0.098120779,0.098098584,0.094436817
midecamycin,DMUAPQTXSSNEDD-QALJCMCCSA-N,D3,-0.090869561,0.052470736,0.021780021,0.031858373,-0.123240024,0.084143519,-0.117984086,0.043649841,-0.119261779,-0.027239522,0.122314759,0.105868235,0.098285474,-0.108084343,-0.05087195,-0.117678463,-0.107507475,-0.124221116,0.102426007,-0.038156241,0.121186227,0.085623614,-0.090884201,0.120096706,-0.070617639,-0.124509342,-0.032363512,0.071828716,-0.119831815,-0.108129576,0.117631949,0.102259077,0.087225437,-0.082330294,-0.109922849,-0.060703393,-0.002503605,0.124090724,-0.113628238,-0.116990909,0.012897804,0.025925281,0.046625514,-0.084435917,0.122938238,0.087997161,-0.067970082,0.007104828,0.121624216,-0.075378627,0.101732187,0.016424052,0.098718017,0.116505086,0.012655556,-0.08523564,0.053172283,-0.066152669,0.124554724,0.124126814,-0.119944423,0.018725403,-0.087884218,0.105958499,0.114255689,0.115272939,0.087690726,0.043115187,0.108742505,0.002593764,0.002450868,-0.102710776,-0.011716509,0.013146529,-0.118850961,0.10912662,-0.124881938,-0.107587934,-0.008022967,0.064135127,0.115331389,-0.085804403,-0.116622634,0.105596177,0.116129264,-0.125075847,0.047722258,0.02475065,0.081499487,0.043663707,0.017137332,0.039999556,0.02690275,-0.109195627,0.015737223,-0.01687976,0.120596252,0.051821567,0.122116983,-0.058823422,-0.052982677,0.090274781,0.028451541,0.093476035,-0.05943317,-0.045650914,0.09476947,0.086718746,-0.120805293,0.026973749,-0.088084981,-0.123307876,-0.088077635,-0.075213708,-0.004348984,0.086759314,0.002299224,-0.125104383,0.113437884,0.083386093,-0.122397207,-0.124010362,-0.120363884,-0.116009377,-0.014196381,-0.122225396,-0.049786646,0.020922922
midecamycin acetate,GQNZGCARKRHPOH-RQIKCTSVSA-N,D3,-0.106215023,0.009573357,0.038694158,-0.085807025,-0.108899787,0.00580646,-0.091372013,0.09645398,-0.097828969,-0.083781622,0.108657569,0.108612269,0.106696397,-0.105698198,-0.042773373,-0.107843496,-0.104481019,-0.108595334,0.102991454,-0.101136632,0.108447321,0.107091784,-0.096139722,0.108529717,-0.083978727,-0.108890273,-0.101798221,0.046704981,-0.106153227,-0.105446622,0.108802699,-0.073374294,0.100514486,-0.104432903,-0.106302842,-0.103494987,-0.010988974,0.10657195,-0.106448643,-0.108593524,0.008693149,-0.077583298,0.095013149,-0.105164856,0.095985062,0.098821335,-0.03205983,0.002165864,0.106844857,-0.04881591,0.106789567,0.006683854,0.083636202,0.108753279,0.107690409,-0.020444898,0.095337369,-0.074938595,0.108816743,0.108792685,-0.098503232,-0.091248885,-0.029410191,0.072984755,0.105857499,0.10857363,0.085710041,-0.048359402,0.10557764,0.055769406,-0.004103659,-0.108127639,0.104547828,0.012619305,-0.1057759,0.071300164,-0.108783185,-0.065704852,0.063093759,0.073078841,0.108229741,-0.012351199,-0.088774689,0.059504949,0.102838993,-0.108921535,0.067740113,0.003556098,0.106213689,0.101765685,-0.088266738,0.060688868,0.09021122,-0.092569299,0.016010359,-0.063665845,0.108904675,0.064677998,0.106830083,-0.100974664,-0.022785921,0.058335636,0.060416292,0.107837461,-0.091170438,-0.069846407,0.100395873,0.097464003,-0.102319941,0.096175089,-0.103914626,-0.105280533,0.012484127,-0.067241341,-0.10730999,-0.064097829,0.036753133,-0.108862638,0.103663526,0.083130538,-0.108579621,-0.108761102,-0.108857229,-0.1077279,-0.028750278,-0.108680166,-0.106471129,-0.057286788
minocycline,WTJXVDPDEQKTCV-VQAITOIOSA-N,D3,0.095283307,-0.096228585,0.096166112,-0.096228585,-0.096172079,0.096210495,0.015965777,-0.0143739,-0.065139122,-0.096099861,0.096186645,0.09621828,0.095987208,0.095052525,-0.096227825,-0.096228585,-0.096228063,0.039151639,0.012439168,0.087118007,0.095772333,0.096228585,0.095587552,0.095855817,-0.093599908,-0.096152574,-0.096217282,0.003343507,-0.096161991,-0.06540633,0.096225522,0.093727686,-0.096228585,-0.09622854,-0.033940382,0.096102208,0.096157677,-0.093573883,-0.094482295,0.088318244,0.096214041,-0.095976047,0.096169703,-0.096188873,-0.08809641,0.096223094,-0.096228585,-0.095616572,0.096228294,0.096226059,0.096112646,0.095744222,0.096215576,-0.092092961,0.09614753,-0.096228294,-0.096221685,0.085076272,-0.096228033,0.096228585,-0.020670276,-0.096228048,0.0912406,-0.096138291,0.096228443,0.021896912,0.095666967,0.081417985,-0.09619844,0.096228585,0.009936907,-0.083387814,0.096228503,-0.073971018,0.096105978,-0.078451358,-0.096228585,0.085658945,-0.096227504,-0.09607219,0.096228585,0.096228585,0.093828641,0.096226551,-0.083291776,-0.095678158,-0.096224532,0.09597557,0.096228205,0.092422098,-0.09622854,-0.095219247,0.096228093,0.095554002,-0.096116297,-0.096176326,0.095565051,0.096210517,0.096228585,-0.096226528,-0.096190132,-0.095255695,-0.062531807,0.081863135,-0.091868967,-0.080568388,-0.096228585,0.096118659,0.042214602,0.095657244,-0.07664866,-0.096225709,0.002076491,-0.096228585,-0.053709101,-0.096207373,0.085014388,0.096214473,-0.050284579,0.074159086,0.096087538,-0.091647677,0.067670755,0.077871159,-0.047283683,-0.096227624,-0.095325053,-0.09621305
mitomycin c,NWIBSHFKIJFRCO-WUDYKRTCSA-N,D3,-0.079843536,-0.093808174,-0.025823668,0.093764313,0.093086898,0.093808174,-0.093792707,-0.093772411,-0.093808174,-0.018609639,0.026579184,-0.093808174,0.093807869,-0.093787819,-0.093808174,-0.040741641,0.09380798,-0.093808174,0.093709469,-0.093808174,0.093808033,-0.093696348,0.093795858,-0.093518548,-0.092806287,-0.092844464,0.030642437,0.093808174,-0.093808174,-0.093795694,-0.081417434,-0.082445733,-0.093808174,-0.093808174,-0.093769692,-0.013578079,-0.093808174,0.093807273,0.093807474,0.093375295,0.092389286,0.093808174,0.093808174,-0.09375906,0.093807615,-0.093808174,-0.093805231,0.093755327,0.093380362,-0.093438238,-0.085385121,0.093807891,0.093348905,-0.093807384,-0.093808033,-0.093805879,-0.093513101,0.093808174,0.093808174,0.093808107,-0.093808107,-0.09367428,-0.093808174,-0.093740791,-0.002099399,-0.093746223,-0.093808174,-0.093807645,-0.093808174,0.093806528,0.093807794,-0.093746804,0.093808174,-0.092586964,0.005890469,0.093792476,-0.093794048,0.093776025,0.063518867,-0.093806617,-0.033918165,0.035317089,0.093808174,0.093366183,-0.093492851,-0.093798429,-0.093802549,0.093808174,-0.093808174,-0.093365051,0.093808174,0.093788467,-0.093808174,0.093808174,0.093808129,-0.093808174,-0.093806423,0.093463093,0.093808174,-0.093768716,-0.093807839,0.093808174,-0.072558723,0.093806751,-0.093668699,-0.093808174,0.093787506,0.093783133,-0.088742137,0.024427073,-0.093808174,-0.093808174,-0.093807556,-0.093808174,0.093808137,-0.093772992,0.091225371,-0.015194705,0.093808174,-0.092232652,0.092912108,0.093807556,0.09325511,-0.04417764,0.093808174,-0.085973844,0.093807288,-0.093807973
monensin,GAOZTHIDHYLHMS-KEOBGNEYSA-N,D3,-0.100259677,0.099912032,-0.068349503,0.069148965,-0.110427998,-0.106140174,-0.09366557,-0.011768414,-0.011714956,0.103643656,0.062158804,0.114709377,0.111615121,-0.115426816,0.093687475,-0.097524025,0.053072173,0.002314075,0.111717641,0.036326438,0.108594507,0.026933594,-0.113605611,0.078519091,0.007868446,-0.091563128,-0.055792596,-0.081775948,-0.116484635,-0.084869348,0.114211805,-0.116819546,0.111355282,-0.042993922,-0.049513374,-0.108232252,-0.048799936,0.068146192,-0.103692807,-0.117215529,-0.108189926,-0.0844412,0.077462927,-0.094339944,-0.093643598,-0.107998081,0.030924285,0.052627198,0.108200863,0.003701599,0.012222483,0.088279605,0.077218622,0.103733465,-0.099770211,-0.007300795,0.037075289,-0.008123731,0.11593549,0.018375486,-0.057089292,0.037520181,-0.033832736,0.117290728,-0.041489296,0.0779448,0.101936333,0.081268445,0.11423336,-0.091275826,0.108170718,-0.100064725,-0.09967716,0.029917689,-0.109423548,0.067165345,-0.087284662,-0.092549145,-0.112713628,0.11056599,0.116893083,-0.069679648,-0.104278482,0.072585523,0.049792659,-0.117250673,0.117246695,0.108172283,-0.113459557,-0.105360262,-0.116606608,-0.083613276,0.035967208,-0.10694848,-0.087875471,0.079478495,-0.047165345,0.114011414,0.093184032,0.088879451,-0.02977938,0.114854783,0.106135547,0.103294022,-0.115315132,0.033789352,0.116790898,-0.097217873,-0.117263556,0.108770847,-0.039327353,-0.115770519,-0.02539539,0.073749617,-0.115542464,0.081651032,0.017177293,-0.117085084,0.116936743,-0.020437637,-0.117129937,-0.090365551,-0.11266724,-0.116971105,-0.033014283,-0.05623991,0.089662895,0.092868403
moxifloxacin,FABPRXSRWADJSP-MEDUHNTESA-N,D3,0.01601468,-0.109732158,-0.075800568,-0.109162152,0.079062343,0.109615594,-0.067497924,-0.093100809,-0.105241984,0.02993222,0.066796102,-0.106613815,0.108791158,-0.105264366,-0.109703615,-0.108263284,0.035177238,-0.10938248,0.028731424,-0.085809819,0.016427441,0.082082607,0.10905727,-0.069282524,0.002567923,0.057425801,-0.10971348,0.107421272,-0.102648117,-0.104477316,0.064466104,-0.103779614,-0.109502941,-0.109651178,-0.03891784,0.106395811,-0.104389817,0.108751424,0.104559153,0.104746811,-0.067312725,0.109650269,0.108068019,0.014245396,0.068422198,0.015745031,-0.106697671,0.108969152,-0.071450457,0.074921362,0.077518851,0.099613093,0.069533952,-0.084676564,0.006112578,-0.098722912,-0.094001397,0.105859332,0.050929114,0.109156922,-0.036629941,-0.08758685,-0.10766276,-0.100963265,0.095453314,-0.104120836,-0.101364471,-0.095043853,-0.109195039,0.082615398,0.106488235,-0.103380337,0.108077981,0.072600067,0.04587695,0.10864605,-0.106680028,0.083362348,0.083516009,-0.098063633,-0.099081218,-0.07051421,0.109328136,0.108030327,0.002096301,-0.039449569,-0.107348502,0.107141018,-0.029122237,-0.020176573,0.074383833,-0.093402952,-0.057541817,0.094551839,0.09853816,-0.09191563,0.096713498,0.069246635,0.109633721,-0.083086707,-0.09387058,0.107201546,0.098027349,0.092801578,-0.10634277,-0.109725207,0.027223485,0.108504154,0.074709535,0.0623243,-0.10931889,-0.109540135,-0.020028295,-0.109663717,0.088976458,-0.108787969,0.09423884,-0.075655714,0.104758002,0.08860109,0.005127123,0.106662974,-0.096837416,-0.060562827,0.00936671,-0.035476591,0.101595491,-0.080757529
mupirocin,MINDHVHHQZYEEK-HBBNESRFSA-N,D3,0.06624072,-0.097706668,-0.091961555,0.098076276,-0.098145388,0.098045163,-0.098145194,0.098145425,0.059223723,0.098145165,-0.098145321,0.098120332,-0.095828377,-0.098145425,-0.098128475,-0.094381288,-0.098145425,0.063207395,-0.098145425,0.098138131,-0.098143026,0.076697826,-0.067222685,0.072761886,-0.014377123,-0.0580284,0.09138044,-0.098145425,0.098129258,-0.098143779,0.097542532,-0.092879407,-0.098100901,-0.098145425,-0.098142147,0.091189288,0.098145388,0.041879337,-0.098144867,-0.09813486,0.054729391,0.097321108,0.098019451,-0.074185744,0.098107211,-0.080176882,-0.090151675,0.09754125,0.098142728,0.098140523,0.083555952,-0.039186656,0.097996548,0.098130576,-0.098145381,0.098142482,0.097608037,0.098145425,0.098145232,-0.098143466,0.098099001,-0.098145425,-0.098052002,-0.097827829,0.098145425,-0.049706042,-0.098145425,0.060344029,0.0981443,-0.093603782,-0.098100401,0.010434892,0.02588754,0.069329724,-0.098045252,0.096716784,-0.097338401,0.098145321,0.098145261,0.023747515,-0.098144539,-0.098082967,-0.098144189,0.095663734,-0.089267872,-0.098098971,0.098097377,-0.014225525,0.098140024,0.074299052,-0.076084688,0.053653605,-0.098145142,-0.098145425,-0.079673067,0.092070706,-0.098132506,0.037591346,0.089751557,0.098144636,0.097564138,0.098131642,-0.098145388,-0.098000988,-0.098145425,-0.097994536,-0.098063938,-0.068493195,0.097713955,-0.007627979,-0.098145097,0.097567841,0.098145425,0.085939325,-0.098145224,-0.098145425,0.097988561,0.081247047,0.057419993,0.047657039,0.08950758,-0.09813457,-0.098145425,-0.098145425,-0.041990597,-0.098131031,0.037470866,0.04988566
nafcillin,GPXLMGHLHQJAGZ-JTDSTZFVSA-N,D3,-0.098256856,0.014641554,-0.098276287,0.097760998,-0.091484286,-0.098277047,0.098276176,-0.098271362,0.028458023,-0.098276958,-0.040050443,0.098262392,0.062530152,-0.059841208,0.093903288,0.080880553,-0.084696718,0.0982785,-0.098223224,0.096806265,-0.080697075,0.098277457,-0.097759187,0.094079502,0.097132429,-0.097780287,-0.098262668,-0.064165995,0.089121453,0.094401971,0.089504331,-0.0976329,0.09708418,0.098278627,0.095473006,0.098208904,-0.021097247,-0.09158621,0.055738937,-0.098274544,0.018174853,-0.098278008,0.067147098,0.098277636,-0.097793207,0.045399245,0.092313744,-0.087505743,-0.098278783,-0.098276712,0.093374915,-0.097156562,-0.096238434,0.098230384,0.098278821,0.065921433,0.098269291,-0.043825224,0.086069323,-0.08446195,-0.098219015,-0.098278739,-0.097886026,-0.003195549,-0.073393546,-0.08069741,0.012295618,-0.098269649,0.097084828,-0.086643316,-0.097241931,-0.098275445,0.098223731,0.097604796,0.095449254,-0.043039262,0.083090186,-0.094389983,0.097679175,-0.098278821,-0.097743534,-0.098102361,0.039243903,0.098246425,-0.092073828,0.080354027,-0.098259762,-0.097939387,-0.063296184,-0.08227057,-0.092051439,-0.087760836,-0.098275296,-0.097240917,0.095546812,-0.084098183,0.098108582,-0.095123455,-0.098138452,-0.095867626,-0.098224536,-0.088398188,0.095458649,-0.093794473,-0.09511365,0.098278821,0.091816112,-0.098278657,0.098278455,-0.097732671,-0.090571858,0.098111585,0.074331895,0.098276027,-0.081249468,-0.098278806,-0.042770535,0.098178707,-0.098277874,-0.006184483,0.097999357,-0.008441946,-0.098265141,-0.097135983,-0.097963937,-0.098245256,-0.088806704,-0.098260261
nalidixic acid,MHWLWQUZZRMNGJ-UHFFFAOYSA-N,D3,-0.091526419,0.091526419,0.091526419,0.091262825,-0.091522969,-0.075821236,0.091501445,0.09152624,-0.091526419,-0.091525756,-0.091526419,0.091526106,-0.091526404,-0.091526419,-0.039653879,-0.091526419,-0.091526419,0.091526419,0.091526024,0.09151341,-0.091526419,-0.091510348,-0.013293616,-0.091444716,0.091526419,0.089472748,0.091479607,0.091526419,-0.089164659,0.091526367,0.091526248,-0.091428764,0.091520235,0.091526419,0.091526419,0.091481529,-0.091506988,-0.091526419,-0.091526419,0.091510907,-0.091445029,-0.091526419,-0.091526419,-0.072268501,0.09152583,-0.091526166,-0.091499701,-0.091526419,-0.091526039,-0.091526344,-0.091526419,-0.091516636,0.091526419,-0.091526419,0.091526419,-0.091526419,0.091466248,0.091525652,-0.091336146,0.091522358,0.047510687,-0.091526419,-0.091526419,0.091521524,0.091526255,-0.091526419,0.091526419,-0.091526419,-0.091526419,0.091526419,-0.091525905,-0.091497727,0.091526419,0.091526337,0.091526419,0.057917312,-0.026552301,0.091526389,-0.091203399,-0.091526419,0.091526419,0.091526419,0.060822867,-0.091526419,-0.091526419,-0.091526419,-0.091526419,0.091513939,-0.091524579,-0.091519035,-0.090287954,0.091526374,0.091526404,-0.091526382,-0.091432594,0.091526389,0.091526419,0.091526419,0.091524862,-0.091526419,-0.091526419,0.091526344,-0.091526389,-0.052405935,0.091526419,0.091526419,-0.091526419,0.091526419,0.09151113,0.091518037,-0.091204867,-0.091526419,0.091526285,0.015247065,-0.088750839,0.091526419,-0.087964818,-0.090655856,0.09152437,0.028436301,0.091513269,-0.091526419,0.091494828,-0.091526367,-0.091526009,0.088314295,0.070566721,-0.091508918
narasin,VHKXXVVRRDYCIK-CWCPJSEDSA-N,D3,-0.041702829,0.096490525,-0.09660095,0.004680739,-0.086750418,-0.028381227,-0.119519547,-0.060690269,-0.115214162,0.111009814,0.054232456,0.089199327,0.071783453,-0.119862109,-0.015963577,-0.110022061,-0.08595556,-0.073694728,0.114908434,0.060924608,0.096545838,-0.099086598,-0.079875879,0.120944969,-0.043059286,-0.103995636,0.00463177,-0.058545057,-0.125862852,-0.027880991,0.123777077,-0.048693806,0.11519932,0.102310933,-0.112508491,-0.008471044,-0.10365174,0.064072974,-0.11880108,-0.125987262,-0.10467428,-0.104979604,0.097313508,-0.108245611,0.062193658,-0.090024173,-0.096939012,0.026343156,0.123122685,0.086067617,-0.022147065,0.009838165,0.12143334,0.088498913,-0.083843902,-0.069116764,0.055626277,-0.061964296,0.118625119,0.080777615,-0.062847629,0.025190542,-0.101351693,0.125529572,0.076144002,-0.086525008,0.121283814,-0.025705667,0.095303789,-0.088226251,0.077284738,-0.044286028,-0.06646464,-0.072406277,-0.109972171,0.055598058,-0.126157314,-0.122310154,-0.119426496,0.001133079,0.119778432,0.0045999,-0.123803742,0.088011518,-0.001569092,-0.126348138,0.125936761,0.121830568,-0.095296815,-0.060402602,-0.11619053,0.077175595,0.038101848,-0.05994669,0.062438931,0.080890641,0.096979298,0.085600577,0.121522754,0.082898304,-0.10172008,0.119632587,0.061446514,0.018493233,-0.08438962,0.011398029,0.09172228,-0.072959624,-0.126267537,0.080561511,0.077423342,-0.125734627,-0.083292462,0.021193556,-0.038530305,0.053314213,0.112125061,-0.126301348,0.122581266,0.012241703,-0.120351017,-0.081666552,-0.065661818,-0.125317067,0.025679881,-0.113237642,0.047118545,0.050116144
neomycin sulfate,OIXVKQDWLFHVGR-WQDIDPJDSA-N,D3,-0.106769912,0.106895402,-0.077283636,0.105489217,-0.088178329,0.106580883,-0.107496545,0.106974468,-0.083601967,0.105808027,-0.09793359,-0.106206261,0.022453282,0.105306134,-0.101776451,-0.102314189,-0.019498842,0.068750113,0.104883038,0.001540551,-0.026810944,-0.106158778,-0.06466382,0.019182622,0.107156709,-0.097218044,0.037088171,-0.085449003,-0.105054073,-0.037513241,-0.047230087,0.023515472,0.004973184,-0.101024635,-0.053731088,-0.103362218,-0.025125358,-0.04872511,-0.08616104,-0.107297078,-0.106790394,0.093163602,-0.098215342,0.045553297,0.054707926,-0.10456723,0.039658662,-0.088325739,0.019331058,-0.078977391,0.097572654,0.083729118,-0.107082002,-0.098282173,-0.107485056,-0.047471639,0.106496327,0.107428305,0.107492447,-0.073282816,0.102653317,-0.105575956,-0.098059915,0.107518487,-0.105161712,-0.100844979,0.075839356,0.076335497,0.031363685,0.106138982,0.102178745,-0.104157373,-0.099783525,0.088722199,0.043719109,0.102831885,-0.084136598,-0.103923686,-0.104792833,-0.077694453,0.107360363,-0.088117413,-0.106707245,0.101379804,0.102499112,-0.107428029,0.01670103,0.028943643,-0.104009308,-0.089042112,-0.097020328,0.014683034,-0.007539828,-0.107050851,-0.103663541,0.02837033,-0.107512213,0.050484415,0.05365083,0.056979328,-0.056755375,0.107349098,0.084107459,0.10679768,-0.106504597,-0.101780429,0.10140001,0.098870791,-0.103085525,-0.034592848,-0.107151337,-0.107469603,0.099812008,0.100744367,-0.102452911,0.107352547,-0.105123498,-0.106206283,0.107515521,-0.105646335,-0.051424261,-0.101977915,-0.104157366,-0.105874658,-0.075885907,0.103633359,0.106818326,0.000491673
netilmicin,CIDUJQMULVCIBT-MQDUPKMGSA-N,D3,-0.105321452,0.078429334,-0.097898774,0.086222209,-0.101205893,-0.089240424,-0.005031149,-0.016075704,-0.100278959,-0.028284889,0.108727664,0.080831654,0.113459334,-0.106156856,0.07723885,-0.096711501,-0.086550586,0.043452129,0.113398075,-0.081795678,0.081284098,0.099674299,-0.113463633,0.039548993,0.092434973,0.012952317,0.011621343,0.032698601,-0.113719977,-0.036582287,0.10877271,-0.113807902,0.091602333,0.110704586,-0.086919621,-0.113647074,-0.07189966,0.052614402,-0.069316566,-0.112961307,-0.111615077,-0.110098049,0.101580314,0.043205891,-0.106383152,-0.09492632,-0.024186647,0.059807543,0.107171133,-0.090437748,-0.082878582,0.110312991,0.023136223,0.111351177,0.001660038,-0.099160798,0.082174517,-0.023423079,0.113260657,0.101110041,-0.039375879,0.104140833,-0.076304927,0.11355371,-0.086218633,0.106321141,0.113474436,0.017465143,0.110411651,0.002843656,-0.092740089,-0.107616365,-0.072619423,0.09103635,-0.109221235,0.079707392,-0.104172587,-0.097933352,-0.113285281,-0.030711465,0.113789365,0.006192519,-0.097418346,-0.000471232,0.110117853,-0.113864154,0.113147713,0.054841258,-0.09345194,-0.111646004,-0.112863638,-0.104566805,0.087007813,-0.101618819,-0.110241018,-0.112494089,-0.083862372,0.113684677,-0.038658731,0.012616232,0.10893628,0.097188599,0.093096547,0.112673417,-0.050006386,0.020464713,0.113451518,-0.094880737,-0.111989923,0.113268062,-0.016354678,-0.04767127,-0.10866911,0.085807532,-0.113365091,0.091118343,-0.064363301,-0.113780536,0.112013683,0.080640912,-0.110103168,-0.096738309,-0.016360112,-0.022899551,-0.08757022,0.051198956,0.046652593,0.096807122
nifurtimox,ARFHIAQFJWUCFH-IZZDOVSWSA-N,D3,-0.098227389,-0.051421143,0.098262735,0.069246061,-0.098276876,0.094444066,-0.079133123,0.098186515,0.09325628,-0.087480791,0.089422375,0.010400222,0.098252155,-0.098276205,0.098243855,0.042168502,0.047292683,0.035824042,0.097676322,-0.092233241,-0.062372647,-0.068445995,-0.098271877,-0.098219223,-0.098273873,-0.097265497,0.070368335,-0.053466879,0.096858986,-0.098277971,-0.095560141,0.059414133,-0.098276727,-0.096600272,-0.098267302,-0.082938164,0.091793537,0.098216601,0.096417122,-0.095925346,0.09618704,-0.094915375,-0.098032787,0.09826766,-0.097600669,-0.080138177,-0.077268124,0.046422102,-0.078769162,-0.094635412,0.098169871,0.09824618,0.073486187,0.098083138,0.097794794,-0.098277725,-0.098276131,0.096294783,0.098276354,-0.098273687,0.096021131,-0.096472502,0.098256625,-0.094464533,-0.085966885,0.05201105,-0.098178655,-0.091527358,0.098205648,0.094977796,0.001503138,-0.097789347,-0.060786217,0.098183937,0.098260373,-0.098215766,-0.098167464,0.08992438,0.097735643,-0.092314184,0.097765468,-0.095100336,0.098256588,-0.09579166,0.097682804,0.098237708,0.097437106,-0.090236701,0.097707547,0.095242575,-0.095604695,-0.097612776,-0.097595103,0.096169837,-0.098061539,-0.088060521,-0.098204017,0.098105147,-0.087249652,-0.036438622,0.098186925,-0.033500377,-0.023383221,0.0981519,-0.09827812,-0.092395067,0.097016186,0.083992451,0.021086162,0.021966435,-0.098225996,0.098271206,0.06748917,0.098234922,0.098121293,-0.066328242,0.093474232,0.097612113,0.092365466,-0.098256461,0.098262705,-0.025568539,-0.074368037,0.098276034,-0.09756913,0.080271073,0.073768072,-0.098277792
nigericin,DANUORFCFTYTSZ-SJSJOXFOSA-N,D3,-0.070389889,-0.107762896,0.028336614,-0.107556537,-0.032711193,-0.01890705,-0.086699702,0.0374697,-0.090646684,-0.091241695,0.107324585,0.106245413,-0.079303429,0.033323955,0.100688457,-0.107061438,-0.098882712,-0.107384726,-0.083527833,-0.107773498,0.040205352,0.107271284,0.03130034,0.093756221,0.005063407,-0.106483713,-0.103568561,0.107771836,-0.10151007,-0.091509625,0.105692528,-0.107656032,0.070925839,-0.106764503,0.104709476,-0.10503079,0.101475433,-0.084904931,0.10190285,0.062878616,-0.021116024,0.101233356,0.104736067,-0.087497868,-0.096391879,0.103866652,-0.027772143,0.100399643,0.107778311,0.016732812,0.105263948,-0.105920158,0.044434197,0.107683286,0.107660405,-0.036847249,-0.084797814,-0.106951922,0.09676218,0.1077834,-0.107412986,0.093852721,0.107483402,-0.096554577,0.078625403,0.107785426,0.091756023,0.101033956,0.076296173,-0.077194899,0.014074842,-0.094692633,0.086741671,-0.105665252,-0.090423375,-0.059150543,-0.061910186,0.060186874,0.103565209,0.016273836,0.015958099,-0.102796957,0.107608512,0.107252255,-0.034631345,-0.105541952,-0.062865198,-0.034868699,0.107783921,0.033755805,-0.105688334,-0.1042445,0.107077122,0.106984004,0.04471289,-0.107487097,0.105045184,0.084599257,-0.088735528,0.094628125,0.097305067,-0.091813549,0.105665192,0.107739314,0.070395157,-0.0258017,0.107430242,-0.105541088,0.07269115,0.107301898,0.010452426,0.090313695,0.09341611,-0.106994152,-0.107448548,-0.02056705,-0.105484605,-0.105808236,-0.094175935,0.107527211,-0.107748136,0.036850076,-0.027670795,0.100251801,-0.055946842,0.09029384,0.058165524,0.105394721
nitrofurantoin,NXFQHRVNIOXGAQ-YCRREMRBSA-N,D3,-0.060249291,-0.100370407,-0.100223549,-0.049784843,-0.100220069,0.045517087,0.09935423,-0.088015556,-0.100319475,-0.100155555,0.062570259,0.072249085,0.100064114,-0.074645363,-0.095035084,-0.099524498,-0.096247107,-0.039589249,-0.086970106,-0.100357935,-0.09720017,0.100385092,-0.099421471,-0.06320902,0.097790711,-0.099169031,-0.066701353,-0.001979393,-0.097901277,-0.093601599,0.087170415,-0.093600132,0.067743175,0.04457863,-0.100387394,0.078381136,-0.089739896,0.099853732,0.100364357,-0.10012228,-0.089901589,-0.086906344,0.100346573,0.081491902,-0.100180961,-0.075212412,-0.098894134,0.099088222,-0.099912934,-0.097019657,0.095817424,-0.096349217,0.092418112,0.100316018,0.099769145,-0.100387089,0.097379506,0.095372848,0.098771073,-0.042678572,-0.100382179,-0.100104749,-0.069284573,-0.09655536,0.055421006,-0.013136867,-0.084474981,-0.100386389,-0.088593394,0.076144591,-0.084275566,-0.100308925,0.100386664,0.100046039,-0.097124845,0.094879031,-0.100374699,0.08276964,0.100386396,-0.099786028,0.099591926,-0.056478068,0.040830303,0.018970786,0.10030102,-0.092837878,-0.100308813,-0.100386977,0.076214537,0.070559718,0.098476961,0.072406083,-0.099829406,-0.055858511,0.08831878,-0.100385919,0.006656392,-0.099633545,-0.098210059,-0.100330345,-0.09497267,-0.081751779,-0.098209992,0.04590553,-0.100090131,0.097069263,0.099750295,-0.100359224,0.100373261,-0.095520884,-0.100377455,0.098854676,-0.082281835,0.100350685,-0.069334053,-0.10037706,0.008762511,0.097575247,0.092615619,0.060695909,0.073049933,0.025771972,-0.100369401,0.100386903,-0.098241746,-0.100382589,-0.099364147,-0.08972849
nitroxoline,RJIWZDNTCBHXAL-UHFFFAOYSA-N,D3,-0.036856275,-0.099122584,-0.089633629,0.106904514,-0.109889448,0.111320823,-0.110301547,0.109474644,-0.101175696,0.086848065,0.09687373,-0.058484677,0.109552003,-0.062093724,0.01645874,-0.092127979,-0.110461846,-0.105994992,-0.010945689,-0.094081201,0.078576341,0.077865265,-0.003210259,-0.106808968,-0.106702819,0.001232811,0.093007825,0.044295222,0.020230127,-0.111305103,-0.094204143,0.095344312,-0.105162844,-0.107555568,-0.111350179,0.108706951,0.081206799,0.11125768,0.100006968,-0.110398866,-0.081491262,0.110609539,0.10715726,0.109804742,0.083564267,-0.053111289,-0.016604336,0.109554291,-0.043370508,-0.027817464,-0.086230688,0.01024498,-0.106295541,-0.019416908,-0.064786948,-0.094148293,-0.00895036,0.111186817,0.109438278,-0.109324522,-0.103683747,-0.110316649,0.089833848,0.081789792,0.009290515,-0.039075449,-0.110805012,-0.108517848,-0.007394574,0.039731052,-0.108372197,-0.024395647,0.057981089,0.108983725,-0.105924964,0.108904131,-0.108438708,-0.102271624,0.110430703,-0.090312779,0.059199043,-0.111360833,-0.055972576,0.095788352,0.109888107,-0.015169275,0.073009446,-0.09669359,0.099244215,-0.1031413,0.107430398,0.083125442,-0.086933412,-0.106911175,-0.08677125,-0.080388658,-0.110496968,-0.082840003,0.104269244,-0.076322407,0.108416282,0.110066347,-0.110871859,-0.02865549,-0.111038089,-0.10991364,0.097470306,-0.10993094,0.09224949,0.035404202,-0.109718852,-0.089590862,0.006672194,0.109964818,0.092294447,-0.099847615,-0.027024368,-0.107321173,0.075272992,-0.041260403,0.035291567,-0.019990725,-0.109772451,0.065423839,-0.100405037,-0.095817216,0.068536557,-0.082611933
nonactin,RMIXHJPMNBXMBU-QIIXEHPYSA-N,D3,-0.013997523,-0.001528812,-0.095300637,0.111573681,0.003176881,-0.092674538,-0.117340446,0.033222739,-0.076612674,-0.002387522,0.148199648,-0.118191481,0.074491873,0.046647329,-0.071927756,-0.059877392,-0.111879714,-0.108988486,-0.114391536,0.112553038,-0.127304569,0.023397665,-0.039452985,-0.014885854,-0.13434197,0.068419918,-0.083371833,-0.005485099,0.146494329,-0.027970117,-0.125824988,0.12639223,-0.014979471,0.0745105,0.094760135,0.139008701,0.085206084,0.151768699,0.013442399,0.093917511,0.090371989,0.007974795,-0.115938641,0.123620234,0.083345003,0.133348092,0.144193277,-0.105471849,-0.059120901,-0.072123252,0.097271696,-0.138364017,-0.061190367,0.131582677,0.011442658,0.104410358,0.019179774,-0.035609055,-0.041247506,0.086566404,0.150826141,0.002568274,0.10043028,-0.087950848,-0.100613773,0.026236214,-0.002509905,-0.011505816,0.079651408,-0.124956578,0.011258905,-0.039976995,-0.099489003,0.128520265,-0.079902939,-0.03333433,-0.002921244,-0.07589674,0.058947068,-0.01811724,-0.142805517,-0.126178503,-0.05251921,0.096221477,0.132162184,0.045877937,0.031964038,-0.001010058,0.149564579,-0.100966848,0.113686956,0.010215218,-0.067363292,-0.021746809,-0.087447114,0.10843388,0.001446271,-0.146630928,0.091543593,0.136617407,0.042353392,0.063079298,-0.015143108,0.009437218,0.039837968,0.022917598,0.125481591,0.091897413,0.024721952,0.125088513,0.112429447,0.016859861,0.137364984,0.040747166,-0.013790427,-0.106699713,0.026964623,0.031433038,-0.153068453,-0.056899916,0.122603163,-0.036014166,-0.008415561,-0.118457213,0.08785823,0.085838638,0.129096583,0.080284081
norfloxacin,OGJPXUAPXNRGGI-UHFFFAOYSA-N,D3,0.088853791,-0.088853739,-0.088853791,0.07725735,0.088853791,-0.088853791,0.088853791,-0.088853791,0.088853791,0.088853791,0.088853791,0.088853791,0.088219903,0.088853791,-0.088853791,0.088845357,0.088853791,0.087946855,0.088853747,0.088853791,-0.088853791,-0.088853791,0.088853791,0.088853672,0.088853791,0.088853791,-0.088853791,0.088758528,0.088853791,0.088853791,0.08884725,-0.088853791,0.088853791,-0.088853791,0.088853791,0.088853791,-0.088853791,0.088853791,0.088845775,0.088853791,0.088853717,0.088201441,-0.088848859,-0.088852793,-0.088853791,0.088853791,0.088853791,-0.088853791,-0.088853791,0.08846166,0.088853791,0.088853791,-0.088853791,-0.088853791,0.088853791,0.088853791,-0.088853791,-0.088853791,-0.088853791,0.088853791,0.088853791,0.088853791,-0.088853791,-0.088853791,0.087733775,-0.088853791,0.088774353,-0.088853791,-0.088853791,-0.088853791,0.088853791,-0.088853791,0.088853791,-0.088853791,0.088853791,0.088853791,0.088853791,0.088853791,-0.088853791,0.088853791,-0.088853791,-0.088833995,0.088853791,0.088853791,-0.088853791,0.088853791,-0.088853791,0.088853791,-0.087583058,0.088851444,0.088803709,0.088853791,0.088804461,0.088853791,0.088853791,0.088853791,0.088853791,-0.088853791,0.088853791,-0.088853791,-0.088853791,-0.088853791,0.088853791,-0.088853791,0.088853791,0.088853791,-0.088853791,0.088853791,-0.076439016,0.087766632,0.088853791,0.088852137,0.088853292,-0.088853791,-0.088853791,-0.088664457,0.088853791,0.088853791,-0.088853322,0.088853791,-0.088853374,0.088853791,0.088853277,-0.088853791,-0.049774848,0.088853791,0.088853776,-0.088853791
novobiocin,YJQPYGGHQPGBLI-KGSXXDOSSA-N,D3,-0.056828596,-0.121179171,-0.118009895,0.088856347,0.056158632,0.059512682,-0.122057348,0.120720163,-0.049919464,-0.028388312,0.08113227,-0.124912202,-0.082156174,0.019944023,-0.125333041,-0.091590583,-0.094482511,-0.120706432,0.11012695,0.095928177,-0.002665675,0.083060741,0.069319151,-0.121797882,0.123889238,0.115447804,-0.055778421,0.014357681,0.037365332,-0.060562629,0.015294028,0.049657129,-0.120976999,-0.093669504,-0.055175386,0.114423655,0.018009398,0.10255909,0.061437652,-0.123046115,0.034557551,0.110350028,-0.087350205,0.113411747,0.035414536,-0.027535407,0.098792508,0.082687788,-0.029913921,-0.116865098,0.10913489,-0.032614961,-0.100151971,0.109073393,-0.059261318,0.115426809,0.09472321,0.113019034,0.123233736,0.12534003,0.019570958,-0.121371724,-0.124215089,-0.06845063,-0.028986076,-0.057784781,-0.058258038,-0.068301618,-0.084306031,-0.006621212,0.095905311,-0.06243347,-0.033255957,0.101307221,-0.047579564,0.11829225,-0.1170564,-0.024185227,0.113181658,-0.056776863,-0.124304473,-0.123824783,-0.06762699,0.1236104,0.123183034,-0.004665362,-0.120463893,-0.094312444,-0.080094732,-0.124332048,0.118918829,0.040001508,-0.046163604,-0.124779791,0.066851698,0.063470617,-0.10773854,-0.119480148,0.125185877,0.052081525,0.066841558,0.12063387,-0.1036928,0.00979014,-0.074817628,0.006374705,0.003668472,0.117370449,0.034268558,0.045064408,-0.067563295,-0.099475697,0.061113227,0.079869092,-0.077971935,-0.113999546,0.032300945,0.109804206,0.070842959,0.037949316,0.096050799,-0.011966836,-0.116850525,-0.120561905,0.077914938,-0.108238354,0.123079427,0.079652444
nsc630678,VABRZWDEEDQLRD-UHFFFAOYSA-N,D3,-0.110345788,-0.005315983,-0.112274513,0.103543252,-0.047465954,0.097253837,-0.116878316,0.105366983,-0.107863396,-0.11658676,0.102774553,-0.080060154,0.028137801,0.115989625,-0.096480317,-0.076462664,-0.115159109,-0.110339344,0.022153022,-0.11637748,0.008156063,0.115741804,-0.082466505,0.112971887,-0.037909929,-0.11605037,0.059806801,0.097556666,-0.053068034,0.0256857,-0.0257567,0.115134388,0.00381303,-0.065043934,-0.109835856,0.030001098,-0.020418115,0.114202276,0.105778195,-0.114461377,-0.082876056,0.085002311,0.099524856,0.082091004,0.079337686,0.091861822,-0.07894861,-0.067382053,0.069865562,-0.061389804,0.107157841,-0.116843954,0.009901906,0.117137395,0.057457957,-0.110945173,0.114074819,0.117160566,0.107065104,0.109040305,0.033958972,-0.115656905,-0.111216635,-0.044018071,-0.057709318,0.075432286,0.057943605,-0.112742528,-0.113509886,0.115052827,-0.104503587,-0.115005471,0.107908048,0.01635382,-0.047441591,0.055822015,-0.118025139,-0.11615742,0.106615633,-0.095297292,0.089720033,-0.10475789,-0.060209658,0.101691641,0.116810314,-0.108566411,-0.118306533,-0.086603992,0.102395169,-0.100632377,0.107862644,0.116286218,-0.088241413,-0.05884736,-0.008058949,-0.116007291,-0.09984117,-0.021631388,-0.056112513,-0.109584227,0.0262128,0.090136923,0.064001404,0.110936098,-0.08836858,0.018973235,0.08930508,-0.054182205,0.086839549,-0.017204648,-0.108357862,-0.09269762,0.025603656,-0.035260264,-0.048088133,-0.116269372,-0.106261797,-0.049474314,0.057257563,-0.019350836,0.062745161,-0.010570703,-0.111055471,0.071293868,0.098964557,-0.117383718,0.069299184,-0.105685443
ofloxacin,GSDSWSVVBLHKDQ-UHFFFAOYSA-N,D3,0.092656031,-0.092656106,-0.092654176,0.078739747,-0.09228114,0.09256123,-0.092502162,0.091128692,0.092628285,0.092489123,0.092655778,0.022183051,0.092646897,-0.090265721,-0.092656106,-0.091162048,-0.092624955,-0.092656106,-0.0926539,-0.090921655,-0.07561814,0.092656106,0.092305817,-0.092656106,0.092518784,0.092656106,-0.092656106,0.092656106,0.092654884,-0.092653453,0.088124223,-0.082390279,-0.092656046,-0.091415107,-0.092656106,0.092656106,-0.090615757,0.092656069,0.092655577,-0.092655733,-0.092565142,0.092654787,0.052363135,0.032498077,-0.092656106,0.092656106,0.092656016,0.092656106,-0.092656106,-0.092656106,0.092650257,0.024925079,-0.092656106,0.091798581,0.092655979,0.041653506,0.016762387,0.090968415,-0.092656009,0.092618689,-0.09198276,-0.092655987,0.092613831,-0.092648514,0.092649013,0.092266485,-0.092656106,-0.092656106,-0.092542417,-0.092614964,-0.092654347,0.079873979,0.092656106,0.092656106,-0.092656106,0.092656106,-0.01760146,0.092426226,0.092656106,0.089767821,-0.092655741,-0.092656106,0.092656069,0.092656069,0.092656106,0.092656106,-0.092656106,-0.092655808,0.092652552,-0.092654824,0.092655085,0.09225402,-0.074465953,-0.092656106,0.092656106,0.092656039,0.076446049,-0.092656106,0.092656091,-0.09265583,0.092656076,-0.092515871,0.00035918,-0.092656106,0.079709649,-0.092656106,-0.092655592,0.092565082,0.092656106,0.092646256,-0.092654996,-0.092656106,-0.091688722,-0.060934685,0.091781691,-0.092656106,-0.059800398,-0.091692843,-0.089088097,0.092656106,-0.092655905,0.090681069,-0.092648454,-0.064912707,-0.092654131,-0.092656106,0.092637599,-0.092656106
orbifloxacin,QIPQASLPWJVQMH-DTORHVGOSA-N,D3,-0.052772731,-0.112722717,-0.087766126,-0.049921431,-0.118085779,0.114726946,-0.120261475,0.116365977,-0.119526774,0.086585857,0.104671232,-0.007735373,0.109556243,-0.032592308,-0.117839031,-0.113725536,-0.117965005,-0.120265186,-0.014888884,-0.039891385,0.022265013,0.098858066,0.081035085,0.108636096,-0.113730818,-0.086773917,0.085790142,0.085974813,-0.015525811,-0.118552975,0.100036673,0.119237095,-0.058050625,-0.117947727,-0.119966842,0.090058215,0.034695901,0.113417342,0.039281122,-0.06507539,-0.05916651,0.113233931,0.110819936,-0.067119673,0.114519045,0.119152687,-0.069640771,-0.00927666,-0.065362625,0.001530201,0.096186906,-0.03213245,0.091703527,0.044859029,-0.041989375,-0.068383351,0.021630116,0.118033051,0.117022917,0.105050795,-0.012879121,-0.11970672,-0.092949562,0.071696788,0.114747688,-0.117295586,-0.088934578,-0.113181956,0.094239771,-0.070749804,-0.056585871,0.009789922,0.033321492,0.05873904,-0.115168899,0.113629013,-0.120088942,-0.102268621,0.115998603,-0.046435032,-0.073015749,-0.104556672,-0.072703503,0.114887908,0.089877255,-0.112728059,-0.059280127,0.07755816,0.107748978,0.067860052,0.119086236,0.093838245,-0.033421982,-0.053926274,0.073516943,-0.029730635,0.064822294,-0.115387566,0.117681496,0.015214893,-0.065200299,0.120238878,-0.074078619,-0.026933789,-0.111957908,-0.078650042,0.115315184,0.067992866,-0.035359167,0.007750852,-0.089861967,-0.11868868,0.071681879,0.012190917,-0.011855651,-0.102693997,-0.059811451,-0.085648596,0.111952096,0.043383107,0.100951061,-0.112777926,-0.117208153,-0.023845864,0.097394682,-0.113577515,0.109403037,-0.100001685
oritavancin,VHFGEBVPHAGQPI-LXKZPTCJSA-N,D3,-0.097457431,0.097454414,-0.057747055,0.096732683,-0.097457819,0.087080449,-0.097457781,0.097457819,-0.096759185,0.09733808,-0.09745764,0.095021814,-0.09669289,-0.091566809,-0.096385486,-0.096598111,-0.097457819,0.097443916,0.07667198,0.097420715,-0.076477706,0.087253824,-0.083314218,-0.050374165,0.097452819,0.094766892,0.091875307,0.077556685,0.003707625,-0.097418942,0.09745571,0.09745758,-0.053352255,-0.097448409,-0.09688361,0.097111546,0.097457789,-0.097457819,-0.0974508,-0.097432658,-0.097456433,-0.092860781,-0.014874736,-0.092936844,0.097261854,0.097365215,0.07878159,-0.097446978,-0.09710414,-0.05674015,0.097446531,-0.097433344,0.067059889,0.025162807,0.094651647,-0.097457603,0.092348099,0.097457573,-0.09404394,0.01174153,0.035628207,-0.097457819,0.082013302,0.09668193,0.097457819,-0.097452611,0.028853837,-0.097436637,-0.076802135,0.097456098,-0.097457655,-0.02419835,0.097457752,0.09745758,0.096018307,0.097457647,-0.097457089,-0.095135875,-0.097191252,-0.095862359,0.097457819,-0.041014034,-0.097457737,0.095008217,0.097264484,-0.091531113,-0.097457774,-0.073168159,0.095185861,-0.065307274,-0.085177228,0.030761702,0.097446479,-0.097436003,-0.096310548,0.09745717,-0.067619182,0.094835274,-0.050136045,-0.09745685,-0.097451612,0.096910939,-0.097432442,-0.093174711,-0.097457618,0.081403159,-0.097457781,0.097457752,0.096594855,0.006085079,-0.097457819,-0.097457819,0.097457819,0.06973023,-0.024651268,0.018055946,-0.085548423,0.083478995,0.097404741,-0.088051893,0.095957264,-0.097457819,-0.097234331,-0.097450227,-0.09744928,-0.097346127,0.097443633,-0.097374812
ornidazole,IPWKIXLWTCNBKN-UHFFFAOYSA-N,D3,-0.094231792,-0.098315917,0.069826037,-0.098315105,0.085931614,0.098027885,0.098265655,0.032167017,-0.098273158,-0.096463934,-0.098284855,0.080328189,-0.096035451,-0.017012786,0.097031258,-0.098308578,-0.077049427,-0.080798566,0.087443516,-0.098132417,-0.098315917,0.049347233,0.038355973,-0.098315381,0.098315917,0.098298997,-0.096059881,0.098313794,-0.098170578,0.035997894,0.095806986,-0.098314725,0.094162025,-0.098314501,0.098315693,-0.098261163,-0.037090573,-0.098315783,0.098315723,0.09831585,-0.093365088,0.08797574,0.093529679,0.096351229,-0.015242701,0.002994533,0.071964204,0.098315917,0.098149158,0.098315515,-0.097419478,-0.088012442,0.098300762,-0.045764115,-0.087232627,-0.093331851,-0.098075978,-0.097300857,0.098079674,0.098315574,-0.098315269,0.098313466,0.098226056,-0.098165825,0.076925673,0.098110378,0.095753044,0.087294921,-0.06969735,-0.096094511,0.09825623,0.089285977,0.086242132,-0.085962228,0.098006092,0.098153144,0.098239549,0.098307312,0.098271079,-0.091055229,-0.097414069,-0.098308302,0.098289162,0.094750926,-0.080282152,0.095350511,-0.098286875,-0.092620321,0.098315269,0.065063998,-0.09828613,-0.097964272,0.098307095,0.047271818,-0.087659039,-0.098315902,-0.092976034,0.095477469,0.034356087,0.074973859,0.052626215,-0.092000522,-0.043811709,0.098315753,0.09480267,-0.06256637,0.095362768,0.022145782,0.098156482,0.098298252,-0.098265685,0.097530164,-0.086314335,-0.097545907,-0.096369401,0.057077389,-0.093714029,-0.059328962,0.089155592,0.098297074,-0.098154217,0.002354887,0.098305717,0.098315917,-0.098309427,0.098313816,0.010068327,0.098314784
ostreogrycin a,DAIKHDNSXMZDCU-RLJJXFIZSA-N,D3,-0.12351159,-0.092887647,-0.11840675,-0.109158479,0.121611953,0.015510322,-0.07595437,-0.11176265,-0.05730366,0.091981463,-0.048341624,-0.083543546,-0.118303679,0.120497048,-0.035360426,0.073926643,-0.111885488,-0.029126724,0.118695587,0.044052988,-0.126592815,0.124456257,-0.103932679,0.127836838,-0.054303564,-0.023422128,-0.030293511,0.103057943,-0.03945943,0.120344557,0.022676609,0.085157499,0.096691594,-0.040047072,-0.043838773,0.066004276,0.092866801,0.068239197,-0.121949069,-0.101684168,-0.126527846,0.110151894,0.103923254,-0.11416401,0.070127152,0.126718596,-0.098024994,0.096219555,0.05334913,-0.025940174,0.108173467,-0.124639273,0.021441936,0.029094817,-0.046844777,-0.056905273,-0.040145591,-0.060871709,0.049072508,0.1250882,0.123355463,-0.116098784,-0.092022523,-0.027576791,-0.095537081,0.101855688,0.098965853,0.074605964,0.037724219,0.015822882,0.057920173,-0.127693012,0.081431247,-0.081760921,0.040237438,0.070928514,-0.02923077,-0.019833621,-0.109351218,-0.072343968,-0.119492732,0.114035569,0.029910428,0.127567887,-0.098660268,-0.105138436,0.050579526,0.127587825,0.127618492,0.105798915,-0.050582644,-0.121414468,-0.073349968,0.053249851,0.126839429,0.018164882,0.126796886,-0.061904054,-0.058542673,0.125584766,-0.079276294,0.061500162,0.123053879,0.089455105,-0.04403903,0.124750122,0.073020235,0.014994374,-0.080809571,0.092738152,-0.049212392,-0.126205698,0.12532872,0.021309242,-0.037612703,-0.115994684,0.092439272,-0.040713701,0.016554346,-0.070039272,-0.06775175,0.092426561,0.075235464,0.108615756,0.119064972,0.023172488,0.119797431,0.065964788
oxacillin,UWYHMGVUTGAWSP-JKIFEVAISA-N,D3,-0.097490638,-0.097379528,-0.097281732,-0.087175176,-0.076364316,-0.0975032,0.097503714,-0.097436361,0.092611566,-0.097503781,0.093376055,0.09749011,0.078483462,-0.097368181,0.066920489,-0.095956966,0.086296961,0.078764312,-0.095954679,-0.057402272,-0.097277097,0.097503781,-0.097503781,0.091025203,0.096724294,-0.097412705,-0.097468249,-0.097499207,-0.09620975,0.088476568,0.094052508,-0.097498894,0.096090838,0.097414032,-0.04605883,-0.079454996,-0.044257909,0.094620705,0.065904103,-0.097490735,-0.054923136,-0.097503781,0.097065471,0.097312614,-0.097503506,0.032271162,-0.096731894,0.095725201,-0.089037664,-0.097469814,0.097482473,-0.094157659,0.021895951,0.097503781,0.097488217,-0.09597297,0.097475,-0.096847072,0.097501516,0.085069872,-0.096093766,-0.093629301,-0.055072863,0.097363375,-0.09727636,0.097475752,0.093790412,-0.059297297,0.096569158,-0.095088795,0.014604522,-0.097503692,-0.042345259,0.096909523,-0.0048892,-0.097299874,-0.089739949,0.089080982,0.097484693,-0.097163282,-0.074162483,0.046903722,0.004658484,0.097493254,0.094091281,-0.09748394,0.065160595,-0.097221859,0.091288716,0.053554121,-0.096730016,-0.097502671,-0.097466506,-0.091477796,-0.091919877,-0.09614481,0.097400859,0.050393231,-0.09749835,0.090787396,0.080262713,-0.092836641,0.097495601,0.097301058,-0.097470261,0.09727402,0.097503319,-0.097503453,0.097501136,-0.097279742,-0.097415529,0.09750177,-0.040556155,0.097477265,-0.097271129,-0.097503781,-0.097465649,0.095387124,-0.09749838,0.096442133,0.096641101,0.038055491,-0.097503223,0.029657494,-0.041983083,-0.084314756,-0.091832533,-0.095431462
oxolinic acid,KYGZCKSPAKDVKC-UHFFFAOYSA-N,D3,0.077412583,-0.092262045,-0.080155551,-0.094155848,0.039079621,-0.014350613,0.088288434,-0.094155565,0.094141528,0.094155848,0.025817476,0.094155848,-0.094155326,0.093797371,0.093030863,-0.090921439,-0.078818031,-0.080619037,0.094121315,0.094125547,-0.035575498,-0.094155811,0.094123274,0.094155848,0.094075598,0.09414269,0.086613424,0.094155848,-0.091157213,-0.094117045,0.094155401,-0.094072528,0.094155848,-0.094155848,0.093476705,0.011884099,0.094121449,-0.094155736,-0.094155811,0.094154589,-0.094141036,0.094140187,-0.074785449,-0.094155848,0.083583094,0.094155848,0.094143748,-0.094095588,0.094139881,0.094150223,0.09415517,0.0930373,-0.094090894,-0.094155848,0.094154656,0.093939155,-0.094155848,-0.094155803,-0.094155848,0.094155788,0.093835935,0.090759531,0.094155848,-0.094155766,0.094155848,-0.094128288,0.094152749,-0.094105721,-0.07733009,0.085354313,-0.094141886,0.093669921,0.094155848,-0.094007567,0.091639064,0.094155848,-0.071162097,-0.09323635,-0.094155848,0.094153523,0.094084769,0.094155848,-0.009651283,0.094145782,-0.092850961,0.094110981,-0.094153062,0.094155848,0.094155848,0.094155848,-0.094144359,-0.093347929,0.094155848,0.094155818,0.094153427,0.067255154,0.094155848,-0.094042473,-0.002525934,-0.076758474,-0.094155848,-0.094155848,0.029712439,-0.094119802,0.094155848,0.093969755,-0.094155848,0.094155721,-0.091600582,0.094155848,0.076989077,0.060865112,0.094155647,-0.094155848,-0.035114616,0.094155848,0.094155662,-0.041959669,0.094155848,0.049168855,-0.094003893,-0.094151922,0.094106637,0.094155759,-0.094155848,0.094155788,0.08857701,-0.093659759
paromomycin,UOZODPSAJZTQNH-LSWIJEOBSA-N,D3,-0.097033195,0.097031601,0.078245312,0.096868426,-0.097034872,-0.078265734,-0.09698569,0.097025357,0.093279243,0.097034365,-0.082548402,0.031794213,0.096882641,-0.097024173,0.096935406,-0.09696155,0.06941241,0.095611461,0.097008266,-0.040463388,0.096285872,-0.083969571,-0.096680872,-0.096401758,0.097034141,-0.09310811,-0.032710385,-0.096688576,-0.097032838,-0.09693899,0.095065527,-0.097032763,0.095251009,-0.097007371,0.060609061,-0.09703479,0.093525857,-0.097022243,-0.097026795,-0.097029433,-0.097034499,-0.042055272,-0.026543356,0.026718954,-0.021974521,-0.091898084,0.096959218,-0.093652971,0.070435539,-0.094787389,0.096027553,0.09654247,-0.097010531,-0.093982205,-0.095119044,0.094200432,0.096951582,0.094929658,0.096939743,-0.091843709,0.030258657,-0.014275666,0.096392088,0.097034872,0.081181303,0.09229783,0.096174195,0.060404614,0.097015597,0.09391652,-0.035470244,-0.054475494,-0.042630523,0.096794143,0.066673204,0.096849188,0.096922942,0.002001779,-0.096960887,0.096713506,0.097034782,-0.091543995,-0.096915171,0.086746909,0.096452042,-0.096988939,0.0968576,0.087505065,-0.096981369,-0.060095362,-0.096637309,-0.09700603,0.096992038,-0.094769798,-0.09702459,-0.02003805,-0.097034626,0.097022593,-0.091979109,0.086398229,-0.054573115,0.095553674,0.096913062,0.097033486,-0.096734829,-0.096985497,0.096979469,0.095920086,-0.096653141,0.097020589,-0.097033121,-0.096850529,0.090933867,0.083707683,-0.097033374,0.097034708,-0.096486636,-0.097034626,0.097034805,-0.057973895,-0.095617525,-0.097034708,-0.097034611,-0.097027734,-0.097033471,0.096938878,0.084331416,0.073904246
pefloxacin,FHFYDNQZQSQIAI-UHFFFAOYSA-N,D3,-0.083097287,-0.097716734,-0.047463786,-0.098762922,0.096954517,0.099125512,0.068159275,-0.092815533,-0.098777324,-0.096287243,0.02507815,0.058131229,0.088348426,-0.097815633,-0.099120244,-0.094743334,0.089186817,-0.095367864,0.097064242,0.051725332,-0.099105895,-0.06745182,-0.037417866,0.095116362,0.099070892,-0.098984763,-0.041084185,0.099126115,-0.063962817,0.097088702,0.066686071,-0.082763836,-0.074028306,-0.08543776,0.099123582,0.076668918,-0.098278105,-0.098252259,0.099096537,0.097133428,0.098105408,0.09912435,0.099025868,-0.098057806,0.003728446,0.089391001,-0.099104166,-0.098962985,-0.091415241,0.087237731,-0.070221163,0.004529859,0.09912321,-0.099123903,0.087577187,-0.099092111,0.056547746,0.09912578,-0.074149653,0.0991209,0.046326376,-0.099116236,-0.099126346,-0.099126063,-0.066928089,-0.099125847,0.095992312,-0.099126332,-0.099126302,0.099092387,0.064088255,-0.09912204,0.099126361,-0.098246016,0.099125721,0.083549216,-0.098584384,0.098479368,0.097996481,-0.099126227,-0.019097632,0.094679348,0.093355827,0.098943934,-0.099126227,-0.098442182,-0.099126361,0.099126071,-0.088813581,0.068892002,0.098653764,0.095659822,-0.095797762,0.081564568,0.099126182,-0.097586796,0.099042565,0.02540355,0.097110286,-0.09910398,-0.099126361,0.091862388,0.024498692,0.092776597,0.088218831,0.099097431,-0.092107862,0.098917603,0.089715548,-0.003689562,-0.082323775,-0.099111453,0.096513391,-0.09912461,-0.094886392,-0.09850321,-0.01450085,0.093116991,0.099124976,0.059766565,0.097943053,0.099021055,0.099042527,-0.052060541,0.088408686,0.075277172,0.097716406,-0.099114127
penicillin g benzathine,WIDKTXGNSOORHA-CJHXQPGBSA-N,D3,-0.097555138,-0.089848518,-0.094679765,0.025143187,-0.067906164,-0.080643997,0.105407707,-0.070476912,-0.078154787,-0.11320366,0.100634672,0.002053081,0.10981141,-0.062911049,-0.064506799,-0.112129129,0.097298734,-0.085567214,0.109367087,-0.110635512,-0.092483565,0.113045536,-0.113076076,0.052614015,0.075314745,-0.108793229,-0.110095687,-0.10782624,-0.113276452,-0.004445782,0.084111862,-0.106333427,0.06114066,0.084401153,-0.109618738,-0.110698506,-0.091382883,0.111794434,0.050508536,-0.111334078,0.070511647,-0.11323829,0.111893535,0.095604874,-0.110481218,0.042879682,-0.106479838,-0.087988652,0.096237659,0.031748928,0.097247712,0.010557335,-0.007381326,0.113321297,0.103462286,-0.04943677,0.112051509,-0.040367629,0.111946598,0.097241677,0.096674696,-0.098942101,-0.105408117,0.112649746,-0.112494528,0.105747797,0.105443738,-0.0929747,-0.022816867,0.085312739,-0.096636698,-0.113001414,0.094015956,0.086770415,-0.055960409,-0.075635068,-0.113178037,-0.058987271,0.015210649,-0.108326174,0.103082798,0.022773765,0.044747155,0.112599976,0.107216135,-0.11246255,0.034222212,-0.023303052,-0.050059747,0.015019426,-0.085414253,-0.088606358,-0.093224026,0.029352745,-0.034139447,-0.110293128,0.099522665,0.110234514,-0.09060324,-0.059185978,0.09788914,-0.04422462,0.101394318,0.11191877,-0.099130876,0.107360415,0.111273177,-0.105899468,-0.062100828,-0.036875088,-0.107493825,0.033763628,-0.110562377,0.106662676,-0.096194677,-0.107931301,-0.107484102,-0.033311922,0.086221121,0.103548236,0.040518176,0.030898279,-0.104945615,-0.022453608,-0.083756335,-0.07362698,-0.064130373,-0.092549637
penicillin g potassium,IYNDLOXRXUOGIU-LQDWTQKMSA-M,D3,-0.094373062,-0.06447693,0.096805662,0.097888067,-0.09623301,-0.09977752,0.099932477,-0.097781695,-0.072999544,-0.099932395,0.09990444,0.096915551,0.099932425,-0.08997868,0.019447707,-0.099833719,0.09991987,-0.097491704,0.098290451,-0.099926032,0.096191019,0.099922217,-0.099932268,0.066335618,-0.099771962,-0.099932536,-0.099758215,-0.098946266,-0.099841975,0.077740394,0.096163765,-0.099929959,0.09943489,0.099744216,-0.099617973,-0.099921085,-0.09708149,0.099518538,0.028583152,-0.087556265,0.099924423,-0.099932313,0.099925704,-0.04269642,-0.099851355,-0.010590749,-0.06887164,-0.095888413,0.097809069,-0.071386255,0.095175214,0.063345306,-0.099676043,0.099932611,0.09990532,0.025552988,0.09991917,-0.099908926,0.099921249,-0.002883367,-0.029723572,-0.08843334,-0.064264916,0.099784344,-0.074442029,0.099915542,0.098454297,0.096001878,-0.057675902,0.099530324,-0.096803024,-0.0998374,0.099848785,0.008923538,-0.093602322,-0.099929035,-0.098127171,0.057753861,-0.019415427,-0.099698938,0.099093981,0.094842143,0.062249407,0.07387615,0.06528084,-0.099930413,0.099826887,-0.021257807,0.07264559,0.095924079,-0.098467715,0.023595892,-0.099868611,0.082010083,0.08875066,-0.096670553,0.099927515,0.099445418,-0.099910066,-0.099932097,0.099772193,-0.099420719,0.095500462,0.099932089,-0.069353431,0.072176859,0.099553302,-0.099863186,0.057364631,-0.052758206,-0.098369718,0.097094789,-0.099927738,0.093649611,-0.099930905,-0.099217094,-0.099819399,-0.07586243,-0.084596373,0.097699054,0.008288825,0.082022093,-0.099819288,0.086416744,-0.082826443,-0.083308578,-0.099927701,0.024106665
penicillin g sodium,FCPVYOBCFFNJFS-LQDWTQKMSA-M,D3,-0.086085327,-0.086663596,0.099561475,0.054727685,-0.097234197,-0.102756508,0.10356237,-0.102505922,-0.074998513,-0.1035567,0.103285357,0.095211469,0.103563167,-0.091353551,-0.018258939,-0.103225552,0.103357062,-0.099772654,0.092497535,-0.103288829,0.04711606,0.103496477,-0.103564017,0.062393144,-0.100425705,-0.103556633,-0.101814926,-0.102725811,-0.103251636,0.07160791,0.097544484,-0.103557527,0.094059937,0.102859579,-0.101980165,-0.103431635,-0.076496325,0.103426889,0.043646246,-0.073390998,0.103381,-0.103563033,0.103556395,0.08059486,-0.102797173,-0.065409727,-0.08573968,-0.078406945,0.09194614,-0.069303967,0.075981185,0.072867878,-0.093087263,0.103564702,0.10225936,-0.046256997,0.103441432,-0.10321182,0.103556961,-0.005590711,-0.011088237,-0.052089576,-0.080324687,0.102963045,-0.100061059,0.103100322,0.101437658,0.086862221,0.017900256,0.07915692,-0.058057103,-0.103001282,0.095198967,0.074228466,-0.098513633,-0.103490725,-0.096959434,0.086205415,0.053944726,-0.103111185,0.096063696,0.075007647,0.03997235,0.075498849,0.085010156,-0.103555329,0.103405245,-0.056918729,0.018327244,0.080463998,-0.090177827,-0.048907042,-0.103115,0.029558066,0.020383047,-0.096364111,0.103399314,0.102800436,-0.1033898,-0.103489496,0.101617649,-0.083365574,0.085931733,0.10355179,-0.099560224,0.07428176,0.103460483,-0.103438877,0.050301589,-0.020125717,-0.102145649,0.098093651,-0.103203058,0.095993213,-0.103513606,-0.102810763,-0.103026465,-0.06501241,-0.04488853,0.099211946,0.066640615,0.09469194,-0.102945738,0.079716191,-0.061018109,-0.086702146,-0.103168771,0.070743725
penicillin v,BPLBGHOLXOTWMN-MBNYWOFBSA-N,D3,-0.024692373,-0.097614631,-0.072871633,-0.081089228,-0.098567553,-0.098574899,0.098577745,-0.098575413,0.098568782,-0.098573461,0.089724585,0.098577686,0.098568521,-0.095596097,0.06153436,0.093875751,0.095150635,0.09856575,0.042007752,-0.001766001,-0.087204084,0.098577745,-0.098577745,0.072632194,-0.065262966,-0.098464288,-0.09356305,-0.098577626,-0.096707098,0.09235771,0.097838983,-0.098573893,0.068474859,0.098572031,-0.098568052,-0.098499954,0.067533918,0.09796717,0.087691598,-0.098577149,-0.06605994,-0.098577745,0.098560378,0.095799014,-0.098577544,0.063403212,-0.083984882,0.096995287,-0.09854874,-0.098575607,0.098482877,0.029038578,0.064367756,0.098577708,0.098563395,-0.098400421,0.09784656,-0.097472675,0.097843558,-0.096578591,-0.098549187,-0.09255936,0.029995937,0.068339534,-0.097309485,0.098471753,0.097673036,-0.098569781,0.098577708,-0.096780717,-0.069232613,-0.098576114,0.016757891,0.089650624,-0.096127644,-0.098491967,-0.089955024,0.038776696,0.09856385,-0.098542385,0.097764,0.073377758,0.021889869,0.098031916,0.080263384,-0.09853787,0.097812101,-0.09855216,-0.055608843,-0.062280327,-0.09786547,-0.098577581,-0.098509237,0.047978058,0.044705756,-0.098400258,0.097636737,-0.012635009,-0.098577678,-0.096705973,0.072243415,-0.09057942,0.097937509,0.078047484,-0.098544009,0.098562621,0.098577641,-0.098577745,0.098576047,-0.086055331,-0.098494008,0.098577745,0.048563208,0.098577611,-0.098331995,-0.098577745,-0.087895058,0.098222263,-0.097636215,0.073999152,0.080717869,0.068979152,-0.098577559,0.095961586,-0.098574616,-0.09855289,-0.094030991,-0.009498242
penicillin v potassium,HCTVWSOKIJULET-LQDWTQKMSA-M,D3,0.022988914,-0.083604172,0.094624095,0.103823371,-0.10560175,-0.05527439,0.107696034,-0.101850778,0.061846036,-0.107597724,0.107551925,0.107278474,0.107737191,-0.017240224,0.044077702,-0.071436077,0.106944621,-0.100047901,0.101043217,-0.105740048,0.094867945,0.106137939,-0.107694611,0.081021428,-0.106946424,-0.107649855,-0.10532739,-0.078353927,-0.031072089,-0.052217573,0.088631384,-0.10771592,0.105696999,0.078826495,-0.106432833,-0.106683426,-0.062716544,0.106579795,0.077530123,-0.090239093,0.107690424,-0.107703686,0.107700266,0.046752822,-0.106913552,0.087531611,0.071260154,-0.057612091,-0.0833138,-0.078299165,0.085947447,0.012903662,-0.107267074,0.107643791,0.105037555,0.04398907,0.103750415,-0.107133135,0.106847882,-0.079642728,0.038510066,-0.074577823,0.070831135,0.103352234,-0.079734571,0.105639175,0.100170113,0.016357386,0.060915288,0.100210361,-0.054873556,-0.104375981,0.107118636,0.078326873,-0.097557798,-0.106464855,0.019600986,0.016387712,0.031179016,-0.099833868,0.096676201,-0.091257259,0.077667639,0.070488624,0.103954293,-0.106280915,0.107215971,-0.10452009,0.098962598,0.036002837,-0.103441559,0.055238683,-0.106166922,-0.075535111,-0.010906518,0.023566198,0.105790757,0.040631115,-0.103981994,-0.107734352,0.107582703,-0.093356118,0.038083535,0.107013948,-0.086064197,-0.087593727,0.105790213,-0.10762991,0.063304782,0.083327986,-0.105396621,0.095364861,-0.104596458,0.104507394,-0.107639626,-0.104472637,-0.077114515,-0.087344572,-0.090348795,0.088814862,-0.015021681,0.042265121,-0.107640177,0.053313494,-0.09722998,-0.104081064,-0.107511438,-0.007934071
pentamidine,XDRYMKDFEDOLFX-UHFFFAOYSA-N,D3,-0.092160165,-0.092376307,-0.092376336,-0.092376336,0.092376336,-0.092371017,0.092376336,-0.092376336,0.092376336,0.092376336,-0.092376336,0.08940421,0.021458393,0.092376336,0.092376336,0.092376336,0.092376336,0.092376336,0.092249431,-0.092374846,-0.092374459,0.092375524,-0.092376336,0.09232761,0.092376336,0.092376336,-0.092226237,-0.092369519,0.092168473,0.084435701,-0.092320099,-0.092376336,0.092376336,-0.092376336,0.092374556,-0.092376336,-0.087859929,-0.092376143,0.061618071,-0.092376284,-0.092376336,-0.092079259,0.092124268,0.076795593,-0.092376336,-0.021554722,-0.092374101,0.092330925,-0.092376336,0.092375323,0.092364468,0.091654204,-0.092205763,-0.092376284,-0.092376269,-0.091833219,0.091729708,-0.092365056,0.092006288,-0.092021056,-0.047107365,0.092376038,-0.007451436,-0.092376336,-0.092376336,-0.092375189,0.092376336,0.007085642,0.092376336,-0.092376113,0.089008689,-0.092375807,0.077342078,-0.0923746,0.092376336,0.091309614,0.092376128,0.092357956,0.092376336,0.092376336,-0.092265777,-0.004566401,0.092376091,0.092376336,0.072805032,0.092376336,-0.092180513,0.083191194,-0.043990411,0.067988485,-0.092376336,-0.092376336,-0.089190066,-0.09218251,0.092287548,-0.092376336,-0.092376307,-0.092374749,-0.090202682,0.092376336,0.092307918,0.072446272,0.092376336,-0.086215936,0.09237472,0.092376336,0.092311054,-0.092376336,0.092376336,-0.092371844,-0.049884066,0.092376336,0.092336856,0.092328116,-0.091805279,-0.092376336,0.092370145,0.09142784,0.092204832,0.092376336,-0.078898169,0.092375107,0.092376307,0.092066087,-0.090640306,0.09189342,0.091993354,0.09237615
piperacillin,IVBHGBMCVLDMKU-GXNBUGAJSA-N,D3,-0.086687483,-0.099032663,-0.097871549,0.05354929,-0.091007754,-0.100521199,0.100521535,-0.094710201,0.09820348,-0.100521289,0.088561401,0.100516289,0.099196739,0.064346582,0.016310448,-0.084448047,-0.085033037,0.100251213,-0.033866927,-0.098825678,-0.032469876,0.100521624,-0.100510754,0.096609727,-0.071512401,-0.100512363,-0.065210409,-0.099333085,0.028459609,0.100481398,-0.04703987,-0.008751681,0.06899453,0.100521222,-0.100456208,-0.086418264,-0.095223732,0.100116201,0.07161127,-0.10029152,0.096398808,-0.100521073,-0.056381967,0.099950768,-0.098777957,0.056638274,-0.088342957,-0.096125744,-0.088479444,-0.100515954,0.099835902,-0.092581198,-0.098919943,0.100521542,0.100516535,-0.100403793,0.096776791,-0.099979207,0.066359274,-0.008964494,-0.097847722,-0.093977988,-0.090888537,-0.094143651,0.04889166,0.100076415,0.096682273,-0.099833086,0.099093124,-0.003068659,-0.100374244,-0.100415953,0.098028213,0.098904155,-0.100027226,-0.100210004,-0.100453913,-0.00441717,0.098626308,-0.099748194,0.031340301,-0.082465105,0.075572014,0.090294741,0.098251201,-0.100339457,-0.096753784,-0.100495033,0.100059412,-0.099177904,-0.098687135,-0.098046482,-0.100295089,-0.084106416,0.096757367,-0.098942861,0.100492172,0.034567032,-0.100508891,-0.100189857,0.05563993,-0.100417078,0.043036371,-0.053978391,-0.058580533,0.100521304,-0.011110005,-0.100520268,0.100518584,-0.100500114,0.006257493,0.10047476,-0.08870253,0.100217894,-0.074583828,-0.100521632,-0.097611107,0.09840323,-0.100504443,0.088035628,0.098835252,0.099915721,-0.093527548,-0.04270095,-0.087057874,-0.100430816,-0.093613476,-0.09516561
pirlimycin,HBJOXQRURQPDEX-MHXMMLMNSA-N,D3,0.098885268,0.096243791,-0.102363229,0.102519959,-0.096495904,-0.089538001,-0.101268455,-0.074154861,0.102226779,0.10260392,0.088947006,0.102048337,-0.01895126,-0.039366763,-0.036990814,0.101918802,-0.031163622,0.099181063,-0.099768564,0.102605775,0.053890631,-0.101784714,-0.03273879,0.083757177,0.102528006,0.102456585,-0.081231341,-0.097235866,-0.066167645,-0.032817543,-0.075191185,-0.102494918,0.102605671,-0.092213683,-0.03853713,0.101060875,0.073427603,-0.102438234,-0.102193192,-0.099529609,-0.096303165,-0.093212679,-0.096420072,-0.09233325,-0.097486578,0.102346398,0.102590516,-0.10223899,-0.102455027,-0.102240361,0.10091529,0.087956436,-0.102239877,-0.10250017,-0.037195124,0.102604896,0.079141922,-0.096386656,-0.102351561,0.029206254,0.087220922,0.101892635,0.016578913,0.101070918,0.102150798,-0.101707265,0.095556185,-0.100161985,0.045562014,-0.09156388,0.084492646,-0.030403778,0.085910246,0.03641779,0.022709232,0.10259369,0.096326612,-0.097616434,-0.102566615,0.102525011,0.088271223,-0.101168878,-0.102374874,0.101790957,0.057795759,0.09949515,-0.101328686,0.100436322,-0.01408638,-0.101120412,-0.045122575,-0.030569274,0.064996623,-0.100742385,0.082468204,0.102605365,-0.090226993,-0.102594458,0.092332803,0.025643628,-0.097783811,-0.101434223,0.088143684,-0.102598004,0.102601923,-0.072764352,-0.102251947,0.036824286,-0.00928386,0.0983987,0.076098822,-0.101487763,0.102595411,-0.100095332,-0.102217726,0.04432169,0.099005878,-0.094997168,0.093402199,-0.091352828,-0.097104505,-0.088007994,-0.10240975,-0.102569044,-0.093568772,0.080625571,0.102222301,-0.06284567
plazomicin,IYDYFVUFSPQPPV-PEXOCOHZSA-N,D3,-0.080284275,0.119247831,0.005184239,0.123961195,-0.064605646,0.089337505,-0.125022396,0.077765442,-0.088983104,0.103373975,0.048348729,-0.103830852,0.087072335,0.112935565,-0.101281427,-0.037863497,-0.001391584,0.043654632,0.116435297,0.097247012,-0.056210328,-0.098500431,-0.119859122,0.054024041,0.116221122,-0.01439817,-0.019161386,-0.079860032,-0.124448873,-0.06760937,0.077680133,-0.075571038,0.101340093,0.032763142,-0.089485899,0.006730742,-0.060608465,0.119669117,-0.060280968,-0.126433864,-0.117712371,-0.028868822,-0.002658563,0.051486433,-0.033992179,-0.077325694,0.069798067,-0.09860792,0.093768127,0.020981478,0.075054236,0.058009878,-0.091819845,0.063542381,-0.122519948,0.047564074,0.116663732,0.114625245,0.102739312,-0.09131524,0.109268323,-0.042536866,-0.002628068,0.126717553,-0.122228503,0.049810898,0.088408813,0.016812865,-0.091308378,0.109319597,0.047677714,-0.09593188,-0.113931298,0.110458255,-0.063981585,0.119080737,-0.12450435,-0.122812919,-0.099725768,0.057357647,0.120546371,-0.090345435,-0.124740086,0.062059075,0.124259546,-0.121881045,0.093884982,-0.004189478,-0.108568296,-0.117457673,-0.090903543,-0.001151249,-0.051607776,-0.123540185,-0.11704684,0.059378572,-0.126059547,0.07724335,0.051018931,-0.011352967,0.051434021,0.083551489,0.071205087,0.053598002,-0.075415023,-0.051627707,0.113347344,-0.083317675,-0.118725531,0.015309514,-0.058716651,-0.124831989,-0.0917245,-0.003180072,-0.114335738,0.110094547,-0.101633728,-0.125001878,0.123733707,0.006318572,-0.105792157,-0.110579938,-0.093049951,-0.041052271,-0.033906665,0.096669957,0.120991588,0.085078008
polymyxin b,WQVJHHACXVLGBL-BPJDFBQWSA-N,D3,0.059119489,0.042814773,-0.092836089,0.083800912,0.092835784,-0.09179493,0.092826262,-0.092745222,0.092835821,0.092836089,0.092836089,0.092835501,-0.092786618,0.05683928,0.092781313,0.092836089,0.078565396,0.092804909,0.092136867,-0.006153487,0.092836089,-0.092836089,0.092830405,0.092836089,-0.092562839,0.08462403,-0.092836089,-0.031117117,-0.092258133,-0.092836007,-0.091726452,0.092826463,0.092836089,-0.092836089,-0.092833802,0.090506911,-0.092836089,-0.092836089,-0.092836089,0.09283603,0.092184246,-0.091868006,-0.092835024,-0.092836089,-0.092834532,0.092836089,0.092830196,-0.092836089,0.090690166,-0.066780731,0.092836089,-0.08669132,-0.092786223,-0.092836089,0.092836089,0.092730634,-0.092836089,-0.092836089,-0.092836089,0.078868978,0.091823496,0.092831753,0.09283337,-0.092836089,0.092836089,-0.092834324,0.092830271,-0.089065149,-0.092836089,0.092836089,-0.09226384,0.078809202,0.092836089,-0.092836015,0.040295634,0.092835225,-0.092785761,-0.092836089,-0.092836089,0.092836089,0.092836089,0.092836089,0.080860116,-0.092017516,-0.077390403,0.092232548,-0.092836037,0.092836089,0.078032471,0.092829362,-0.092836089,0.002107867,0.092830107,0.092836089,0.092836089,0.092836089,0.092836089,-0.09283413,0.092836089,-0.092835136,-0.091221087,-0.092836089,0.000288752,-0.092836089,0.092836089,-0.084335521,-0.092836089,0.092836089,-0.092836089,-0.088531777,0.092836089,-0.091783874,0.067167841,-0.092836089,0.092824169,0.092836089,0.092836089,-0.009380572,0.092836089,-0.092829749,-0.092836089,-0.092747092,0.089386925,-0.091955006,-0.092835709,0.073300451,-0.092835605,-0.092836089
polysporin,SGPYLFWAQBAXCZ-RUDZPDEXSA-N,D3,0.047531407,-0.095241308,-0.095509499,0.085833848,0.095219463,-0.077606753,0.043707352,-0.007344593,0.095499136,0.095339052,0.095503978,-0.040600143,-0.095505975,0.093733221,-0.095327988,0.095453523,-0.094620347,0.080385044,-0.094549082,0.095508456,0.095508695,-0.095499322,0.095506929,0.095490567,0.090840533,0.09550947,-0.09550561,-0.093170404,-0.062150005,-0.095403597,-0.095258944,0.05556532,0.095508181,-0.095487416,0.094998479,0.095500857,-0.059838377,-0.095509499,-0.095509499,0.095491298,0.095176205,-0.078717969,-0.095508598,-0.095509499,-0.095507771,0.095509253,-0.001753032,-0.095499992,-0.095508665,-0.095179737,0.095509499,0.059192881,-0.095244378,-0.095509499,0.095495433,0.095443986,-0.095508985,-0.095508657,-0.095509462,0.095411591,0.094840482,0.072919622,0.078059644,-0.094674118,0.095495209,-0.095509499,0.095404521,-0.072406322,-0.095508777,0.095509499,0.095453769,0.06198366,0.095509455,-0.06913361,0.095509343,0.095270663,-0.093560927,-0.095509253,-0.095509499,0.095509499,0.095508642,0.095452577,0.01460558,0.076879248,0.06236662,0.095495515,-0.095507689,0.095507704,-0.053440757,-0.038174953,-0.095497981,-0.084385045,0.09550944,0.095358908,0.095439471,0.095509499,0.09549921,-0.095507562,0.095507592,-0.095341735,-0.095337808,-0.09550944,0.094054021,-0.095509015,0.095509499,-0.09533488,-0.095509499,0.095509499,-0.091802791,0.03521451,0.095500685,-0.095489927,0.095509283,-0.09550599,-0.08055082,0.095446616,0.095500223,0.095507592,0.077436693,-0.095509015,-0.094942018,-0.080844395,-0.043502569,-0.095509082,0.0354633,-0.082151115,0.077571012,-0.09550947
prednisone,XOFYZVNMUHMLCC-ZPOLXVRWSA-N,D3,0.090992346,-0.090991586,-0.090992346,-0.090992346,0.090992235,0.090992346,0.090992346,-0.090992346,0.090992346,0.090992346,-0.090990305,0.090992257,0.090988576,0.090992346,0.090992346,0.090986051,-0.090405405,0.090992346,-0.089733452,-0.090881243,0.090992346,0.031413957,0.090343438,0.090992346,-0.090992346,0.090992346,-0.090992332,-0.090990126,0.090919688,-0.05531925,-0.090992346,-0.090992346,-0.090989307,-0.090992346,-0.090992346,0.014431583,-0.090992317,-0.086457953,0.085291311,-0.090992011,0.089871205,-0.090992346,0.090938888,-0.090992346,-0.090992346,-0.090882815,-0.090992346,0.090992346,-0.088929795,0.090286165,-0.039800271,0.090991996,-0.090992346,-0.090991996,0.047369067,-0.090990625,-0.090982147,-0.086434335,-0.090992346,-0.090992346,0.090992086,-0.090991378,0.090992346,-0.090992346,0.090754323,-0.090992346,-0.09099102,-0.090983905,0.090981647,-0.090989619,-0.03380904,0.090741962,-0.09099111,-0.090991966,-0.090992346,-0.090992346,0.088858955,-0.090992346,-0.090992346,0.090992346,0.090992346,0.090992346,0.090992346,-0.090991318,-0.090948686,0.090992346,0.090992346,-0.090992346,0.090565547,-0.090991095,-0.090992346,0.090992346,-0.090991855,0.055308528,-0.090992346,-0.090992346,-0.090992346,-0.090990335,0.090955809,0.089147821,0.090992346,0.017755583,-0.090992346,-0.090992346,0.090068288,-0.090953223,-0.090992346,-0.088132285,0.090992346,-0.09082748,0.090992346,0.090992346,-0.090992242,-0.088222161,0.090992346,-0.090992346,0.090992346,0.090992346,0.090992346,-0.090992346,-0.090991169,0.090992346,0.090992317,-0.090711072,-0.090990342,-0.090992346,0.090251349,-0.090930752
pretomanid,ZLHZLMOSPGACSZ-NSHDSACASA-N,D3,0.120045558,-0.036255125,0.067954704,0.119356349,-0.119097099,0.097913578,-0.02693454,0.091681451,-0.004346111,-0.110014431,-0.075321913,0.112088442,-0.074070007,0.118353657,-0.117166519,0.10345941,-0.043874487,0.091497891,0.08654552,0.112278886,-0.099680029,0.094444789,0.000736195,-0.103514098,0.118277639,0.06431707,0.121028297,0.006337036,-0.03016207,0.03276635,-0.101483934,-0.107414208,0.10721571,-0.061339427,0.095017679,-0.058933478,0.113965757,-0.09341228,0.120902069,0.120798506,-0.048366055,0.033261884,0.114686869,-0.011710099,0.059654847,0.085002057,-0.022483297,0.057563893,0.065739445,0.048208497,-0.015491227,0.108754285,-0.050275244,0.120299861,-0.099894442,0.112351395,0.05652529,-0.096322909,0.065372504,0.086133227,0.014423853,0.118592642,0.103795394,-0.113153674,0.056170601,0.114478618,0.110176384,-0.002801333,0.063244015,0.032963037,0.062535018,0.11375425,-0.093543403,-0.118582577,-0.068373144,0.075289793,0.040529162,0.079196118,0.092638187,0.076708324,0.012228315,-0.067803696,-0.115721464,0.030082483,0.079024456,0.08720161,-0.118951812,-0.11550466,-0.025889104,-0.113244034,0.103182189,-0.1089729,0.012751852,0.091728359,-0.101208359,-0.09465266,-0.099075794,0.007723202,-0.117201269,-0.087286606,0.091265917,-0.121091843,0.026037481,-0.118092135,0.030386703,0.073206685,0.084552877,-0.09262149,0.109659508,0.106515467,-0.050926074,0.101688303,0.111183457,-0.091164172,-0.120364897,0.116411462,-0.120016657,0.071599953,0.112568378,0.105781496,0.043158296,-0.099086829,0.042163435,0.118718788,-0.086366154,0.059953429,0.094034754,0.120408945
procaine,MFDFERRIHVXMIY-UHFFFAOYSA-N,D3,-0.042681355,-0.084403895,0.050258044,0.086367704,0.099116594,0.010662917,0.003849488,0.093308568,0.109793842,0.091258399,-0.082266025,0.111062855,-0.089108847,-0.010669971,0.100717872,-0.103260942,-0.06811846,-0.107436225,0.10143014,0.087164655,0.107914969,-0.034112792,0.111661971,0.058015842,0.060037281,0.107022747,-0.11178422,-0.008736881,-0.063985139,-0.097434953,0.03798179,0.06318175,0.11188975,-0.111838095,-0.029742846,0.110406175,-0.110114321,-0.07469929,-0.109909572,-0.089603275,0.016569482,0.004058165,-0.105673291,-0.094970599,0.094207831,0.091515772,0.111895807,-0.029791603,0.073914647,0.11055091,0.018253492,-0.105708957,-0.11074046,-0.111887775,0.092638023,0.111390643,-0.108599506,-0.111466452,-0.1113346,0.064664453,-0.089854673,0.077407733,0.075019144,0.078607909,0.110870928,0.097751521,-0.035582557,0.106978409,-0.108314276,-0.011906849,-0.032637544,0.111706436,0.109738246,0.110504635,-0.070390202,0.111908145,0.027684851,-0.106044374,-0.111620635,0.110536896,0.023435596,-0.066560604,-0.092122711,0.103109762,0.008711485,-0.02937625,-0.111486636,-0.027702631,0.092724182,0.087423824,-0.111629151,0.072101578,0.111731701,-0.107296951,-0.081375793,0.111882053,0.09874294,-0.064946897,0.111821279,-0.091460526,0.110590264,-0.092984833,-0.102254279,-0.096827067,0.111219175,-0.111509204,-0.111672796,0.025150996,-0.094934762,0.073013179,0.039730866,-0.111755945,-0.105660863,-0.07421957,-0.046408694,0.108718805,0.111866415,-0.111625209,-0.055609867,0.108029492,-0.111892752,-0.10666658,0.032358803,-0.028529523,-0.109614655,0.091089822,-0.029563673,-0.056170806
puromycin,RXWNCPJZOCPEPQ-NVWDDTSBSA-N,D3,-0.097858265,0.09644717,-0.097912192,0.097891241,-0.097906254,-0.097540729,-0.097918481,-0.068292201,-0.022038456,0.096725434,-0.085726678,0.097006716,-0.096098453,-0.097805999,0.064307071,-0.026223201,0.079936318,0.077767752,-0.094568744,0.09791714,0.097871974,-0.011569345,0.097177967,0.054796528,0.097728774,-0.090138696,-0.097890764,-0.097915903,-0.095162041,-0.090643175,0.087382004,-0.097917207,0.097918756,-0.028731748,0.096690245,-0.096031964,-0.038040955,-0.097918719,-0.097907238,-0.097918756,-0.097907461,-0.071535148,-0.097867206,-0.097740181,-0.081444353,-0.092811629,0.097762145,0.063968576,-0.097875051,-0.097669311,0.097918071,-0.097838975,-0.0975191,0.059674028,0.09610761,0.097918488,0.097566955,0.092717007,0.097900674,-0.088523284,-0.074082568,0.011293221,0.026126476,0.097918756,0.097886056,0.089509986,0.097875245,0.094486691,-0.040536299,0.078684032,0.097867914,-0.097222008,0.051053677,0.095334716,-0.028220115,0.090578817,0.097763926,-0.096723445,-0.097600296,0.094739042,0.09791553,-0.09773986,-0.097918607,0.082198665,-0.09565454,-0.097916588,0.093926221,-0.079888053,-0.097858146,-0.040238641,-0.097788766,0.083721548,0.097900532,-0.097893097,0.081186965,0.097918756,0.078828968,-0.097832851,0.096065819,0.097886473,-0.096783489,-0.018301889,0.097004123,0.08943449,-0.097896606,-0.089165956,0.097834043,0.081105642,-0.097879179,0.062229279,-0.097916096,-0.097893097,0.09655267,0.097231925,-0.097914919,0.097820967,-0.096401043,-0.097809613,0.095578879,-0.097731747,-0.097911142,-0.09791632,-0.097918756,-0.097918756,0.048031084,0.000389181,0.088520877,0.069139846
pyocyanin,YNCMLFHHXWETLD-UHFFFAOYSA-N,D3,0.100909412,0.103484854,-0.042804509,0.093053937,0.104622237,0.02245862,0.089723647,0.10065908,-0.106297813,0.009034755,-0.106074214,-0.106649742,-0.092804372,0.035321735,0.038765289,0.098058447,-0.089352459,-0.067981333,-0.099576861,-0.017294075,0.102599092,-0.006847208,-0.026514519,0.095703915,0.099976465,-0.099424325,0.104581095,0.106181704,-0.106499188,0.091858149,-0.01573764,0.005941616,-0.099383689,-0.099391147,-0.103759006,-0.030925447,-0.093583308,-0.102293156,0.068257622,-0.058413371,-0.071605407,0.105197459,0.106533915,-0.004843263,0.106734335,-0.106753245,-0.102515943,0.078602813,0.106766537,0.106312476,-0.106767707,0.07617379,0.104557648,-0.104985602,-0.106537931,-0.017153006,0.10235136,0.104456231,0.101090744,-0.095011458,-0.104840726,0.066770568,-0.106137373,-0.106730059,-0.041038044,-0.099503547,-0.076436885,-0.090371132,-0.098708011,-0.1050281,0.031246345,0.10666135,-0.106635183,-0.100422837,-0.102472618,0.105289198,0.056135837,-0.063303091,0.103244781,-0.09960416,-0.103867762,-0.086319558,-0.100060061,-0.043360014,-0.081262581,-0.100656658,-0.105968699,-0.064809851,-0.10594812,-0.106755301,0.101277374,0.103192657,-0.10676866,0.021955552,-0.058117442,-0.082368165,-0.088683672,0.063429348,-0.051534016,0.101261325,-0.086638108,0.102997772,-0.106625475,-0.104462057,0.086098403,0.093973219,0.01255919,-0.106492952,0.101867624,0.03960314,0.066946477,-0.094388992,-0.103543781,-0.105888464,0.003516601,-0.105058074,0.093031421,-0.105797149,-0.076815516,0.099169411,0.093779542,0.082228459,0.105795227,-0.089549847,0.105753087,0.047093391,0.085819036,0.028065531
pyrazinamide,IPEHBUMCGVEMRF-UHFFFAOYSA-N,D3,0.10045933,-0.100532122,0.092594929,0.0343564,-0.098252878,0.081534371,0.094445653,-0.000868022,0.061999496,-0.100500762,0.099995352,0.10033004,0.096433997,0.09208212,0.073118195,-0.096738763,-0.093328804,-0.097386941,0.068965137,-0.100439109,-0.088058919,-0.07215663,0.1003685,-0.097126417,0.074925423,0.095587432,-0.09455771,0.100544617,0.089432001,-0.10032016,0.028800679,-0.089570142,0.087312505,-0.093647495,-0.100235917,0.100198053,-0.100452974,0.094483912,0.100538231,0.100324474,0.098921761,-0.068743058,-0.032006588,0.099868573,-0.1002106,-0.038600616,0.100335725,0.070021637,0.098571487,0.039304759,-0.100495055,-0.095665134,0.045616325,-0.083570965,0.099626929,0.076808214,-0.100415595,-0.100543596,-0.099779159,0.098386906,-0.100154161,0.100534618,0.098173961,-0.075023726,0.026570451,0.099441603,0.098572828,0.029901844,-0.092700213,-0.100419879,-0.001685978,0.099988692,0.090846866,0.071256518,-0.09517923,-0.01891233,0.046016347,0.089442454,0.086201146,-0.078127131,-0.094779797,-0.100543506,0.100274943,-0.065466709,0.098915212,0.100428738,-0.099486567,-0.100538902,0.097134553,-0.100530736,-0.099492542,0.100375541,0.092473164,0.078138098,-0.099313281,-0.001142548,0.078296334,-0.085113361,0.098326184,-0.100371823,0.100234158,-0.100527383,-0.100543208,-0.100224048,0.095516123,-0.100345477,-0.100432366,0.004550754,0.088787019,0.100529954,0.099439256,0.099398546,-0.100292116,-0.100520372,-0.097537868,-0.092278488,0.00788342,0.074777365,-0.100373767,0.100109063,-0.090442948,0.100207925,0.086274646,0.037775271,-0.080793589,0.083568715,-0.100511134,-0.070947625
quinupristin,WTHRRGMBUAHGNI-LCYNINFDSA-N,D3,-0.110729218,-0.012669181,0.061120443,0.009086791,-0.110747099,-0.100576431,0.115102664,0.1057401,-0.094827518,-0.117326222,-0.085912585,0.114116937,-0.070752561,-0.052394442,-0.095069051,-0.116896264,-0.117395267,0.086837478,-0.063553274,-0.011117795,-0.111637704,0.117124371,-0.111680903,0.112935744,0.012285509,-0.110313661,0.035313994,0.037962716,-0.006555087,0.100651935,0.115262017,0.116154902,-0.042375609,0.116707772,0.011199716,0.099148512,-0.004023129,-0.056179922,-0.086675897,-0.100790016,0.100843325,-0.117107116,-0.024057055,0.041225839,0.101760976,0.085271835,-0.076354839,-0.115878627,-0.044653226,-0.113353372,0.095127761,-0.11576093,0.10667634,0.117007323,0.116932295,-0.11680878,0.113273166,-0.028803933,-0.082532257,0.057837334,0.003287327,-0.117437325,-0.11347767,-0.064566843,0.104403272,-0.065911628,0.012798167,-0.116901316,0.000169157,0.115598403,-0.115720898,-0.091749348,0.117368914,0.086223654,0.058095835,-0.084938608,-0.117435627,-0.015474723,0.091062687,-0.117365241,0.096010558,-0.019088186,0.031628512,0.036567219,-0.05536142,-0.116773464,-0.108698845,-0.041896392,0.116920233,-0.099711336,-0.092477992,0.089666352,-0.002590543,-0.049150597,0.10668838,-0.004856535,0.117439307,0.049158916,-0.095107242,-0.117377833,-0.116258852,-0.084894031,-0.084852003,0.041757159,-0.062782973,0.117429249,-0.116547957,0.031478401,0.117009498,-0.10345196,-0.106601447,-0.104049265,0.115536988,-0.018028609,-0.057376552,-0.11733117,-0.042090535,0.080994122,-0.096904323,0.051315621,0.110203117,-0.021066142,-0.029864777,-0.094864435,-0.094736531,-0.115848556,-0.003770867,-0.094550185
rifampicin,JQXXHWHPUNPDRT-WLSIYKJHSA-N,D3,-0.098712735,0.098658688,-0.09860269,0.098695152,-0.098616563,-0.098483652,-0.098678485,0.097924344,-0.098455086,-0.077232376,-0.097362414,0.09776511,-0.098716415,-0.069927707,-0.044367671,-0.070581585,-0.098715886,0.098659582,-0.098227665,0.098711021,0.049563624,0.09681464,0.093383655,0.096194185,0.098607041,-0.025579114,-0.093021877,-0.042162266,-0.018846741,0.066903494,0.031649977,0.075425699,0.098578915,0.098703712,0.093274422,0.098294534,0.087169886,-0.098716862,-0.097434513,-0.098716758,-0.098623179,-0.086252719,-0.098708816,-0.097392485,0.061713628,-0.059971917,0.074528329,0.056222819,-0.098711647,-0.094349533,0.079888575,-0.098709531,-0.094345756,0.092110448,0.098709896,-0.077622749,0.098247267,0.098335318,-0.05568834,0.091930769,-0.097670794,-0.098716833,-0.09771467,0.098610722,0.098712564,-0.098513693,0.041810613,-0.07042446,-0.09800262,0.098682024,0.013324426,-0.098268896,0.098705597,0.098707907,0.071996287,0.051056679,-0.095911361,-0.0985457,-0.098202303,-0.098507404,0.098706089,-0.04688593,-0.09868706,0.089812271,-0.098069385,-0.09861134,-0.097974636,-0.098032556,-0.013396271,-0.089329809,-0.090257905,0.098685689,0.098171882,-0.098699823,0.085284874,0.098715417,0.098383039,-0.09850315,0.09600924,-0.098569021,-0.098674834,0.054356378,-0.097450942,-0.031157363,-0.09323103,0.097518288,-0.098396115,0.09613844,0.094463944,-0.084197916,-0.098644048,-0.098716356,0.098697491,0.097478367,-0.098570116,-0.042817138,-0.098383389,0.079764962,-0.082569025,-0.098662585,-0.030212222,-0.098702446,-0.098706461,-0.098716684,-0.02753846,-0.098704822,0.098652527,0.035855625
rifamycin,HJYYPODYNSCCOU-ODRIEIDWSA-N,D3,-0.096955843,0.096959166,-0.051961575,-0.079461686,-0.096188679,-0.094184309,-0.096592553,0.096323647,-0.096956924,-0.092020139,0.096801378,0.096838325,-0.096926741,0.096777149,-0.096787348,0.054706529,-0.096959352,0.075394422,-0.053392824,0.095911086,-0.096706606,0.096722372,-0.095844023,0.096959352,-0.079209298,-0.096959263,0.096891485,0.092976011,0.026385307,0.096959241,0.096667618,0.096959352,0.09692701,0.096959308,-0.012016481,0.096441887,0.096728429,-0.09684018,-0.096954614,-0.096815698,-0.060113396,-0.027484741,0.071467146,-0.096959226,0.096940197,0.096959308,0.080938816,-0.096951999,0.041142803,-0.088235416,0.094490178,-0.096959352,0.084060818,0.096476957,0.096959069,-0.096959352,-0.058622621,-0.030288175,-0.096790463,0.096294068,0.061576176,-0.096959352,-0.072450325,-0.086137287,0.096958488,-0.077817321,0.09695781,-0.096842445,-0.096492134,0.096959352,-0.096959352,-0.096959308,0.096959323,-0.086033948,-0.031204464,-0.096915863,-0.096959352,-0.096584246,-0.096954957,-0.096959189,0.096959315,0.096951172,-0.096959285,-0.096750923,-0.09604761,-0.096959352,-0.093978927,0.027906859,0.096958444,0.095247306,0.09443824,0.096958078,0.095878817,0.026820639,0.096952245,-0.057830743,0.096959352,-0.096928433,-0.096878566,-0.09695895,-0.096959352,-0.096957587,-0.096948646,0.04869207,0.096956059,0.096959352,-0.096958339,0.093032055,0.090125985,-0.096483037,0.024216048,-0.09692049,0.096922964,0.049227577,-0.096801989,-0.093976453,-0.096835218,-0.079909392,-0.095834985,-0.087611757,0.079638794,-0.093539782,-0.070741139,0.051934384,0.077044599,-0.096959278,-0.096955664,-0.072269849
rifapentine,WDZCUPBHRAEYDL-GZAUEHORSA-N,D3,-0.114565179,0.120255515,-0.071436279,0.102191187,-0.097394653,-0.068272352,-0.069908462,0.041736126,-0.08160796,-0.101363182,0.053603999,0.118389815,-0.029304987,0.088973857,-0.090970881,-0.036552992,-0.118728638,0.116440631,0.046069298,0.098841578,-0.082555123,0.088158004,-0.106315672,0.119958282,0.070253097,-0.119981483,0.043898776,-0.019589148,-0.103554942,0.117930047,0.052235845,0.032491464,0.115697429,0.120764963,-0.026424458,0.025648946,0.108732797,-0.110679649,-0.077217102,-0.120278358,0.039322142,-0.055279065,-0.027224572,-0.029939111,0.033941098,0.014073703,0.030503949,-0.085354835,-0.063435271,0.068588652,-0.061865717,-0.119841412,-0.068338916,0.113899209,0.119286247,-0.118399389,0.110610142,0.108804129,0.077015392,0.056400336,0.028107682,-0.12089783,-0.098039202,0.113760218,0.013630075,-0.096133664,0.117498621,-0.115386553,-0.072560877,0.117517903,-0.107325964,-0.119017713,0.115001135,0.048123073,-0.023644753,-0.087310523,-0.115407243,-0.113043956,-0.046426609,-0.119059116,0.120474689,0.049156759,-0.114026137,0.065229021,-0.085629351,-0.120804906,-0.039336104,-0.110575862,0.090667851,-0.023643048,0.034267731,0.103808172,0.055129927,-0.118891709,-0.011851173,0.0413392,0.120249979,-0.073400602,-0.041483268,-0.120206177,-0.118531354,-0.085806973,-0.110657752,0.099669449,-0.000222026,0.1203174,-0.001653868,-0.098132901,0.019277664,0.07176391,-0.081192479,-0.109027214,0.105164617,0.117043056,-0.119272821,-0.029173028,-0.119235285,-0.09633971,0.022132032,-0.095375165,-0.040642284,-0.044290949,-0.115971871,-0.111208744,-0.076345161,-0.119260892,-0.09526068,0.064118683
rifaximin,NZCRJKRKKOLAOJ-XRCRFVBUSA-N,D3,-0.109553397,0.10857892,0.017532554,0.084614709,-0.109875634,-0.10788209,-0.054754693,0.10989891,-0.107095897,-0.107867457,-0.104064114,0.099702701,-0.103948198,-0.049298428,0.03193007,-0.098188564,-0.109943189,0.088498034,-0.094541714,0.030037714,-0.064597666,0.10957057,-0.106203079,0.07536564,-0.053478047,-0.088735364,0.051976383,-0.039706707,-0.02296309,0.051625296,0.108973868,0.109466396,0.094724759,0.099406794,-0.105438739,0.105280913,0.106558912,-0.098050632,-0.099622481,-0.109306224,-0.108533241,-0.109724306,-0.01570024,0.049341142,0.058343474,0.106167495,-0.054201297,-0.061351914,-0.097606249,0.02775472,0.08503481,-0.108281344,0.095834062,0.109732136,0.109778605,-0.106641717,0.099957041,0.022312727,-0.086625658,-0.008932258,-0.062767662,-0.109958135,0.067391872,0.103569947,0.109527647,-0.091962054,-0.046759829,-0.109365188,0.103275768,0.063854732,-0.109540418,-0.079570755,0.109859578,0.109424658,-0.105386034,0.04571455,-0.109900147,-0.097319566,-0.034896255,-0.109211914,0.1018885,0.071136057,-0.102384374,0.097442612,0.09271276,-0.094940089,-0.103847481,-0.096837007,0.109441258,-0.00831207,0.017863922,0.037058715,0.099268056,-0.105259053,-0.067243092,0.068943024,0.106818676,-0.078403145,-0.096045174,-0.105032459,-0.056263302,0.073357791,-0.107283816,0.013341434,-0.093374349,0.109673902,-0.074759305,0.010421273,0.10844586,-0.085684404,-0.107465208,-0.096919484,0.09331993,0.109313406,-0.062160783,-0.109478995,-0.064382523,-0.048491374,-0.065611616,-0.065754026,0.107437119,-0.109725982,-0.09752918,-0.104445755,-0.030046184,-0.108971104,0.054228202,-0.097662479
roxithromycin,RXZBMPWDPOLZGW-XMRMVWPWSA-N,D3,0.093522757,-0.093667053,-0.01268009,-0.093463242,-0.093555398,0.084139496,0.093663789,-0.093664236,-0.000322765,-0.093218535,0.086443722,0.093666784,0.093665943,-0.090344071,-0.093654744,-0.093661368,0.09047842,0.093647785,0.093665719,-0.086755164,-0.093667023,0.092929974,0.076664761,0.021162225,0.081116378,-0.092641689,-0.093663029,-0.014844988,-0.093621738,-0.093470335,0.042543925,0.08990977,-0.093465738,-0.087445579,-0.093312033,0.091446944,-0.093664236,0.093666688,0.093661748,0.089529648,0.093665637,-0.093666799,-0.086836986,0.093658581,-0.093666755,0.083814524,-0.093580931,-0.093662478,-0.092166051,0.092941724,0.093665995,0.093580514,0.093381569,0.090327606,0.093666725,-0.093625128,-0.093610227,0.06864991,-0.093666956,0.080657527,0.093191721,-0.093661286,-0.090673298,-0.093667053,-0.09170793,-0.079544172,-0.065281458,-0.093666926,-0.091908693,0.093347184,-0.06956622,-0.093666993,0.093654297,0.078692608,0.09363085,0.092258722,-0.093667053,0.093655147,0.093655862,-0.093356289,0.092621066,0.076137319,0.093663178,-0.079580151,-0.084011078,0.093224771,-0.093666017,-0.030096466,-0.08186733,0.0931409,-0.091484256,-0.093592428,-0.081802271,0.093663298,0.093568362,-0.093491852,0.093628116,0.093561396,0.093147375,-0.093666978,-0.092740357,-0.093667053,0.093657687,-0.093633175,-0.072193615,0.093667053,-0.093660481,-0.084045827,-0.093241431,-0.093652003,-0.089871466,0.091815546,-0.091187991,-0.093497232,0.072834082,-0.087166205,0.093643077,0.0936592,0.093647175,0.093658894,0.057280894,0.092539042,0.093516253,0.093666911,-0.093661182,0.069441937,-0.092183478,-0.092819065
salinomycin,KQXDHUJYNAXLNZ-XQSDOZFQSA-N,D3,-0.07274083,0.049593687,-0.068889059,-0.12377543,-0.102563374,-0.03430317,-0.046678182,-0.071454227,-0.086456999,-0.022278674,0.091236025,0.11665976,0.114439815,-0.116528377,0.007072836,-0.123710774,-0.10505306,-0.103789002,0.118093081,0.029615365,-0.005560113,0.041500501,-0.086190611,0.123449184,-0.064195171,-0.100923322,-0.01578062,-0.073930517,-0.125206739,-0.04228856,0.126187325,-0.125806898,0.124469191,0.103271209,-0.091644071,-0.11037688,0.029568197,-0.061034121,-0.066236578,-0.122757949,-0.114550136,-0.082134835,0.125374466,-0.086254381,-0.081496768,0.065859541,-0.121724278,0.080998659,0.125876531,0.114927344,0.036298458,0.024518251,0.123119548,0.125796825,0.06245216,0.045123871,0.057027962,-0.068321154,0.12632814,0.093687512,0.032873992,0.022491897,0.018759055,0.126174107,-0.067215383,0.011289382,0.127687827,-0.041824065,0.107847437,-0.098891795,-0.007263601,-0.097796582,0.017452519,-0.081419505,-0.101033136,-0.027010445,-0.118135855,-0.123526245,-0.069482103,-0.113555528,0.117128789,0.10368783,-0.106953233,0.068704136,-0.030775674,-0.126324505,0.126913935,0.103972197,0.015764859,0.053491786,-0.082780793,-0.059797641,0.111345939,-0.06259606,-0.042285383,-0.09326084,0.11318621,0.042998962,0.074082524,0.114241526,0.019134851,0.097730018,0.052215468,0.115369506,0.031539042,0.007297084,0.124723554,-0.082129106,-0.12216156,0.126069397,0.08770775,-0.093056016,-0.024554672,0.054711852,-0.122636952,-0.003272151,-0.000550588,-0.12721625,0.106109865,0.047173087,-0.09618476,-0.076017328,-0.07608442,-0.118032113,0.003439986,-0.112996429,-0.110085376,0.07368958
sanguinarine,INVGWHRKADIJHF-UHFFFAOYSA-N,D3,0.096831284,0.021120837,0.023607874,0.119059302,0.040900692,0.053485494,-0.113926396,0.099694416,-0.045497596,-0.010945278,0.025727782,0.045464713,0.120541811,0.106918305,0.030979933,-0.019302962,0.006170979,-0.09090101,-0.113522753,0.124163114,-0.033811435,0.119344711,-0.114734963,-0.020831263,0.104687326,-0.000686674,-0.048576362,-0.064299539,-0.101018317,-0.054668721,0.057147026,-0.073834598,0.124080092,0.059547231,-0.030506866,0.068023957,0.02669155,0.126358286,0.128576651,-0.082490325,-0.084312573,-0.113579117,0.098029248,0.111263745,-0.081112027,0.108700022,-0.047669277,-0.027406774,-0.042992793,0.095581114,-0.106913768,0.011028901,-0.007081465,0.10573706,-0.106402397,0.129233345,0.115147434,-0.081266306,-0.035230435,-0.016462253,0.106497839,0.096741565,0.134674594,0.13327764,-0.116920538,0.067456625,0.132071212,0.118917979,0.008972403,-0.031968698,0.055218469,0.085023679,-0.003859321,0.120980695,-0.117237829,0.022130203,0.080533154,-0.08501929,0.041982759,-0.052085925,-0.047955368,-0.135717332,-0.125978619,0.114634216,0.133507922,0.073212154,0.053279988,-0.091437824,0.092112891,-0.068859845,0.103541769,-0.048766054,0.015564972,-0.13365376,-0.136380315,0.112158671,-0.060710393,-0.110670991,0.058788311,0.057095978,0.130094945,-0.101509713,-0.020027313,-0.116310589,0.122452438,-0.126487449,0.107710108,-0.117731251,-0.052117221,0.092983261,0.103156149,-0.129240021,-0.044153474,-0.081359863,-0.114302009,-0.07993447,-0.136797458,-0.120717086,-0.048772402,0.124241374,-0.031122893,-0.049333297,-0.091999561,-0.043901157,0.059455171,0.065398365,0.041267168,0.117220007
secnidazole,KPQZUUQMTUIKBP-UHFFFAOYSA-N,D3,-0.107229054,-0.129228607,0.0013274,0.090088807,-0.118918434,0.131285146,-0.131753311,0.115661502,0.05250787,-0.082468219,-0.112747535,0.119444884,-0.110013016,0.084868982,0.115267552,-0.043864191,-0.129550382,-0.125008896,-0.016742067,-0.021175055,-0.12170919,-0.01360552,-0.004985988,0.070337281,0.04634732,-0.072267689,0.107549705,0.131837621,-0.001275452,-0.132603988,0.015315051,0.056729887,0.004631837,-0.132502213,0.014929786,0.113073319,0.091453053,-0.032704607,0.120153151,0.123875849,-0.019803919,0.130108342,-0.09813536,0.060345534,0.08548107,0.1191094,0.08481691,-0.008299275,0.132747114,0.130978763,-0.0262814,-0.099308781,0.028118167,-0.067159496,0.005443922,-0.000796275,-0.113378987,0.056547429,0.09359993,0.085323542,0.038518764,-0.069256537,0.128576934,-0.049573421,0.112948805,0.084812544,-0.0609801,0.123557061,-0.084823631,-0.01434284,-0.128553867,0.104264513,-0.062127475,-0.050095186,-0.019379547,0.130949959,-0.130542785,0.063127473,0.130729735,0.048469,0.0287853,-0.131237939,0.029960889,0.005621407,0.022505198,0.078283705,-0.127568632,-0.073265821,0.132964596,-0.045393791,-0.039293498,-0.113425896,0.006263947,0.025514122,-0.12711069,-0.120560929,-0.111360319,-0.045503099,0.014430761,-0.005014379,0.096624218,-0.093924277,-0.110674612,0.083005808,-0.112302676,-0.118260875,0.009835131,-0.101316996,0.114377663,0.113686889,-0.111667931,0.040912561,0.053843066,-0.07066036,-0.062096208,0.047774296,0.012930118,-0.101171605,-0.028296124,0.123149209,-0.04764716,-0.101303287,0.057604343,0.127538145,-0.053992581,0.12616396,0.086051859,-0.06423796
sitafloxacin,PNUZDKCDAWUEGK-CYZMBNFOSA-N,D3,0.009764071,-0.092756808,0.105625391,-0.064813241,-0.084288374,0.118021123,-0.02682296,-0.012592726,-0.130390123,-0.054416619,0.129048422,0.016700277,0.132714733,0.011986461,-0.132718533,-0.13478671,-0.046166755,-0.130959019,0.122682713,-0.028432298,0.121952169,0.111087143,-0.039285276,0.072101064,-0.130456612,-0.135766536,-0.078362182,-0.019320179,-0.130432442,-0.025904572,0.128105864,0.09366899,-0.11166241,-0.009600295,-0.104447231,0.033287246,-0.060299508,0.135808513,-0.052379768,-0.100111112,0.118013531,-0.056421224,0.123721495,-0.064095616,0.110538967,-0.071279041,-0.131433055,-0.037296675,0.132450432,-0.076670468,0.001618321,0.070701994,0.106242932,0.114286594,-0.085616291,-0.105367914,-0.013686714,0.003775549,0.082863376,0.131033733,0.068763085,-0.053503133,-0.068990432,0.05203528,0.033626962,0.086916484,0.064895451,0.055497054,0.008903202,0.087255575,0.048067227,-0.044659995,0.005699979,-0.054113258,-0.111668482,0.002589783,-0.136104673,-0.040438361,-0.103776619,-0.108256102,0.124522254,0.050273545,0.060080022,0.096720859,0.122302145,-0.136047572,0.120425805,0.084420681,0.077031165,-0.122440748,-0.041348871,-0.034836639,-0.059151754,-0.049440939,-0.062325202,-0.069468386,0.107638448,0.107537858,0.134782329,-0.09731213,-0.01402877,0.056566659,0.065029748,0.121603273,0.00125686,-0.117560282,0.061158035,0.098475069,-0.131862834,0.071843863,-0.02340146,-0.134900048,-0.101257175,-0.126168549,0.087973118,0.0027786,-0.026113283,-0.135534614,0.058246415,0.08491572,-0.017229922,-0.040315133,0.081135996,-0.080838606,0.122558489,-0.114777423,0.032782897,0.083426237
sodium salicylate,ABBQHOQBGMUPJH-UHFFFAOYSA-M,D3,0.102062933,0.087910935,0.019981436,0.105594411,0.016184149,0.028213138,-0.07165996,-0.053715546,-0.110564128,0.006041055,0.129557729,0.084253401,0.053377248,0.129843876,0.125846162,0.028756846,-0.110257275,0.006349665,-0.026149679,0.121135086,-0.059891425,0.017614136,-0.098058015,0.097547255,0.042187501,-0.034305971,0.082363598,0.017358853,0.02774555,0.113419749,0.008960463,0.056544751,0.132918835,0.116888791,-0.080279619,-0.004385741,0.108787954,0.043137658,0.128629774,-0.088917382,0.06549532,-0.064944439,0.128740773,0.09034168,-0.033150263,0.103787467,0.120427214,0.036464721,-0.062670633,0.111384876,-0.094893716,-0.086771823,-0.113432735,0.118870951,-0.076072216,0.115899444,0.108615868,-0.121996261,-0.096149489,-0.067206576,0.09609396,-0.045631405,0.129799441,0.098096386,-0.095114984,-0.059624754,0.126721188,-0.040962279,0.07827609,-0.121143766,-0.024583986,-0.000536002,0.038722821,-0.062675774,-0.117284708,0.091833375,0.128977984,-0.075659655,0.052275483,-0.06556157,-0.082979128,-0.130228251,-0.104651384,0.12637496,0.011340464,0.088245004,-0.077538118,-0.126754612,0.128885224,-0.118771598,0.037167162,0.098731801,-0.077516668,-0.070489861,-0.101681411,0.020520855,-0.060434513,-0.129535884,-0.100904167,-0.106462672,0.11588151,-0.103278272,0.10829708,-0.111656196,0.102535784,0.077101134,0.081757665,-0.123245701,0.044995815,0.115670577,0.079543807,-0.031470146,-0.052884374,0.087109566,-0.12715283,0.01108658,-0.078029059,-0.083358996,-0.087086484,0.122826867,-0.059049796,-0.086396642,-0.000664009,-0.057176918,0.021544343,-0.116552055,-0.078098536,0.125801012
sparfloxacin,DZZWHBIBMUVIIW-DTORHVGOSA-N,D3,-0.090771101,0.002241049,-0.039452627,0.12906456,-0.092345312,0.120304734,-0.137734935,0.112764463,-0.139329359,-0.075567149,0.092414334,0.004489781,0.065024637,0.046098005,-0.125479311,-0.111870594,-0.120740578,-0.118223414,0.037357483,0.063753381,0.005999342,0.03551035,-0.077332988,0.084737472,0.067554347,-0.078380458,0.06864962,0.062917121,-0.080252282,-0.079572193,0.118688859,0.013204562,0.081710756,-0.062539846,-0.073421873,0.073095694,-0.024285546,0.126576245,0.007005638,-0.132180139,0.029979158,0.057001311,0.078299105,0.101161279,0.102589719,-0.077932037,-0.066747136,-0.041997731,0.103685401,-0.068614349,0.016136803,-0.11961364,0.027323088,0.101095244,-0.117289104,-0.046924692,0.132558092,0.129474983,0.133136347,0.073233604,-0.019281613,-0.120028041,-0.111622639,0.125394791,0.024313914,-0.083203226,0.095497832,-0.026039504,-0.076294236,0.091504723,-0.028548349,-0.079096548,-0.023242941,0.065613128,-0.089803353,0.079412319,-0.13934125,-0.083668299,0.065175913,-0.020867474,0.10302975,-0.134455606,-0.131462976,0.083546326,0.12608318,-0.139903665,-0.034932915,0.006457546,-0.024108155,-0.135083705,0.060536157,0.127818838,-0.009886423,-0.131807715,-0.063701563,0.073589072,-0.097427376,0.019111164,0.127207309,-0.096642077,0.015002918,0.085357547,-0.079151005,0.062435787,-0.085336983,-0.02149184,0.077865221,-0.081973173,-0.105037689,-0.028362142,-0.03778119,-0.134868905,-0.004685734,-0.021752518,-0.089769013,0.100117035,-0.077573225,-0.130275056,0.12651217,0.060751475,-0.069168799,-0.108954422,-0.127267838,-0.122658312,0.048423871,-0.121156983,0.10606081,0.112819053
spectinomycin,UNFWWIHTNXNPBV-WXKVUWSESA-N,D3,-0.082164474,-0.092819318,-0.020527853,-0.068136498,-0.114241891,-0.098208599,0.067182384,0.053460635,0.029577123,0.077768922,0.106693685,0.07407669,0.118313536,-0.041401844,0.101827487,-0.119332403,0.001678898,0.076649986,0.027602915,0.046339788,-0.102214478,0.118606284,-0.11896231,-0.097348079,0.110178776,0.060203951,-0.11086297,0.01634692,-0.056445401,-0.026489515,0.114892587,-0.120579265,0.086401485,-0.087648891,0.026104737,-0.1192706,0.103139266,-0.096673988,0.001123074,-0.107951418,-0.116782077,-0.11674615,0.114904515,0.111801766,-0.096854411,0.07022129,0.063421905,0.04963997,0.047165062,-0.090701893,0.021734327,0.02981759,-0.067988619,0.089506395,0.006138487,0.000711799,0.087064564,-0.066422373,0.048324965,0.112063296,-0.096702337,0.117062695,0.118468091,0.112079836,-0.096088082,0.113986358,0.118445165,0.089631058,0.118814528,-0.106187046,-0.002961994,-0.111184239,0.003158821,0.103562593,-0.04373239,0.054063313,0.118553206,0.029810002,0.032847039,0.006968519,0.056320664,-0.115995958,0.077740431,0.114810422,0.113802485,-0.06719441,0.073131151,-0.023605743,0.07266745,-0.110988066,-0.115825653,-0.117949165,0.060974568,-0.037926368,-0.112822026,-0.11247433,-0.091174789,0.114289656,-0.095131502,0.051420543,0.117236882,-0.0018049,0.119903497,0.118647255,0.065071069,-0.097752936,0.11947009,-0.109763093,0.092109077,0.120302849,0.038439095,0.01370378,0.098662384,-0.071770817,-0.120537974,-0.056949407,-0.114430115,-0.084238805,-0.101505652,0.115954883,-0.091149651,-0.099162921,-0.098712265,0.044588685,-0.100902028,0.102061838,0.067755185,0.109452553
spiramycin,ACTOXUHEUCPTEW-CEUOBAOPSA-N,D3,-0.007391626,0.087470494,-0.079061262,0.108787075,-0.125332966,0.015943104,-0.138708174,0.01081779,-0.133136883,0.019605359,0.116106823,-0.016504234,0.098440573,-0.110641174,-0.031186687,-0.122859769,-0.063049592,-0.126297385,0.109034903,0.004798506,0.039428871,0.092779018,-0.095971465,0.012367419,-0.030477658,-0.107727878,-0.041092843,0.049179785,-0.140081674,-0.037132282,0.118839353,0.100398377,0.065413862,0.040676635,-0.128887713,-0.01114512,-0.089510694,0.139349595,-0.068273559,-0.141128808,-0.093946755,-0.082066715,0.08105991,-0.036897123,0.115161441,-0.016135382,-0.055701628,0.079302907,0.08042863,-0.06114804,-0.006343329,-0.01000963,0.09627679,0.133161306,-0.055812083,-0.01210957,0.084659301,0.026572214,0.139139771,0.12194027,-0.067268983,-0.05705189,-0.102239862,0.136230394,-0.013201266,0.012257895,0.063139364,-0.072126724,0.130155355,-0.080689356,0.096154302,-0.09241166,-0.049379058,0.012785248,-0.130072698,0.091798328,-0.139330283,-0.110092826,-0.032287136,0.020435501,0.091660932,-0.124022551,-0.115379125,0.129789144,0.097780041,-0.139076039,0.112200454,0.075548351,-0.050717063,-0.05025037,0.052751034,0.108965419,-0.056180723,-0.078927085,0.025322055,0.054762863,0.014498608,0.020929428,0.109440602,0.046871778,-0.002927396,0.131086513,0.087386847,0.040050782,-0.127834633,0.089953184,0.134415194,-5.55e-05,-0.139388606,0.046014454,-0.061032191,-0.138280585,-0.10059005,0.096786901,0.006667853,-0.010677316,-0.028606651,-0.137844861,0.136636809,0.066726789,-0.117193177,-0.114851937,-0.109320775,-0.131549045,0.037837915,-0.118198052,0.077366807,0.036201164
streptogramin b,YGXCETJZBDTKRY-DZCVGBHJSA-N,D3,-0.101430207,-0.105522484,0.028353719,-0.073506474,-0.105214603,-0.012147937,0.10568808,0.047059305,-0.100285292,-0.105753683,-0.059857763,0.105453618,0.031020669,-0.048161805,-0.1008448,-0.105737716,-0.105731778,0.101377316,-0.086823724,-0.097236447,-0.100814857,0.105753742,-0.098130994,0.100691214,-0.044659253,-0.105408333,-0.088660344,0.001662453,-0.09768077,-0.004386226,0.105239332,0.10551697,-0.101020642,0.101667367,-0.073498182,0.091409534,-0.094322868,0.035311028,-0.046849009,-0.098445468,0.102514401,-0.105746977,-0.003106489,0.101988025,-0.024714058,0.059278432,-0.104165234,-0.105512835,-0.080570832,-0.105315797,0.105180159,-0.096154891,0.100330256,0.105749957,0.105751716,-0.1056685,0.096673317,0.055670395,-0.052779067,0.099030748,-0.040578879,-0.105754055,-0.105117522,-0.104793042,0.092483886,-0.086150013,-0.073729381,-0.105748981,-0.064457089,0.105725475,-0.105501376,-0.105237804,0.105732769,0.07865423,0.101715408,-0.075151868,-0.105753995,-0.0504058,0.102116637,-0.105748758,0.100896202,0.005930307,0.090160131,0.021562532,0.04299948,-0.10427615,-0.105668046,-0.085623845,0.104437843,-0.088076808,-0.102467455,0.03435827,-0.097415633,0.080977291,0.10196808,-0.101130731,0.105739877,0.103147358,-0.097112939,-0.105741754,-0.105137683,-0.105322503,-0.000352005,0.00050114,-0.104991488,0.105749309,-0.105704673,-0.060740467,0.105668858,-0.105098553,-0.10461314,0.000836381,0.100188829,-0.058794379,-0.001052226,-0.105752788,-0.001252171,0.104684874,-0.07724984,0.072602913,0.104938947,-0.00919128,-0.070616178,0.050317664,-0.104724891,-0.105691873,-0.097356513,-0.105685204
streptomycin,UCSJYZPVAKXKNQ-HZYVHMACSA-N,D3,-0.105412036,-0.098589897,-0.080496885,0.104311183,-0.106444985,0.109487101,-0.109408617,0.109258935,-0.07788714,0.103578925,-0.047170177,-0.108119771,0.092389278,0.052800406,-0.109544538,-0.093152322,-0.068217196,-0.108392589,0.109441452,-0.094491199,0.078601502,-0.029858286,-0.03302468,-0.051765863,0.104025297,-0.106753252,-0.01248781,-0.012949602,-0.100801304,-0.109176159,0.068973728,0.079731002,-0.103647441,-0.109491937,-0.106039785,-0.047318961,0.041506995,0.10916964,-0.022775048,-0.108988561,-0.072355531,0.105601273,0.033884462,0.100605719,0.106555276,-0.08501415,0.036922801,-0.095310368,0.085202485,-0.040335391,0.109081566,0.080519676,-0.012953739,-0.084311165,-0.109479941,-0.106944919,0.102859765,0.109436221,0.109302945,0.104055248,0.036587853,-0.109030105,-0.107411541,0.076098524,-0.083688751,-0.024993133,-0.106256887,-0.02489976,-0.097305603,0.109353334,0.017126091,-0.10627494,0.080510713,0.099761434,0.090833314,0.109554425,-0.109451756,-0.012811124,-0.030836733,-0.025658499,0.094425507,-0.104457512,-0.073379107,0.109122828,0.109454535,-0.109313138,-0.095147245,-0.027725233,-0.106960393,-0.105641559,-0.014839238,-0.095373891,-0.10017179,-0.101669453,-0.086969934,-0.099746399,-0.10927923,0.092264697,0.108097941,-0.097609557,-0.024489075,0.108630866,0.084527217,0.106746405,-0.10905268,-0.108203523,0.015619922,0.085901216,-0.107114881,-0.088740185,-0.109378137,-0.109079599,0.079982504,0.004773291,0.047514681,0.10746903,-0.060463686,-0.097599879,0.109525606,0.039620783,-0.086918533,-0.10332793,-0.10818062,-0.055855755,-0.087422818,-0.068679973,0.109330609,0.012085889
streptozotocin,ZSJLQEPLLKMAKR-GKHCUFPYSA-N,D3,0.000782314,-0.059511218,0.108565606,0.122474134,-0.120075941,-0.112560332,0.062426697,0.083762057,0.11917913,0.083447538,0.111757934,-0.012514364,0.124351174,-0.101571895,-0.078143112,-0.116994649,-0.019354202,-0.116372682,0.118477851,-0.111905083,0.072582997,-0.017119104,-0.118934222,-0.118285358,-0.060004193,-0.020059677,-0.001346646,0.121418074,0.000390925,-0.07916975,-0.105512746,-0.123600341,0.023634525,0.104973987,-0.075743161,0.087536201,-0.104027323,0.123113401,-0.013574643,0.001811942,0.093092434,-0.11814104,0.032465931,0.111350581,-0.033807706,-0.095464431,0.102080874,-0.120200507,0.088683583,-0.122173227,0.035275068,0.119191885,-0.119977012,0.006772441,-0.040547702,0.035192661,0.08408241,-0.093837343,0.02711444,0.018581426,-0.008888602,0.091944896,-0.107830971,0.115562297,0.069795817,0.104383342,0.009848895,-0.075053081,-0.060204957,-0.035392657,-0.113751598,0.098400466,0.115109541,0.116060041,-0.088265233,0.038676195,-0.062368806,0.107669465,0.039846148,0.068664409,-0.100087136,-0.088304378,0.12007124,-0.071612351,0.124170333,-0.001378586,0.089531362,-0.024639167,0.024437763,-0.123206578,0.084597088,-0.026864022,-0.084533505,-0.07792075,-0.122965887,0.103811696,-0.09732426,0.088986412,0.076261565,-0.122761503,0.123196259,0.024438735,-0.098291419,0.036954835,0.090449877,-0.118977301,-0.052154783,-0.007477815,0.054007042,0.11602436,0.079308927,-0.090892807,-0.114308864,-0.008110692,-0.073056817,-0.110129677,-0.025372116,-0.080447398,-0.122546211,0.119785309,0.122338772,0.099036954,-0.097524591,-0.115628086,0.082234293,0.109035403,0.050425246,-0.101427153
sulfacetamide topical,SKIVFJLNDNKQPD-UHFFFAOYSA-N,D3,-0.035211537,-0.095916629,0.026190575,-0.01750306,-0.096005559,0.09602879,0.095964432,0.091689482,0.088104114,-0.01714935,0.07589215,0.09602879,0.096028581,0.055553757,0.09601596,-0.088548802,0.003499508,0.008587702,0.09602879,-0.09602879,0.0868508,-0.096028559,0.088915706,0.095746651,0.095662333,-0.096028581,0.071118787,0.09602879,-0.054382708,-0.09602879,-0.093217053,-0.095366135,0.096028551,-0.09602879,-0.09602879,-0.022720149,-0.09602876,0.096004263,0.096008979,0.095987193,0.096028738,0.096028753,-0.095637009,0.089339867,-0.077067599,0.039996386,0.09602879,-0.077424325,0.096012838,0.096028745,-0.094577424,-0.095997736,-0.060196273,-0.09602315,0.096004441,-0.096028619,-0.096028417,0.073779814,-0.095116682,-0.096026994,-0.095715307,0.072572425,0.09602879,-0.095959336,0.083897978,0.095325507,0.095963679,-0.087602332,-0.09602879,0.095819399,-0.09602879,0.095414393,-0.064976916,-0.036708556,-0.095953383,0.096027099,-0.096024483,-0.095924184,0.095789641,0.09602879,0.09602873,-0.09602879,0.095472954,-0.09602879,0.096023731,0.095971763,-0.095967956,-0.09602879,0.096005239,-0.095888026,-0.096006133,0.096019529,0.090411745,-0.056185838,-0.09602879,-0.09602879,-0.085108228,0.092675388,0.096014977,-0.096027747,0.096016951,-0.09602879,-0.09602879,-0.09432476,-0.064467341,-0.074362114,-0.095930092,-0.095967874,-0.09548869,0.092530005,-0.054070614,0.09584558,-0.09602879,0.034273382,0.095849618,0.096027866,0.08740823,-0.09602847,0.096028708,0.096022248,-0.096028619,-0.049065396,0.090371534,0.09602879,-0.095737755,0.095852196,-0.09602879,-0.088516474
sulfadiazine,SEEPANYCNGTZFQ-UHFFFAOYSA-N,D3,-0.107023381,-0.080200464,-0.091946147,0.10259328,0.004800021,-0.041546252,0.013797637,0.101198986,0.01175134,-0.107008822,-0.054295164,0.103395998,0.091871679,0.08402016,0.105743632,0.026977608,0.00061254,0.099443652,0.073366761,-0.089589149,-0.025150176,0.107015893,-0.104951613,-0.063187279,0.104403488,-0.096543573,0.022375207,-0.078872792,-0.070726193,-0.094882302,-0.106866375,-0.076646328,0.096519552,0.078049392,-0.104722589,-0.089502603,-0.055534799,0.105591744,0.102510728,-0.106904164,-0.106785029,-0.103706069,-0.046740457,0.104439251,-0.106736816,-0.100476041,-0.099144414,0.10345304,-0.094265647,-0.103132769,0.045786653,-0.034815233,-0.106571361,0.107053645,0.103881396,-0.106656894,0.098656386,0.098176949,0.105774634,-0.015134005,-0.106702842,-0.076169237,0.039561193,0.10592401,-0.101593882,0.106954433,0.095543891,0.094031468,-0.102674901,0.07373026,-0.06527546,-0.106537715,0.081041314,0.106515422,0.095588066,-0.077385068,-0.101816349,-0.106669694,0.1044797,0.028736742,0.102472313,-0.09754312,-0.100983374,0.061508521,0.107053965,-0.086735144,-0.079693235,-0.107026264,-0.05449846,-0.097212054,0.010021705,-0.098673895,0.017367357,-0.106829204,-0.107043892,-0.10681285,-0.106947891,0.093372464,-0.093038186,0.049860466,0.106846906,-0.012786088,-0.032338675,0.104951143,-0.106670439,0.089077435,0.10034582,-0.107024617,0.106910653,-0.06685061,-0.106889442,0.105488554,-0.086824633,0.105579823,-0.103341118,-0.089532383,-0.10690517,-0.087120809,-0.097824253,0.035657536,0.067416221,-0.032006763,-0.106893085,0.098077625,0.018886007,-0.103985585,-0.089580931,-0.023065636
sulfamethoxazol,JLKIGFTWXXRPMT-UHFFFAOYSA-N,D3,0.083124936,0.104999751,0.105378665,0.098507665,-0.105282024,-0.096861504,0.10543327,0.092969671,0.100877792,-0.079662256,0.063349485,0.085307062,0.105444819,-0.049544904,0.10477446,-0.068907239,0.084648088,-0.053110939,0.104955062,0.041821834,0.102761336,0.104897395,-0.105446674,-0.017304769,-0.072661951,-0.101480827,0.10242223,0.097970098,-0.1051348,-0.066271864,0.100318924,-0.105433755,-0.033681843,0.101116315,-0.105304651,-0.103828639,-0.008175928,-0.094604053,0.026188612,-0.038141962,0.05218254,-0.105437845,0.105166353,0.071139991,-0.032926403,-0.088805228,0.093892097,-0.086097911,0.105188698,-0.103565976,-0.105096608,0.105432101,-0.07934498,0.103409663,0.000406791,-0.018058572,0.00751837,-0.105393194,0.089012749,-0.105198443,-0.048901822,0.105349131,0.105372749,0.093748443,-0.097261116,0.099374942,0.065113269,-0.103762731,0.104449615,-0.088553101,-0.101016074,0.104508668,-0.101019256,0.047569148,-0.087325588,-0.04918937,-0.035090908,-0.067099907,0.10261967,0.057974141,0.090867713,-0.103222974,0.063097417,-0.078337051,0.100741372,0.090576679,0.104814515,0.018570067,-0.102436967,-0.105414495,-0.098839425,-0.102446198,-0.105227694,0.104873881,-0.101743869,-0.054341495,-0.057574872,0.105445102,-0.105444677,-0.098057762,0.084547445,-0.104815982,-0.089961313,0.020255921,0.02274161,0.085634068,0.089002177,-0.104942188,0.103112355,0.105010293,0.104002833,0.071350999,-0.105356157,-0.102261946,-0.103381686,-0.0780375,-0.100236483,-0.1049456,-0.040332917,0.102742158,0.104432344,-0.077713169,-0.051167548,0.102845885,-0.104877703,0.104994178,0.020501018,0.094376393
sulfamonomethoxine,WMPXPUYPYQKQCX-UHFFFAOYSA-N,D3,0.101264983,0.101546414,-0.00685193,0.081988186,0.092995055,0.101520143,-0.032611344,-0.100455217,0.026551981,0.096859761,0.101531342,0.101413608,0.10150589,0.101518922,0.101528741,0.099829867,0.096628509,0.07401482,0.101546988,0.072646052,0.094625071,-0.101548828,-0.101522237,0.10154961,0.065958753,-0.101486802,0.070962667,0.101472408,-0.09973225,-0.098133102,-0.094520546,0.035771571,0.10154476,-0.101337463,-0.101549469,-0.02325033,-0.061308265,0.101547539,0.098929122,-0.096980631,0.095476672,0.100451827,0.095240332,-0.075843051,-0.094023623,0.092865966,0.101549208,-0.1001665,0.093685269,0.101544738,-0.099350736,-0.079459377,-0.101383828,-0.095796309,0.061394345,-0.078158945,-0.100885607,-0.075764015,-0.100370936,-0.101541571,0.068249233,0.097317725,0.10154932,0.038995933,-0.100910857,-0.036209814,0.101546846,-0.054670386,-0.10149581,0.083620667,-0.005778234,-0.07143236,-0.093361296,-0.018136436,-0.101543292,0.098222695,-0.046914831,-0.101535805,-0.100152954,0.101546369,0.101461805,-0.101528898,-0.092113361,-0.101145409,0.09732759,0.101118013,0.080616869,-0.097752929,0.08668156,-0.098629139,-0.097945921,0.101441868,-0.099121936,-0.017453324,-0.101459615,-0.082330637,-0.011095769,-0.060952697,0.065198019,-0.09786319,0.101207823,-0.101533554,-0.101213031,-0.10090743,0.101188317,0.101122156,0.056033175,-0.1014954,-0.10152401,0.0974437,0.099166408,0.006230404,-0.101545684,0.092365049,-0.040520471,0.101493813,-0.03872237,-0.101394311,0.101264417,0.098095797,-0.101544783,-0.011408941,-0.047030918,0.101508722,-0.028985733,-0.012391604,-0.101477027,0.100627214
sulfaquinoxaline,NHZLNPMOSADWGC-UHFFFAOYSA-N,D3,-0.103784464,0.097158283,-0.104310013,0.003968937,0.106514238,0.076558225,-0.104364343,0.089443125,0.04274445,-0.073128983,0.013659821,-0.036837175,-0.073222913,0.105995677,0.106497519,0.106351398,0.104992285,-0.051770356,0.104860783,0.018945679,-0.049291976,-0.100704625,-0.096378706,0.1064962,0.096534632,-0.106425464,-0.049958192,0.10651619,0.051393587,-0.0387014,-0.091343932,0.096242048,0.103906661,-0.037932798,-0.105542056,-0.10619998,-0.103497587,0.091768496,-0.094472125,-0.104216695,-0.104007937,0.105839141,-0.10589923,0.099181756,0.060376681,-0.104545064,0.104573779,0.083753116,0.106521226,0.106420346,-0.087516151,-0.105108261,0.006372244,0.075389542,-0.081289992,-0.106426351,-0.053953093,0.08924678,0.106321685,-0.103680588,-0.021672696,0.034145426,0.057335429,-0.106211223,-0.09496294,0.103296131,0.10644684,0.103819095,-0.106517814,0.04840599,-0.104786471,-0.035802715,-0.106504992,-0.019361664,-0.016886957,0.091502495,-0.08386796,-0.106457904,0.105538435,0.096950553,-0.059828036,-0.106466919,-0.103395782,-0.085751422,0.105700478,-0.100257561,-0.098495789,-0.103735454,0.10633789,-0.101254255,0.071186543,-0.024961945,-0.106497839,-0.105817363,-0.106421486,-0.092780262,0.038440995,0.069646135,0.099262796,0.106405959,0.105324097,0.037276234,0.010904436,0.076626077,-0.071696624,0.105950043,0.082241178,-0.106498249,0.048752587,-0.105882287,0.022016644,0.099440195,-0.106155016,-0.071363978,0.085339218,0.045600917,0.040789898,-0.106457032,-0.058692485,0.089259118,-0.102615133,0.096443072,0.096091636,0.101416513,0.10648223,0.105976023,-0.102555446,0.092829101
sulfisoxazole,NHUHCSRWZMLRLA-UHFFFAOYSA-N,D3,-0.078532711,-0.101120465,0.052559711,-0.100936756,-0.099953972,-0.094751932,0.101101182,-0.010638187,0.092101105,-0.100614503,0.093943939,0.097401544,0.099584617,-0.098637328,0.091066957,-0.10108567,-0.003936897,0.065570183,0.100898728,-0.101119556,-0.031834979,0.100316174,-0.101011753,0.015722966,0.059665132,-0.057581328,-0.062335707,0.10108792,0.052426029,-0.082680658,-0.052964281,-0.101083651,-0.101031199,0.097420439,-0.101120666,0.030739663,-0.101111405,0.101115488,0.10084974,-0.094085649,-0.052022148,-0.101120122,-0.047650866,0.101117522,-0.10088294,-0.051924657,-0.096207105,0.016228044,0.095249817,-0.101100169,0.09460067,0.100857273,0.005796081,0.100769803,0.101070598,-0.101120718,-0.098782897,-0.100940257,-0.09966182,0.072628923,-0.100316577,0.098107204,-0.080993593,-0.100804232,-0.088892616,0.10106837,-0.09151224,-0.101073936,0.080219239,-0.101017505,-0.099760436,-0.098929152,0.067895301,0.100787222,0.050141238,-0.086769,-0.101118952,0.100253485,0.101111315,-0.100955829,-0.070383474,-0.099929839,0.10112045,0.084270753,0.100797251,0.031776965,-0.007573782,-0.097723223,0.101114288,-0.101090617,-0.101119407,-0.101110213,-0.099803679,0.099679962,0.098844551,-0.100846305,-0.018528124,0.101059675,-0.096062005,-0.100072436,0.085973993,-0.099700376,0.093921728,-0.063074201,-0.095484614,0.097659469,-0.016434014,-0.083281875,0.1009707,-0.099300392,0.081393749,0.101075768,-0.045375295,-0.100797243,0.10034319,-0.101117596,-0.017759854,0.053979684,-0.078709647,0.099477246,0.099274918,0.101087756,0.100647002,0.101117447,-0.09842822,0.037030067,0.100572839,-0.095863886
sulphamethizole,VACCAVUAMIDAGB-UHFFFAOYSA-N,D3,-0.036703888,0.097974546,0.071015008,0.10036321,-0.05345542,0.102254257,-0.089695007,0.102247506,0.102302879,0.101204127,0.059118494,0.102205046,0.101992287,0.095956795,0.102288879,0.095369108,0.044923782,0.100513384,0.10215091,0.022889365,0.101623103,-0.101968586,-0.101209767,0.10206484,0.101956002,-0.095823176,-0.055580754,0.102267884,-0.06108129,-0.102145426,-0.081549667,-0.076189376,0.102285177,-0.102305092,-0.10231033,0.061802641,-0.093937166,0.102056019,-0.09276811,-0.102307588,-0.102232888,0.086587295,-0.067895986,0.032205071,-0.097621471,0.063966408,0.102311611,0.00893344,0.079291224,0.095053561,-0.095063448,0.045114297,-0.102255471,-0.101893291,0.041548263,-0.100952864,-0.102275431,0.031956457,-0.102306411,-0.102042876,-0.098697439,0.000834962,0.102303654,0.0991598,-0.086907662,0.101725273,0.007923134,0.026183609,-0.094063699,0.024916511,-0.079492696,0.098807715,-0.093786985,0.100727759,-0.085784324,0.102313034,-0.080640115,-0.102305904,-0.034898404,0.102299877,0.102115557,-0.102280088,-0.101216465,-0.088956714,0.102313004,0.099507913,-0.021767618,-0.094764203,0.078873947,-0.102231748,-0.102153465,0.029714188,-0.012352051,-0.1022944,-0.102312371,0.082101986,-0.099980399,0.098901108,0.102128662,-0.091630504,0.102261938,-0.090046264,-0.101787306,-0.101230003,0.011282195,-0.000937811,-0.099933185,-0.102252819,-0.099211253,0.100991927,0.072878882,-0.094034016,-0.101734437,0.101009905,-0.091575123,0.099601835,0.065654568,-0.102309905,0.083392866,0.096865512,-0.102292888,-0.090935558,-0.097216874,0.09961348,-0.101852149,0.088095538,0.059750997,-0.067917056
taurolidine,AJKIRUJIDFJUKJ-UHFFFAOYSA-N,D3,-0.031633884,-0.131909713,-0.037978083,-0.07482595,-0.030704597,-0.08540415,0.05457329,-0.101560667,0.051673714,-0.096675381,0.086034715,0.126863331,0.080537461,-0.033928212,0.097571664,-0.010509582,-0.066596344,-0.054003138,-0.034860656,-0.012208009,-0.124940656,0.127693564,-0.07847178,0.012116349,0.033593368,0.010430515,-0.110617615,0.033136662,0.02480204,-0.057394799,0.050977688,-0.129095718,0.101841949,-0.103001669,0.126845688,0.036807381,0.093838528,0.095941886,0.127760306,0.079152212,0.072361775,-0.062455121,0.069665268,0.114375256,-0.08261995,0.115209058,0.06929075,0.109455779,-0.0164651,0.055102114,0.090299278,-0.073660694,-0.048707996,0.121634103,0.118989781,0.042231187,-0.090082169,-0.111917384,0.111535013,0.080656119,-0.092604905,0.115597121,0.116079889,-0.013775362,-0.084431343,0.131978735,0.112308279,0.089331456,0.104712136,-0.117793299,0.047548078,-0.07828328,-0.013141843,0.074503474,-0.043854613,0.037200477,0.108433507,-0.013797883,0.098985046,0.005850057,-0.109568961,-0.132129923,0.115735576,0.117511153,0.102592498,0.006940841,0.039923619,-0.11678347,0.128990069,-0.073970973,-0.117541499,-0.128796577,0.069045633,-0.059216939,-0.117306776,-0.076341026,-0.012812144,-0.025520962,-0.111218117,0.046163581,0.123974748,-0.053592391,0.119110391,0.09257292,-0.009504868,-0.028330414,0.118071809,-0.130062684,0.114186145,0.112895466,-0.071452081,0.122171789,0.104149818,-0.098697826,-0.120876394,-0.122566581,-0.062602811,-0.001414102,-0.128936589,0.129318222,-0.108411886,-0.012573624,-0.116233893,0.029193493,-0.053684175,0.107350037,-0.007761517,0.115161419
tedizolid,XFALPSLJIHVRKE-GFCCVEGCSA-N,D3,-0.090015598,-0.090015598,-0.090015598,0.086492397,-0.090015598,0.090015598,0.088868015,0.090015598,0.090015598,0.088998601,-0.090015598,0.090015598,0.089957058,-0.090015598,0.090014793,0.090015598,0.08859212,0.090015598,-0.090015553,0.090015598,-0.090015598,0.089993171,-0.090015598,0.090015568,0.090015337,0.090015598,-0.090001136,0.089399308,0.090015598,-0.090015598,0.089496344,-0.090015598,0.063463241,-0.090015598,-0.090015598,-0.090015039,0.090015598,-0.090015598,-0.089856796,-0.090015568,0.071868278,-0.056612,0.090015285,-0.089998394,-0.090015598,0.090015598,0.08939568,0.022142287,-0.090015598,0.090015598,0.090015598,0.090015598,0.089767277,0.090015598,0.0899553,-0.090003416,-0.090015374,0.090015598,-0.049052685,-0.090015598,0.090015598,-0.090015598,0.090015598,-0.090015598,0.090015598,0.089871041,-0.090015598,-0.089932218,0.090015598,0.087318324,-0.090015598,-0.090015598,0.090015598,0.088018797,0.090015583,0.08854299,0.090014689,0.090015598,0.090015598,0.090015598,-0.090014607,-0.090015598,0.090015396,-0.067117944,0.090015598,0.090015598,-0.089851715,-0.08914233,0.090015598,0.090015598,-0.090015598,-0.090015598,-0.090015568,-0.090015598,-0.088692948,0.089114361,-0.090015598,-0.089967795,-0.090014055,0.090015598,0.090015598,-0.088514812,-0.081150718,-0.090015598,-0.090015598,-0.090011515,-0.090015598,-0.090015538,0.090015598,0.090015598,-0.090015598,0.090015598,0.090015598,0.090015598,-0.090015598,-0.090015598,0.090015598,0.090015598,0.090015598,-0.073558047,0.08940348,-0.09001556,-0.090015598,-0.089661188,-0.090015598,-0.088483721,0.090014569,-0.090015598
teicoplanin,BJNLLBUOHPVGFT-CAYRISATSA-N,D3,-0.098595195,0.098576352,-0.094093598,0.098556109,-0.098595768,0.094803192,-0.098595649,0.098595768,-0.094828069,0.090227999,-0.098584585,0.093119025,-0.092613712,-0.070948757,-0.094219431,-0.085640557,-0.098595768,0.098302737,0.081153542,0.083635271,-0.045961674,0.092585295,-0.092010207,0.043775287,0.098095588,-0.012139104,0.095362961,0.081815988,0.077487871,-0.098538429,0.098468892,0.098595664,-0.013689661,-0.098556608,-0.098254837,0.097490117,0.098593198,-0.09859474,-0.097768165,-0.098587573,-0.098546334,-0.043436971,0.078483105,0.031209188,0.098103367,0.09851791,0.089099973,-0.098584205,-0.097162873,-0.046316002,0.09857747,-0.09857551,0.047053892,0.080457538,0.078677654,-0.098594807,0.096439369,0.098595724,0.003026632,-0.03895282,0.01593636,-0.098595768,0.028733876,0.089777097,0.098595686,-0.096694998,0.021679666,-0.098528348,-0.09822505,0.098593324,-0.098595709,-0.087604284,0.098595619,0.098551981,0.096390232,0.098587215,-0.098586731,-0.096993521,-0.087176003,-0.096399345,0.098595537,-0.096079551,-0.098595172,0.083431773,0.098358721,-0.095165998,-0.098595649,-0.095792547,0.085930184,-0.053011581,0.01057079,0.089504778,0.085732631,-0.098043777,-0.092877597,0.096717745,-0.092833333,0.096105069,-0.083105132,-0.098592438,-0.098262377,0.094325311,-0.098369546,-0.062640324,-0.098593399,0.083868101,-0.098588511,0.098541617,0.097421564,-0.049610309,-0.098594651,-0.098588601,0.098595314,0.05922088,-0.061159566,-0.078233764,-0.093207121,0.07093668,0.097689584,-0.035914853,0.094898365,-0.098595731,-0.097423546,-0.097850025,-0.098160103,-0.097842224,0.09839765,-0.098555692
telavancin,ONUMZHGUFYIKPM-MXNFEBESSA-N,D3,-0.10061384,0.085682452,-0.100179613,0.100183405,-0.100663565,0.100598253,-0.10067071,0.100666709,-0.098971464,0.100666597,-0.1000439,-0.08794082,-0.099939398,-0.046627536,-0.098157875,0.042295363,-0.100632757,0.068874702,0.093830757,0.100608543,0.090783983,-0.089424543,0.096752979,0.059688866,0.100518741,0.078573093,-0.07422062,0.014887895,-0.096066341,-0.100649513,0.038170855,0.100440711,0.049850237,-0.100666203,-0.099245057,0.089765377,0.100563847,-0.10066583,-0.100185052,-0.100643069,-0.100557417,0.100431465,-0.067765929,-0.092747919,0.098628193,0.028714694,-0.040511422,-0.095447898,-0.093460634,-0.04012708,0.09926039,-0.088339098,-0.090566523,-0.098166108,-0.098794512,-0.090086743,0.09635596,0.100669615,0.093069665,0.094741009,-0.010089796,-0.100664951,-0.086685978,0.100532733,0.099414714,-0.100627467,0.022841329,-0.047458433,-0.059925333,0.099644311,0.058508713,-0.071639568,0.062013756,0.100598894,0.100100026,0.100666948,-0.100666434,-0.100309961,-0.100496568,0.093037985,0.100668393,-0.099162526,-0.100666396,0.100647539,0.079081438,-0.100509301,-0.088645168,0.09536159,-0.054792184,-0.024628708,-0.096569948,-0.018463759,0.097434901,-0.097508967,0.003429954,0.100668095,-0.100504801,-0.00278672,0.097064927,-0.088111632,-0.100296535,0.100592382,-0.087567098,-0.035242684,-0.100669742,-0.100345679,-0.100077115,0.100564174,-0.099410564,-0.083659872,-0.100667648,-0.10067071,0.100670651,-0.05103017,-0.00737727,0.087245546,-0.072243609,-0.096282788,0.100645319,-0.099279374,-0.086166985,-0.100669958,-0.100659199,-0.100665666,-0.100046232,-0.091501229,0.100664891,-0.039631438
telithromycin,LJVAJPDWBABPEJ-PNUFFHFMSA-N,D3,-0.101748742,0.081276655,-0.008213473,-0.105891682,0.000193699,-0.092083335,0.107005872,-0.102055177,0.046418745,-0.1042713,0.105303951,0.107012339,0.105981089,0.074314304,0.088805459,0.041975673,-0.029545862,-0.032245502,0.107002862,-0.106706448,0.105008081,0.085814692,-0.106990382,0.107110865,-0.054729633,-0.107111819,0.084669583,0.058808204,-0.106840096,0.106236078,0.097815447,-0.103671126,0.097064145,0.106605634,-0.106857181,-0.106992267,-0.028297363,0.101664357,-0.095990591,-0.101851344,0.097798459,-0.081892803,0.085923754,-0.10680858,0.053483669,0.079584166,0.012664109,-0.076584205,0.10701631,-0.03894097,0.081066422,0.000458623,0.04412723,0.107106015,0.10541977,-0.107085794,-0.093747608,-0.10658247,0.106069177,0.106968306,-0.063638732,0.062200695,-0.101869367,0.07097771,0.032007396,0.107108906,0.104621962,-0.030785644,0.014237216,0.098643385,-0.095316261,-0.107106298,0.059752926,-0.106796257,-0.098918863,-0.106358193,-0.107073717,-0.102884218,-0.098597236,0.082020685,0.107074574,0.104629979,0.028283067,0.055038411,-0.024793277,-0.107111454,0.10700772,0.050181031,0.098881476,-0.065829277,-0.105643541,-0.071149059,-0.052669123,-0.038569961,0.102460891,-0.107002288,0.107109778,0.105755582,-0.088483907,-0.096760757,-0.083749436,-0.100699745,-0.055677366,0.1068267,0.081148185,0.106979899,0.094054915,-0.106277697,-0.095407307,0.09917967,-0.026200147,0.066262282,-0.092625275,-0.045314547,-0.106443591,-0.09940362,-0.067321107,-0.106778726,0.092101254,-0.052301377,-0.107001208,0.09932255,-0.104287222,0.078633547,-0.005644876,-0.104626454,-0.106183179,0.085333422
temocillin,BVCKFLJARNKCSS-DWPRYXJFSA-N,D3,0.078808486,-0.098192453,-0.045566171,0.086133011,-0.098275989,-0.097434856,0.098287702,-0.098198675,0.090876505,-0.098287828,0.098251477,0.098286852,0.098287031,-0.018870821,-0.07334467,-0.094406463,0.04915433,0.096596539,0.095803738,-0.09783297,0.07827469,0.098287798,-0.098287307,0.093884699,-0.096497588,-0.098287582,-0.097955078,-0.097644135,-0.092811756,0.095638253,-0.021913694,-0.098065853,0.083614543,0.098264031,-0.098267533,-0.096724376,-0.097432949,0.098226063,0.065144174,-0.098052755,0.098237865,-0.098287843,0.097240783,0.09723793,-0.098285951,0.068065085,-0.082267329,-0.095453538,-0.097962037,-0.098274745,0.098199822,0.073072806,-0.096850961,0.098287202,0.098287851,-0.09420187,0.096224464,-0.097573794,0.092597909,0.02004713,-0.093392365,-0.097989157,-0.091590054,-0.078162931,-0.005209128,0.095961176,0.097096413,-0.0982619,0.097933933,0.090620607,-0.095029026,-0.098270677,0.098267943,0.091843642,-0.092680551,-0.098068587,-0.097939253,-0.01694262,0.096709929,-0.09828303,0.095886841,-0.051477734,0.0918869,0.094090372,0.097425528,-0.096919313,-0.051286317,-0.097558297,0.093778692,-0.014698301,-0.093345135,-0.086775221,-0.097663753,-0.032078959,0.09498059,-0.077550143,0.098261066,0.025176127,-0.097853407,-0.098287635,0.095238201,-0.098076627,0.020490481,0.058268469,-0.097208254,0.098282151,0.056109417,-0.098287359,0.097715028,-0.035248861,-0.095494568,0.097933628,-0.092711717,0.0982638,-0.097990133,-0.098287828,-0.070967421,0.098034874,-0.089349121,0.029636919,0.046207633,0.084804893,-0.098219231,0.038298815,-0.098267019,-0.098283961,-0.098242238,-0.097902462
thalidomide,UEJJHQNACJXSKW-UHFFFAOYSA-N,D3,-0.106134288,0.108858652,-0.108186275,0.102598533,0.109511845,0.109541044,-0.109640047,0.105634585,-0.104670666,-0.106418699,0.043341622,-0.100972489,-0.064458065,0.109645583,-0.010969322,0.109426536,0.10439299,0.058129691,-0.020735221,0.104758412,-0.106038846,-0.070360154,-0.073928989,0.101129241,0.102682106,-0.108263448,0.034836467,0.090762869,0.075310998,0.08528243,0.01757317,0.109415628,0.108493261,0.058214612,0.06291797,-0.066674337,-0.001054891,-0.051338185,0.001786885,-0.107135996,-0.099257842,0.104781136,-0.037872467,0.107587218,0.079583012,0.028475575,-0.007115973,-0.087561339,0.101709463,0.106422015,0.084427863,-0.109496921,-0.083179474,0.107861273,-0.102256298,-0.109430544,0.107588433,0.109655127,0.108963884,-0.091172844,0.104301251,-0.105242811,-0.095520332,0.021226037,-0.103420839,0.05188879,0.109658487,0.097744651,-0.109663844,0.109630212,-0.101974458,-0.109447606,-0.107602179,0.099328041,0.109286785,-0.015550981,-0.105505086,-0.109065801,0.106508046,-0.048583489,0.107187189,-0.1087768,-0.10963349,-0.023551811,0.107779957,-0.107918702,-0.109345101,-0.108544618,0.053936124,0.020644337,0.108695559,0.023373522,-0.102476105,-0.109496556,-0.109525599,-0.061580244,-0.084284045,0.088004351,0.096128389,0.082812026,0.067131534,-0.028725367,0.10790389,0.100746229,-0.04545483,0.09364184,0.061430734,-0.101315968,0.089342244,-0.099890947,-0.03278945,-0.103816867,0.055607155,-0.097661883,0.003294024,0.063857749,-0.109176353,-0.106903046,0.023197131,-0.0090348,0.06713707,-0.054350339,0.099056318,0.039889906,0.109602697,0.097410537,-0.006415524,0.066332743
thiamphenicol,OTVAEFIXJLOWRX-NXEZZACHSA-N,D3,0.01579353,-0.110790171,0.020777786,0.092149846,-0.112458035,0.050912943,-0.111873306,0.110390775,0.112463623,-0.009333855,0.062917158,0.110989876,0.109717041,-0.110536382,-0.09798269,-0.032706849,-0.111968204,-0.09115272,-0.111804195,0.10709516,-0.101137541,0.104750015,-0.089157619,0.0712023,-0.108514898,0.046999391,-0.052489635,-0.033263218,0.112275541,-0.101000376,0.101007432,0.027178481,-0.108661667,-0.078340821,-0.108120337,0.11251127,0.107852928,0.113147095,-0.001036371,-0.108243123,0.1106093,-0.070926569,0.104860157,0.065905325,-0.023133796,0.112480603,0.04786358,-0.074727878,-0.093477584,-0.01181077,0.108831711,0.1090803,0.071201116,0.106526196,0.016174005,-0.028315812,-0.080401726,0.022355899,0.053352248,0.033034865,0.11223679,-0.110936105,0.009674945,-0.09539558,0.099072866,0.024622554,-0.112695038,-0.067654349,0.113095097,-0.107619807,-0.090596452,-0.088573374,0.071137376,0.106958315,-0.111333884,0.012274531,-0.093785465,0.111772627,0.112405352,-0.107340366,-0.112455145,-0.112211652,0.059245199,0.111827448,0.091753535,0.039527778,0.068137951,-0.034540225,0.113047294,0.047023565,0.067817494,-0.112584412,-0.112345994,-0.108166501,-0.012646699,0.096057907,0.077338949,-0.10857442,0.02917256,-0.013386029,0.106080204,0.089506954,-0.008756245,-0.111453064,-0.105828986,-0.081094734,0.080649532,-0.087099284,0.100113571,0.096440963,-0.033738855,0.056862645,0.112461157,0.090420596,-0.110160448,-0.113020502,0.101429753,-0.003710692,-0.104738936,0.077231571,0.107848689,-0.0948186,-0.112677641,-0.076466627,0.111389838,-0.08851289,-0.010662823,-0.112046689
tiamulin,UURAUHCOJAIIRQ-QGLSALSOSA-N,D3,-0.095393866,-0.096573547,-0.096573658,-0.096555158,0.096378788,-0.091382585,-0.096307114,0.095721513,0.092994295,0.087679811,-0.096570581,0.0256451,-0.096538402,0.032213092,0.095174514,0.002202463,-0.035853621,-0.092451759,-0.09647578,-0.084442995,-0.096574031,-0.019120621,-0.052910496,-0.096384868,0.096533224,0.096574031,0.09424451,0.094427697,0.096574031,-0.095953174,-0.096256569,-0.039517768,0.086349078,-0.096573986,0.09637659,0.090934165,0.063320518,0.096426338,0.096237071,0.09636388,-0.084960714,0.096573353,-0.096468724,0.09657307,-0.090903975,0.096482098,0.096202925,-0.081689663,0.036952484,0.009644918,0.096085191,-0.0965712,0.096460618,0.084121898,-0.096474424,-0.093840733,-0.096566729,0.096378706,0.074773803,0.094364844,0.096494623,0.096449234,0.003793594,-0.096573994,-0.09414538,-0.084875368,-0.096135274,0.096281275,0.096573807,-0.096573964,-0.095421307,-0.009883291,-0.094863012,0.094617739,0.031606827,0.090071112,-0.096294902,0.096573643,0.096574031,0.096573181,-0.096574031,-0.080227606,0.093431182,0.053442985,-0.08913558,0.094310038,-0.096555091,-0.088575646,0.096573643,0.096227162,-0.019334545,-0.096007973,0.095673658,0.068783373,0.085556366,-0.096536428,-0.096571311,-0.096572474,0.096558161,0.096572958,0.093352266,0.09635102,0.096566245,0.058732372,-0.096486636,0.096043952,0.096556604,-0.095803909,0.096236482,0.017234555,-0.096337467,0.096573897,0.096574001,-0.02189225,0.095138267,-0.096544325,0.096568927,0.096532978,0.092040293,0.096573941,0.088943012,0.093860038,0.096569709,0.096573986,-0.096561812,0.094364643,0.096573912,0.095750585
ticarcillin,OHKOGUYZJXTSFX-KZFFXBSXSA-N,D3,0.072372511,-0.096534021,-0.09641628,0.090166353,-0.096514441,-0.096550725,0.096551701,-0.096518077,0.096425913,-0.096551433,0.096410617,0.096550927,0.096537836,0.057863876,-0.085494183,-0.0783033,-0.050151877,0.096544445,0.075061604,-0.094428666,0.038962293,0.096551701,-0.096548177,0.083786905,-0.090181053,-0.096546568,-0.096484527,-0.096161164,0.05391375,0.095849991,-0.090362683,-0.088580906,0.018934019,0.096551538,-0.096527457,0.058076426,-0.095868364,0.096516587,0.071587414,-0.096515097,0.096476041,-0.096551701,0.013167488,0.096518524,-0.09655115,0.087588631,-0.070909955,-0.094490811,-0.096550271,-0.096551664,0.096550316,0.051070802,-0.096520081,0.096551612,0.096551701,-0.094743833,0.095290914,-0.095928892,-0.080265053,0.074414507,-0.093947902,-0.09652739,-0.095196776,-0.096137509,0.064405687,0.093910687,0.079713844,-0.096550487,0.096236855,0.049733236,-0.096433505,-0.096548282,0.096541904,0.096223719,-0.093165256,-0.096348308,-0.096444607,0.037657704,0.095146298,-0.096545734,-0.025541998,-0.069052041,0.096325576,0.095097333,0.096323967,0.013112715,-0.096243203,-0.096492775,0.093963161,-0.083393678,-0.091228694,-0.096152209,-0.096520722,-0.081681989,0.096324816,-0.07606408,0.096538357,-0.084176421,-0.096268274,-0.096550219,0.09316083,-0.096530981,0.089003757,-0.094439484,-0.091564111,0.09655156,-0.066341795,-0.096550547,0.096550442,-0.096134812,-0.033301283,0.096497923,-0.087733582,0.096541442,-0.095657066,-0.096551701,-0.072218977,0.096550748,-0.096536987,0.07246241,0.095839903,0.095791064,-0.095859304,-0.032760847,-0.096521065,-0.096551389,-0.094177119,-0.096542872
tildipirosin,HNDXPZPJZGTJLJ-UEJFNEDBSA-N,D3,-0.082703754,0.070484199,-0.060834058,-0.026500721,-0.095374189,-0.102718815,0.023581138,-0.042366683,-0.070071973,-0.114480644,0.118534811,0.111377165,0.115381472,-0.107432812,0.045472298,-0.114675127,0.011734559,-0.004620243,0.110099025,-0.026609477,-0.048605889,0.120837033,-0.121758409,0.002834293,0.056625787,-0.109155983,-0.09248399,-0.114194602,-0.120616287,0.07963226,0.1158287,-0.11576698,0.087412871,0.106069826,-0.11108841,-0.117341861,-0.049626987,0.119381025,-0.018193921,-0.122026145,-0.092884302,-0.120613329,0.12057437,0.008324014,-0.106201649,-0.010757484,-0.086306997,0.039768659,0.059648108,0.062457792,-0.044328339,-0.022530241,0.072001442,0.121549636,0.068394452,-0.055908069,0.092890896,-0.047397919,0.121260956,0.047704626,-0.022306696,0.028217992,-0.069622017,0.12177366,-0.118207186,0.06688571,0.121338211,-0.074341103,0.119202442,-0.083223574,0.071282543,-0.12085212,-0.077732235,0.081652164,-0.114000723,-0.038244203,-0.097931169,-0.083866298,-0.029784787,-0.043839172,0.107886285,-0.070366524,-0.09919855,0.114388347,0.094341382,-0.121898018,0.116963185,0.038911343,-0.071828075,-0.095536403,-0.097403921,-0.085475937,0.005782226,-0.110130399,-0.069408424,-0.089307413,0.054918218,0.077620231,-0.049144011,0.112175211,0.079947665,0.08656244,0.108935051,0.104063906,-0.112216398,0.117466927,0.121927686,-0.106064208,-0.118240304,0.099522337,-0.012840467,-0.030823851,-0.090232372,0.115790337,-0.116215512,-0.059058283,-0.08299417,-0.118356854,0.113076568,0.058509529,-0.114617817,-0.021263679,-0.110742852,-0.105011724,-0.01196295,-0.104225129,-0.008523106,0.063341811
tilmicosin,JTSDBFGMPLKDCD-XVFHVFLVSA-N,D3,-0.095736451,0.062027823,-0.066926852,0.009795773,-0.10571669,-0.104491375,0.010970733,-0.021252284,-0.087235138,-0.108354345,0.118005052,0.111611381,0.114392318,-0.106803365,0.027515681,-0.11578995,0.016925724,-0.032240596,0.110703342,-0.035761781,-0.014165567,0.118473373,-0.119080424,-0.007997275,0.066631421,-0.110590778,-0.09038011,-0.112776741,-0.118653156,0.025017818,0.115927652,-0.116289407,0.073631994,0.100990675,-0.113520078,-0.117215708,-0.039795052,0.117127538,-0.008941763,-0.119183227,-0.095976532,-0.118723333,0.118205406,-0.005331708,-0.108601734,-0.043583848,-0.100444481,0.046324462,0.076211087,0.022107909,-0.028858162,0.009228025,0.068417341,0.119038247,0.003987904,-0.069762148,0.104742117,-0.007712886,0.119047515,0.050936278,-0.035318147,-0.009731944,-0.065329149,0.119141005,-0.115922727,0.092293166,0.118044123,-0.060216263,0.116881542,-0.075542472,0.068486817,-0.118660711,-0.076796748,0.091413163,-0.113307588,-0.047120836,-0.106178075,-0.064112708,-0.067992955,0.005892907,0.114242345,-0.041272417,-0.094473287,0.110914133,0.107349716,-0.1191907,0.117300749,0.010105816,-0.075704344,-0.095661364,-0.100839868,-0.08361847,-0.0117328,-0.109564222,-0.095179185,-0.095425054,0.028456388,0.100209333,-0.061269533,0.10937576,0.099120185,0.092338845,0.111264683,0.10647583,-0.114842303,0.111327037,0.11914701,-0.099298373,-0.116923466,0.087049007,-0.015494732,-0.046002179,-0.102900095,0.11631728,-0.116256945,-0.030423129,-0.097672634,-0.116174854,0.115062632,0.084013171,-0.113104962,-0.045591261,-0.108151436,-0.100282468,0.004606311,-0.104420908,0.013904942,0.05213917
tobramycin,NLVFBUXFDBBNBW-PBSUHMDJSA-N,D3,-0.08825364,0.090130337,0.089451388,0.063936569,-0.101537615,-0.100469202,0.08127784,0.059584387,0.092102602,0.101478167,0.091076218,-0.026577149,0.101554751,-0.101523295,0.097307675,-0.101324998,0.095269047,-0.010400357,0.101348914,-0.084225908,0.097928762,0.099807911,-0.101509221,-0.101104021,0.097093903,-0.008274445,-0.072186992,-0.08165665,-0.101551048,-0.065000027,0.100955792,-0.101556681,0.043056149,-0.085870057,-0.073578119,-0.101556584,0.096141785,-0.087023221,-0.101113334,-0.101032935,-0.101104073,-0.101230092,0.100210585,0.021229887,-0.074627198,-0.091067061,0.086912572,0.084998704,0.100487806,-0.099969722,0.092155643,0.101403445,-0.100791626,0.02983249,-0.079950958,0.075997852,0.1011144,-0.083966844,0.10020712,0.095474958,-0.090364642,0.098558888,0.065157488,0.101556003,-0.016703116,0.100535795,0.100435019,0.065839186,0.101546839,-0.013620227,-0.057095435,-0.045286283,-0.05849142,0.101205267,-0.022992229,0.092713669,0.100730516,0.069095895,-0.101080656,0.090663351,0.101212546,0.041508179,0.085250191,0.101514563,0.100733392,-0.101082966,0.101506628,0.055063117,-0.100808643,-0.091628462,-0.099860027,-0.101550482,0.098867081,-0.028502971,-0.099169694,-0.062713742,-0.100677058,0.10155195,-0.094608516,-0.062667578,0.097305231,0.100634329,0.101054132,0.101552829,-0.098759383,-0.100724176,0.101057142,0.00928724,-0.098553754,0.101535685,-0.099805892,-0.022525895,-0.081754893,0.088768788,-0.101466388,0.100399218,-0.089248106,-0.100605555,0.100689873,0.092243083,-0.095964469,-0.101271585,-0.101186246,-0.100549988,-0.101489387,-0.003617619,0.092325568,0.099165395
triclosan,XEFQLINVKFYRCS-UHFFFAOYSA-N,D3,0.11918214,0.104708843,0.064129852,-0.05742272,-0.110633016,0.131000802,-0.107289635,-0.057753917,-0.118520342,0.121156745,0.061961267,-0.001403704,0.133735731,0.04009391,-0.078064255,-0.073381893,-0.094847672,0.031688046,0.099967673,0.119193546,-0.019740148,0.03184928,-0.104857057,-0.125329688,-0.074679926,0.048827622,0.010374718,-0.130006745,-0.068101235,-0.073977582,-0.036474288,0.079952925,-0.112768114,-0.015837004,-0.133928716,0.121464677,0.068451256,0.128739581,0.123289794,-0.134057671,-0.055318732,-0.04529034,0.079661526,0.113887191,0.022274598,-0.03134463,-0.111525781,0.133949324,-0.128799051,-0.002383709,-0.071027242,0.068759553,-0.068936169,0.011758889,-0.052984636,-0.109424159,-0.011979601,0.112804845,0.073260821,-0.097696066,-0.04118634,-0.088373713,0.103214741,0.096084669,-0.113416567,-0.113629825,0.093753785,-0.092810012,0.124146007,-0.077118784,0.095884897,-0.008257866,0.037288554,0.107336044,-0.110417411,-0.030418953,-0.079488315,-0.125145942,0.058574967,-0.125466362,0.099972263,-0.066242553,-0.111109927,0.074750163,0.126217052,-0.026171429,0.131462723,-0.121610962,-0.010421282,-0.012974334,0.002625318,0.080110885,0.116778702,-0.087049164,-0.123884961,-0.012819045,-0.115385614,-0.076863922,0.078136101,-0.098249778,0.093231447,0.12211284,-0.095983259,-0.088139392,-0.094601743,-0.023333451,0.129836351,-0.114559509,-0.053575449,0.039628759,-0.120655067,-0.07760638,0.094073102,0.128017396,0.050632823,-0.007616425,0.055744138,-0.037041161,0.087415084,-0.085886016,0.026165212,0.038530178,-0.074395306,0.02319335,-0.094300918,-0.128469586,-0.022171516,0.089302033
trimethoprim,IEDVJHCEMCRBQM-UHFFFAOYSA-N,D3,0.093301862,0.098611534,0.098591179,-0.098460153,-0.097658403,-0.098526187,0.095348254,0.050768074,-0.094467439,0.096280441,-0.098161094,0.087903351,-0.096645921,-0.034645814,0.098469295,-0.09859179,-0.098586157,0.093576729,-0.098514214,0.098473281,-0.094235584,0.09861128,-0.065436006,-0.094776079,-0.033359583,0.098517433,-0.004660374,-0.083321951,-0.098352149,0.0985047,0.098614052,0.092380814,0.097962201,0.094058059,-0.092779249,-0.074115701,0.098594964,-0.098594174,-0.090676375,-0.098330937,-0.098614052,-0.098613985,0.098562382,0.077176526,0.098575011,0.063310131,-0.098434545,0.0985092,0.098323688,0.029791463,-0.098169416,-0.017992213,0.098437265,-0.089350872,-0.090967506,0.0857241,0.098604806,-0.098494604,-0.09861353,-0.091209166,-0.098609939,0.004918389,0.098603711,0.072498813,0.097991288,-0.098571487,-0.09619832,-0.098611183,0.098560907,-0.098611519,-0.096338205,0.098609827,-0.005759377,0.098608017,-0.031088354,0.09861318,0.098600313,-0.097330011,0.005480207,-0.098613136,-0.087218553,0.095537923,0.042807978,0.098610774,0.085864328,0.098612256,-0.098426796,-0.09824121,0.039057158,0.027483994,0.096474938,-0.097337984,-0.073627815,0.059749331,-0.097698525,0.049788464,-0.071601696,0.088303223,-0.098542713,0.01468575,-0.098081663,0.084928617,-0.08846207,-0.083115883,0.09819264,0.097961731,-0.043098837,-0.089908756,0.098612778,0.098418593,0.098219275,0.010354377,-0.088568285,0.086939774,0.09456858,-0.092584066,0.09750174,-0.091449499,-0.098604098,0.098609909,0.096636921,-0.098614052,0.093569778,-0.063799329,-0.098505326,-0.097993433,0.097968243,0.098527513
tulathromycin,GUARTUJKFNAVIK-QPTWMBCESA-N,D3,-0.094709083,0.088930205,-0.09360227,0.138504028,-0.054328602,0.066069223,-0.138867125,0.115858309,-0.024978962,0.02312845,0.088930897,0.063449293,0.106717005,-0.005350335,-0.023590781,-0.09426491,-0.126480877,0.006037367,0.102328978,0.073951386,-0.010873406,0.032436032,-0.125703335,0.098204009,0.105051339,-0.043993939,-0.017621621,-0.00447297,-0.125819758,-0.063973643,0.126858652,0.037492771,0.113331445,-0.018358247,-0.111718066,0.045442756,-0.031058181,0.135986462,-0.021242926,-0.140238002,-0.12274427,-0.06550777,0.116441704,0.010972858,-0.065143622,0.025618868,0.048715692,-0.114565022,0.098222621,0.015384542,0.020251993,0.031644497,0.063542478,0.117362969,-0.085251994,-0.069078632,0.084326595,0.11444021,0.099943615,0.025011279,0.090410218,-0.111741491,-0.093317136,0.137375459,-0.079145484,0.051524572,0.075241134,-0.017425239,-0.02610209,0.054545231,-0.047424834,-0.109086104,-0.016586278,0.078417055,-0.078858465,0.123922989,-0.135240078,-0.132340133,-0.014461925,0.020697981,0.097931512,-0.112905227,-0.134215698,0.111507744,0.128846988,-0.139616102,0.051825747,0.072747059,-0.075815745,-0.125837624,-0.088601723,0.052004319,-0.096912459,-0.127853602,-0.120415933,0.048862785,-0.099597298,0.076536022,0.081788518,0.002611906,0.091266677,0.100534871,0.067363173,0.027818969,-0.117920451,0.07497181,0.094108254,-0.117938459,-0.132533774,0.105292223,0.019057907,-0.123767547,-0.041043233,0.085915104,-0.130119145,0.067426212,-0.028953029,-0.137557462,0.115531325,0.090035208,-0.12370944,-0.102316961,-0.102915987,-0.06826441,-0.031648263,-0.017056203,0.112497546,-0.051091492
tunicamycin a,MEYZYGMYMLNUHJ-DIRMKAHISA-N,D3,-0.073946506,0.115051828,-0.111928582,0.117023356,0.02351083,-0.093121998,-0.119391531,0.088940941,0.028794974,0.112275206,0.037781049,-0.049849883,-0.020965697,0.053289417,-0.026529377,-0.099661589,0.054788612,-0.057137452,0.093559518,0.112835944,0.088592321,-0.102002025,-0.077785149,0.039870851,0.10357663,0.087485254,-0.116736382,-0.091073401,-0.11669533,0.018714281,0.005838131,-0.091158301,0.119369373,-0.034438692,0.040790338,0.009955559,-0.108884946,-0.046054758,-0.11838942,-0.119242832,-0.07426203,0.035011131,-0.111262545,0.01635107,-0.101317734,-0.10896451,0.117945231,-0.051165242,-0.08338356,-0.105223447,0.087598667,0.021997293,-0.118376568,-0.109168172,-0.105796158,0.118653484,0.107251957,0.011799525,0.108559355,0.030851616,0.067484818,-0.030907121,-0.089527272,0.119898267,-0.078165218,-0.061656546,0.080976531,0.019876622,-0.029827323,-0.088296123,0.115557499,-0.045982186,-0.029320553,0.107048161,-0.041448589,0.104801923,-0.012731019,-0.117249228,-0.119156294,0.108407252,0.108385116,-0.118755929,-0.114897996,0.113148764,0.086471535,-0.104097314,0.084745705,0.070412412,-0.113345914,-0.111573212,-0.111071602,0.09111651,0.082981318,-0.114649832,0.063569874,0.119830549,-0.085735865,-0.10327667,0.115525156,0.102309234,-0.092335947,0.111824565,0.025062336,0.07132595,-0.053689048,0.029651547,0.05705164,0.098311231,-0.11864116,0.074455336,0.023444025,-0.119761132,0.048426636,0.113525517,-0.115209915,0.098604128,-0.006525103,-0.117912225,0.116294242,-0.107183225,-0.116060898,-0.06144321,-0.116169602,-0.119843125,0.04349646,0.048535064,0.099857502,-0.0134329
tunicamycin c2,NKDRZEIENXWUCE-VDIUWDQWSA-N,D3,-0.1024848,0.105018623,-0.103961855,0.105050266,-0.048002623,0.09574426,-0.105161481,0.09229403,-0.093658313,0.105081633,-0.088008545,-0.101801045,-0.099631436,0.065975167,-0.019291401,-0.088681355,-0.032857995,0.029340826,0.091902249,0.103130147,0.104845844,-0.10507369,0.011516756,0.103542402,0.100514412,-0.10068389,-0.09194205,-0.093029149,-0.105025552,-0.095515281,-0.033458475,0.088355243,0.104922675,-0.01081517,-0.022487562,-0.005666362,-0.102878153,-0.058234163,-0.105053559,-0.105073139,-0.102729566,0.103433453,-0.101314545,-0.077265017,0.073343344,-0.10357862,0.101233833,-0.100543417,0.046998981,-0.094691724,0.099576287,0.071615055,-0.102404922,-0.104057312,-0.105015174,0.090930529,0.089385249,0.102578513,0.104439929,-0.060675938,0.032507487,-0.078075014,-0.100115627,0.105157241,0.029447842,-0.096819662,-0.029881602,0.090427443,-0.095982075,0.068651602,0.103908129,-0.083095439,-0.099863954,0.080859095,-0.023516821,0.104263417,-0.102940455,-0.105033942,-0.105091542,0.091256447,0.105072394,-0.103644021,-0.105157778,0.086342134,-0.008427448,-0.105112769,0.101376064,0.104337767,-0.104764909,-0.098650463,-0.098418444,0.057718992,-0.087582581,-0.102711141,0.096770674,0.105126321,-0.10374102,-0.058849432,0.104200229,0.100940935,-0.098953933,0.103514366,0.055670984,-0.01910774,-0.098587722,-0.069800034,0.090212807,0.080573261,-0.105158612,-0.081936903,-0.029122144,-0.105162479,0.047361031,0.023879493,-0.053915467,0.105016574,-0.002223617,-0.105151236,0.105155505,-0.104463026,-0.105129316,-0.10015934,-0.096568599,-0.104935922,0.039550893,0.090603448,0.10471791,0.008218255
tunicamycin d2,XCEPHNBEHQJSSB-LGJGITPNSA-N,D3,-0.100645185,0.101481318,-0.101050489,0.101469614,-0.04241636,0.082697451,-0.101523139,0.09710528,-0.083003059,0.101502001,-0.092382744,-0.100347392,-0.100237429,0.060307465,0.026628401,-0.09171129,0.003099837,0.064360492,0.093643136,0.101140447,0.101406194,-0.101506092,0.021625541,0.099359833,0.09805382,-0.09379603,-0.097754695,-0.097572505,-0.101407483,-0.092024982,-0.075826675,0.07591337,0.101452895,-0.057773679,0.02366247,-0.063636489,-0.100440413,-0.093575105,-0.10151156,-0.101475239,-0.100377016,0.100962892,-0.101119213,-0.076953687,0.051927269,-0.10107851,0.100918144,-0.098976098,-0.02910235,-0.095102713,0.099948324,0.074199438,-0.101369947,-0.101289675,-0.101390176,0.099994116,0.08918035,0.098811448,0.101186812,-0.069506899,0.052883811,-0.072745569,-0.098387271,0.101524048,0.019451289,-0.095558777,-0.034043711,0.096506603,-0.092636578,0.051264036,0.101329274,-0.086397685,-0.097869143,0.090539545,0.024253219,0.10117501,-0.094344176,-0.101475857,-0.101515435,0.095124632,0.101503581,-0.100879945,-0.101520523,0.082760118,-0.039973814,-0.101442479,0.099489234,0.101208761,-0.101408556,-0.094247662,-0.099683814,0.048177596,-0.043216392,-0.099806473,0.09811794,0.101521425,-0.100873612,-0.085289069,0.10102734,0.100828215,-0.097195402,0.100778639,0.069965079,0.037411712,-0.098041296,-0.075220086,0.090900198,0.09958557,-0.101523355,-0.076704182,-0.059846725,-0.101524726,0.089101426,0.065593436,-0.073295303,0.101450436,0.000649958,-0.101519078,0.101522602,-0.101487808,-0.10151086,-0.099664301,-0.099576242,-0.101483807,0.028648794,0.097289369,0.101302408,0.014169008
tylosin,WBPYTXDJUQJLPQ-VMXQISHHSA-N,D3,-0.084354706,0.075697757,-0.090702176,0.111256205,-0.11797411,0.006053286,-0.115732446,0.046306945,-0.115557812,-0.090765134,0.120170303,0.073197156,0.105296694,-0.045255575,-0.08344157,-0.122090951,-0.091380902,-0.108925857,0.094783559,-0.054112744,0.033186175,0.117683388,-0.122290768,0.065345131,0.079863816,-0.111145809,-0.038424641,-0.024163269,-0.121611305,0.010556743,0.120282128,-0.045539755,0.075286217,0.052405324,-0.116907522,-0.072540909,-0.087635979,0.12219587,0.018858373,-0.125096634,-0.057708766,-0.117857382,0.116949044,-0.04220479,-0.050079949,-0.043204043,-0.104890063,0.009659433,0.080547146,-0.083931372,0.029383797,0.018851703,0.092218958,0.121513449,-0.054533113,-0.075218037,0.120944738,0.106755503,0.124478698,0.110413745,-0.022648253,-0.100997269,-0.114016242,0.123307906,-0.091940187,0.027330874,0.104750507,-0.107433394,0.091376051,0.067759685,0.027216509,-0.120290101,0.071152046,0.054339498,-0.111142263,0.062924735,-0.12210843,-0.086754359,0.017031871,-0.062299814,0.117943741,-0.095416799,-0.090632215,0.117848322,0.117846414,-0.125096098,0.063223265,-8.48e-06,-0.045490809,-0.094676577,-0.009092106,0.095067494,-0.05084477,-0.117870487,-0.051397864,-0.007949375,-0.009269578,0.067114964,0.060611632,-0.046126168,0.056807622,0.106089287,0.082514584,0.089041904,-0.117261454,0.093961447,0.121113703,-0.034270622,-0.11633902,0.079511084,-0.069483019,-0.111572839,-0.086767904,0.115333229,-0.117892995,-0.052124292,-0.065676413,-0.118376598,0.122910917,0.069963254,-0.111883417,-0.09056025,-0.114182517,-0.118304662,0.037747584,-0.116525896,0.034389485,-0.071164608
tylvalosin,KCJJINQANFZSAM-HZDSEHBESA-N,D3,-0.105441846,0.002165846,-0.058728218,-0.086796895,-0.10932634,-0.076356716,0.064886846,0.007015445,-0.085433237,-0.105261639,0.10945946,0.108592838,0.108060382,-0.106041931,-0.039331414,-0.109369978,-0.062165655,-0.100833222,0.107271455,-0.104195043,0.094502866,0.109569401,-0.109651707,0.104961485,0.074043222,-0.109603047,-0.099015005,-0.088148318,-0.109182455,-0.004006043,0.109292753,-0.108854815,0.079685353,0.005946748,-0.109284788,-0.109446742,-0.05582891,0.106783643,-0.030757036,-0.109725907,0.024979213,-0.108985327,0.109296285,-0.091893785,-0.087179631,0.026238516,-0.104248054,0.064305052,0.1026401,-0.022571824,0.090066105,0.044515446,0.091360807,0.109711997,0.101047575,-0.097348854,0.108023867,0.037740394,0.109719649,0.109289072,-0.085779242,-0.09081234,-0.102128051,0.104543008,-0.081503779,0.107694298,0.107202023,-0.089492179,0.107372969,0.029014444,0.057350252,-0.109717667,0.099530809,0.04661658,-0.106395081,-0.023461724,-0.108463846,-0.021541815,0.051074523,-0.055907454,0.109479696,0.051331125,-0.026948757,0.107436992,0.09761101,-0.109756067,0.102345049,-0.041839164,0.081784323,0.033018798,-0.088126786,-0.035273392,0.079462975,-0.105740622,-0.018212331,-0.103951678,0.108781792,0.096711017,0.021316234,-0.047189325,0.081780598,0.091210656,0.085752875,0.109096833,-0.108725972,0.095291167,0.109595001,-0.02732916,-0.103495248,0.103710063,-0.102968194,-0.046902746,-0.071249932,0.106920503,-0.109449342,-0.10424874,-0.072000489,-0.10693714,0.109187536,0.04213379,-0.108421817,-0.094971441,-0.109304175,-0.100629345,-0.010659134,-0.109452076,-0.100798458,-0.050526336
valnemulin,LLYYNOVSVPBRGV-MVNKZKPCSA-N,D3,-0.124487244,-0.056251302,0.015120767,-0.125167146,0.071545601,0.108840428,-0.081114411,0.066084728,-0.126949668,-0.098792635,-0.00076084,0.078981183,0.099679992,-0.008607223,-0.010117413,-0.120197274,-0.080310568,0.001620643,-0.05635567,0.049802978,-0.127214551,0.088127255,-0.125349179,0.107504077,0.118906885,0.033265676,-0.036031343,0.092388012,0.009423813,0.124789774,0.119978279,-0.033704765,0.109191537,0.119762175,0.11255651,-0.002213591,0.004216823,0.044898573,0.048114404,0.080694243,0.022129383,-0.105770752,0.114373893,0.124740623,-0.031669896,-0.021726865,-0.059632491,-0.003869348,0.102083586,0.079799093,-0.121739373,-0.097598977,0.12620841,0.056546066,0.048915982,-0.121677078,0.080307409,0.101927124,0.119698696,0.11044798,0.01596936,-0.011911003,-0.091446541,0.006518477,-0.124201402,-0.115435138,0.127138615,0.011243767,0.062306065,-0.095162749,0.067954041,-0.120754592,0.024807271,0.078855164,0.094915845,-0.035625432,-0.073851436,-0.008977183,0.126350507,-0.127946958,-0.105960704,-0.073189013,-0.063195296,0.097577356,-0.081113093,-0.126615658,-0.077225924,0.083250187,0.122198105,0.010697067,-0.070191249,-0.075142458,0.116915442,-0.126010343,-0.060083963,-0.089861542,0.100726232,0.018713346,0.110366724,0.076298565,-0.026400575,0.066296138,0.113620102,0.120816834,0.064055406,0.126851305,0.12682265,-0.089230232,0.092778295,0.120178118,0.08848007,-0.070293896,0.118128166,0.037140176,-0.11731147,-0.073837094,-0.116767913,-0.09440019,-0.014879865,0.11693833,0.081805795,0.038489323,0.122741118,0.107392199,-0.021056773,0.100541554,0.016341789,0.118785478
vancomycin,MYPYJXKWCTUITO-LYRMYLQWSA-N,D3,-0.098835796,0.098574735,-0.098524041,0.098763287,-0.098835923,0.097918056,-0.098836131,0.098836131,-0.098305404,0.093451157,-0.098526299,-0.093799233,-0.097845346,0.006050796,-0.098530233,-0.019149601,-0.098836131,0.088308014,0.075028241,0.081807442,-0.081397399,0.058392148,0.000504254,0.057414398,0.098829165,0.017078852,0.08551608,0.052458782,-0.009958568,-0.098311648,0.098400123,0.098835848,-0.08701583,-0.098790467,-0.080772974,0.094260588,0.098820776,-0.098799773,-0.095392659,-0.098739773,-0.098795354,0.088654406,0.058889456,0.046307158,0.09878853,0.098745845,0.090739995,-0.098828144,-0.097473241,-0.098008625,0.098834909,-0.098675445,-0.058011908,0.08944495,-0.057089236,-0.098796852,0.09852948,0.098835878,0.092953302,0.074878387,0.055245586,-0.098836131,-0.092593774,0.095186047,0.098835394,-0.09012609,0.022712512,-0.093179971,-0.09856569,0.098832488,-0.098823287,-0.097707421,0.098539524,0.098804824,0.097272992,0.098823354,-0.098782904,-0.097860925,-0.089286752,-0.09339384,0.098833896,-0.098673992,-0.09883526,0.097848795,0.098657221,-0.098273076,-0.098836049,-0.095565476,0.037841711,-0.08022093,0.088721812,-0.01008248,0.047657158,-0.098451331,-0.065455638,0.097891442,-0.098587126,0.088801719,-0.090484127,-0.098541044,-0.097521342,0.093754515,-0.094913416,-0.015397105,-0.098820738,-0.079756901,-0.098783799,0.098830268,0.096607871,-0.090300933,-0.098835766,-0.0988352,0.09883593,-0.030108055,-0.03987902,0.075549729,-0.098572068,0.052826919,0.098298043,-0.072580591,0.093621127,-0.098836057,-0.098731339,-0.09878476,-0.080105446,-0.097427256,0.09880311,-0.098500736
vanillin,MWOOGOJBHIARFG-UHFFFAOYSA-N,D3,0.109428272,0.101191714,0.107948326,0.091918826,-0.038209118,0.109397523,-0.058194924,-0.063892618,-0.109691471,-0.05669193,0.072109044,0.049273256,0.109527022,0.05344604,-0.086510733,0.065671638,0.046116736,-0.09780471,-0.048491303,-0.098656259,0.100654237,-0.10598354,-0.108162493,0.106469058,0.062289283,-0.109686911,0.074747048,0.066904038,-0.109309085,0.045277055,0.108882159,-0.015566091,0.106639624,-0.108101539,-0.10898307,-0.100203201,-0.073422201,0.1079816,0.105633818,0.085346676,0.10927777,0.109257609,0.10969305,-0.104024559,0.097187951,-0.001733137,0.101059534,-0.01158737,0.098955855,0.10966292,-0.049002983,-0.095235698,0.109135374,-0.102725931,-0.106062263,-0.106471583,-0.064069226,-0.001802087,0.068288118,-0.036077898,-0.102869436,-0.101666033,0.037334934,-0.045416657,0.104511969,0.038186874,0.093410559,0.088788047,-0.105594173,0.108601958,-0.0398461,-0.08186841,0.105584398,-0.065624006,-0.109648138,0.104366772,-0.108655356,0.101742201,-0.022961106,0.032610487,0.099115528,-0.106961079,-0.108009644,-0.061028555,-0.092044003,-0.109186113,0.032073118,-0.038312316,0.098147906,-0.025440978,0.082043812,0.109562613,-0.098072678,0.000701022,0.100907363,-0.090040617,0.085310571,-0.089401104,-0.008805622,-0.10942018,0.076352529,-0.108654328,-0.104854494,-0.048541319,-0.048567496,0.086190455,0.024504513,-0.109651297,-0.109540872,0.079625688,-0.108406514,-0.109422609,-0.109667331,-0.098205075,0.015280946,0.108578466,-0.055774949,-0.109648183,0.109646484,0.102543719,-0.109532081,-0.107960559,-0.050287027,0.109400667,-0.10830044,-0.027407618,-0.10783828,0.109614924
viomycin,GXFAIFRPOKBQRV-GHXCTMGLSA-N,D3,0.093775295,0.023943234,-0.103659667,0.098258436,-0.004581157,0.102689482,-0.10332635,-0.096449465,0.09695746,0.103492469,0.102220558,-0.009170678,-0.079042554,0.103573494,-0.10353896,0.103659526,-0.100819983,0.035174489,-0.037280768,0.10363888,0.098448932,-0.103346087,0.03756386,0.103449479,0.092769876,0.103617132,0.0805678,-0.088688798,-0.101915494,-0.070107155,-0.103658877,-0.05958946,0.098091207,-0.102351964,-0.102886029,0.100172535,0.094360739,-0.103545114,-0.046697676,0.080398493,0.081101336,0.09369646,-0.098557644,-0.103562571,-0.103641197,0.103652291,0.039501052,-0.102753446,-0.103656866,-0.092245959,0.103570737,0.102201372,-0.103546284,-0.103654124,0.003538634,0.006372051,-0.103489481,0.017352954,-0.049055006,0.102821611,0.102678716,-0.069286957,0.093424268,0.062911905,-0.032434497,-0.103661224,0.10166277,-0.065011524,-0.103507482,0.103658564,0.102187693,-0.1030742,0.101831973,-0.09348394,0.080179527,0.097262636,0.031362277,-0.103610799,-0.103661269,0.103611961,0.103647955,0.059200417,-0.10196837,0.081131853,0.082257889,0.103450157,-0.103167318,0.096161604,-0.03991982,-0.081443436,-0.026564611,-0.04872461,0.101845473,-0.020503908,0.062995657,0.103633888,-0.098523036,-0.103646003,0.017480355,-0.103305005,-0.101548798,-0.101665691,0.022577627,-0.103624865,0.103557989,-0.102678075,-0.103494048,0.103604101,0.029207798,0.096667908,0.091704182,-0.103592873,0.103624903,0.055717483,-0.103619456,0.095065504,-0.075231358,0.102856979,0.103502162,-0.103658795,-0.080165438,0.000318092,-0.075920373,-0.100640982,0.004930792,-0.079154022,0.102203839,-0.103517734
virginiamycin m1,DAIKHDNSXMZDCU-FQTGFAPKSA-N,D3,-0.076914623,-0.120683953,-0.123211764,-0.042412367,-0.042113509,0.026108677,0.06462013,-0.12499582,-0.115577921,-0.127648115,0.103966132,0.098953068,0.035852071,0.062782541,-0.11852669,-0.074450031,-0.106582232,-0.004594794,-0.120810568,0.062819429,-0.121179059,0.131387174,-0.016607679,0.13113147,-0.068571053,-0.123866707,-0.111646436,-0.076321498,-0.043052614,0.121800661,0.093919337,-0.013308358,0.113019399,0.120698489,0.007756343,0.099849641,0.039682262,-0.064553238,0.032449402,-0.115490846,-0.00049056,-0.106968127,0.126896083,-0.084890887,-0.074488334,0.116939478,-0.118403822,0.09168534,-0.039477382,-0.059635211,0.00072512,-0.131435528,0.057840474,0.11650642,0.122198693,0.026363604,0.025057022,0.024969345,0.108915709,0.124187753,0.025231734,-0.114896968,-0.006042197,0.076886661,-0.074338369,-0.03842622,0.120742023,-0.093754031,0.080027759,-0.00660289,0.102826573,-0.129861102,0.125491798,0.039689835,-0.059745312,-0.07639832,0.030518457,-0.062939771,0.019315559,-0.130843908,-0.077640496,0.072278589,-0.076879226,0.129690677,-0.116321623,-0.122708596,-0.104184322,0.045449268,0.131490111,0.034131069,-0.099820703,0.08367388,0.028949065,-0.014792137,0.123970933,0.024206229,0.131691277,-0.1270587,-0.01042958,0.020453598,-0.08734604,-0.002244856,0.031905431,-0.025832875,-0.083060548,0.099097624,0.091253221,-0.106642649,0.03269849,0.110555261,-0.060030911,-0.099597104,0.088611066,0.108452082,-0.130242378,-0.129112273,-0.081657559,0.106880397,-0.121198818,-0.073587485,0.045742918,0.052220508,-0.129152611,-0.053117786,0.069439188,-0.118499435,0.026943183,-0.038346652
alfacalcidol,OFHCOWSQAMBJIW-AVJTYSNKSA-N,D3,-0.105243407,-0.087793283,0.097416028,-0.076676987,-0.105031416,-0.098572627,0.097942717,0.104189016,-0.033715118,-0.105189778,0.010616247,0.105248719,0.072171599,-0.103221141,0.019605847,-0.017438618,-0.105215043,-0.024111604,-0.099888474,-0.104182772,-0.105210915,0.105209053,-0.105244152,0.105249755,-0.105209447,-0.105207324,0.105221197,-0.043539576,0.105209477,0.092100188,0.091540493,0.034467991,0.079454757,0.087112725,-0.103084497,0.037105333,0.004775845,0.088489354,-0.064342961,-0.059066437,0.105227791,-0.1047699,-0.065769769,0.097950324,-0.1009949,0.1052325,-0.10140007,-0.105232745,0.104929864,-0.011534365,0.087220751,0.034184899,0.095352076,0.105220295,0.104981907,-0.090043053,0.082639776,0.076740019,0.076871812,-0.100735068,0.104802631,-0.105248787,-0.044365603,-0.098005109,0.099104449,0.041816588,-0.099553972,-0.093885653,0.104611166,0.101154119,-0.105229817,-0.105084874,0.105240598,-0.098287769,0.075974427,-0.104647204,-0.105003797,0.096609324,0.105106041,-0.105248347,-0.093214609,-0.069174059,0.096387684,-0.023083273,-0.101136155,-0.105244204,0.093226656,0.059442218,0.105249926,0.104126357,-0.069356963,-0.074353442,-0.089424215,0.091303058,0.105220094,-0.103943184,0.105238803,0.02651366,-0.105232157,-0.078769326,-0.049149614,-0.05089521,-0.101493523,0.037636623,-0.061016664,0.10524983,-0.091944449,-0.105211049,0.105164379,0.070011817,0.023163514,0.103405952,0.105067275,0.055071741,-0.1052467,-0.105249852,0.104268603,0.095827825,-0.048888635,0.028229509,0.104198225,-0.060685109,0.02124987,0.025570244,-0.093796432,-0.09345416,-0.101440519,-0.10510195
benzbromarone,WHQCHUCQKNIQEC-UHFFFAOYSA-N,D3,-0.092102788,-0.089266449,0.092700899,-0.092700899,0.073096216,0.092700899,-0.092700899,-0.092678353,0.05577838,0.092077903,0.092643239,0.092240207,-0.090202257,0.092588857,-0.092668429,0.092700899,-0.092566736,-0.09270072,0.089211829,0.092665516,-0.092700899,-0.092338599,-0.092700899,0.092700899,-0.092667125,-0.092309363,0.092700899,-0.092671998,0.03255726,0.092700742,-0.064001732,-0.077526107,-0.092699535,0.089163072,-0.092451826,-0.053562775,0.092700899,0.092402175,-0.092616126,0.092700802,-0.016660891,0.080962993,0.063821815,-0.092671946,-0.092668034,0.092700899,-0.092700899,-0.092505902,0.092698105,0.092700705,-0.006996054,0.092700593,0.092639387,-0.092215642,-0.092680298,-0.092700899,-0.092700899,0.089652501,0.006931128,-0.082646951,0.092700899,-0.092480659,0.092665315,0.092700899,-0.091597691,-0.092700899,0.092700899,0.092666291,0.092695519,0.092700899,0.062656708,-0.092700899,0.092668623,-0.091184415,-0.092515722,-0.092700899,-0.092490032,0.092700899,-0.092700899,-0.092671648,0.092689954,0.092700899,0.088012107,0.089133687,-0.09270072,-0.092700899,0.092700899,0.092700511,0.092700899,0.092700899,-0.083337247,-0.092700899,0.092700899,-0.085257225,-0.090904966,0.047051433,0.092700861,-0.092563756,-0.092699416,0.092700675,-0.08534687,0.086703226,-0.092665367,0.09258233,0.091700964,0.089401551,-0.040547501,-0.091881417,-0.092700414,0.092700899,0.091621973,-0.092581578,0.092700846,0.091388047,-0.092700899,0.08002951,-0.092612632,-0.090304226,0.091692403,-0.092390805,0.092700899,0.089256071,0.082691334,0.092689425,0.092700899,-0.089960009,-0.092685483,-0.090465479
celecoxib,RZEKVGVHFLEQIL-UHFFFAOYSA-N,D3,-0.094230764,-0.027285889,0.095261641,0.05911402,0.098436572,0.095795318,-0.098543413,0.085281253,0.097615123,-0.098549128,0.098549113,0.086123854,-0.098545149,-0.011298699,0.090363793,0.098547213,0.098516941,-0.098547243,0.079432592,-0.088183902,-0.056699939,0.09850733,-0.098500118,0.098468669,-0.098548904,-0.098548144,-0.08109504,-0.098547898,-0.098123759,-0.023159247,-0.09854757,0.085400403,0.098422721,0.095056415,0.004070699,-0.098541334,-0.090066895,-0.096599251,0.094759516,-0.065639861,0.098535039,-0.086898513,-0.095916674,-0.098548122,-0.098549128,0.098547764,-0.098549023,-0.093317389,0.098548919,0.097430594,0.098522142,-0.098532245,0.095921971,0.098549128,0.098548584,0.048608903,0.031644225,0.075066574,0.095895439,-0.083911926,0.098548993,0.022855138,0.098548114,0.098549083,-0.098548166,0.098548725,0.098549128,0.098549105,-0.098548889,0.098549128,0.051530194,-0.098547339,0.052144181,-0.098412879,0.098537147,-0.098549128,-0.058774203,-0.098397143,-0.098549023,-0.053173482,0.098548278,0.09801542,-0.098466896,-0.006639681,-0.090375826,-0.09822651,0.098354302,-0.015865862,0.043080032,0.098547228,-0.098548278,-0.098362677,0.023914035,0.098519184,-0.092814066,0.094053119,0.09816806,-0.045379408,-0.098549008,0.090101741,0.098543815,-0.098548904,0.097293764,0.098549083,-0.092702746,-0.098458521,0.091866791,-0.072243825,-0.090313829,0.0675532,0.098548673,0.077568755,-0.098468207,0.096438631,-0.098549128,-0.000856559,-0.098549128,0.097990073,-0.098525904,-0.098451033,-0.097617626,-0.062165432,-0.09854646,0.096432082,0.098545924,-0.035368621,-0.098542184,-0.034329727
chlorpromazine,ZPEIMTDSQAKGNT-UHFFFAOYSA-N,D3,-0.089551829,0.089551829,-0.089550801,-0.089475691,0.089551829,-0.089551829,0.089551829,-0.089551531,0.089551829,0.089551829,-0.089551829,-0.089551829,0.089551829,-0.089551829,0.089551829,0.089551829,0.089551829,-0.089551829,0.089551829,-0.089551829,0.089551829,-0.089551829,-0.089551829,-0.08684729,0.089551829,0.089551829,-0.089549281,-0.089551829,-0.089551829,-0.089323059,-0.089551829,-0.089551829,-0.089551672,-0.089551829,-0.089299463,-0.089551829,-0.089551829,-0.089551829,-0.089551829,-0.089551516,-0.089551829,0.089551829,-0.089545906,-0.089551829,-0.089551829,-0.089551829,0.012531176,0.089551829,-0.089551829,-0.088248014,0.089551829,0.089551829,-0.089551829,-0.089551829,-0.089551829,-0.087190285,0.089551829,-0.089550912,0.089551829,-0.083552718,-0.050906166,0.089551829,-0.089551829,0.089551829,-0.089551829,-0.089551792,0.006807653,0.089551829,0.078135937,-0.08937981,0.089551829,-0.089551829,-0.089551829,0.089551829,-0.089551829,0.089551829,0.089551829,-0.085964553,-0.089551829,0.089551829,0.089551829,0.089531951,0.089551829,0.089551829,-0.088283613,-0.089551628,0.089551829,0.089551829,-0.089551829,-0.089551389,-0.089551829,-0.089551829,0.089551829,-0.089551829,0.089551829,0.089551829,-0.089551829,0.089551829,0.089551464,0.089551829,-0.089551829,0.089551829,0.089551583,0.089551829,-0.089551829,-0.089551829,0.089551829,0.089551829,-0.089551829,0.089551829,-0.089551829,-0.089551829,0.089546807,0.089551829,-0.089551829,-0.089550078,0.089551829,-0.089551829,0.089551829,-0.089551829,-0.089551829,0.089551829,-0.089551829,-0.089551829,-0.088628627,0.089551829,0.089551829,0.089551829
clomiphene,GKIRPKYJQBWNGO-UHFFFAOYSA-N,D3,-0.096286088,0.09738753,-0.094611309,-0.097397096,0.0970373,-0.097403243,0.097257733,-0.097368807,0.097405605,0.097405605,-0.097378179,-0.096730001,-0.088540286,0.087818779,0.096047096,0.097387515,0.081929013,-0.096301898,0.097112082,-0.09326534,0.097360522,0.096035048,0.019696524,-0.097403809,-0.095897011,0.097405605,0.080230564,-0.097405247,0.097405098,0.02291978,-0.097402804,-0.077294469,-0.097394735,-0.097404487,-0.097379364,0.085125625,0.086845547,-0.045344945,-0.092210859,-0.080160677,-0.097370751,-0.090340927,-0.097364813,-0.085444532,0.06793417,-0.096709654,0.033155061,-0.044403788,-0.096994266,-0.097403936,0.095950603,0.011368783,-0.097405389,-0.096757419,-0.091129512,-0.07741081,-0.087321818,-0.097401425,-0.049228147,-0.097401462,-0.084891312,0.097220048,0.055957898,0.097303003,-0.097385541,-0.097404145,-0.097405516,-0.086076811,0.097405583,-0.097405605,0.096219264,0.097287126,-0.097405486,0.097315781,-0.090295017,0.096902706,0.097389139,-0.097405486,-0.09685234,0.097403854,0.061564248,0.097403392,0.0974053,0.094236717,0.097405575,0.097405605,0.097403236,-0.097405277,0.09209691,-0.095359825,0.095258266,0.093746439,0.007162789,0.024079978,-0.097400539,-0.037980258,-0.097405605,-0.097390451,-0.09737847,0.097405605,0.095884278,0.097405605,-0.090957738,0.058217466,-0.096692398,-0.091991112,0.097404718,0.07276693,-0.04939539,0.041164186,-0.039576661,0.096827075,0.059350044,0.097405508,0.097402446,-0.097057581,0.096921414,0.095880941,0.089834101,0.051729593,-0.003541473,0.068162046,-0.091904953,-0.078018457,-0.096921965,-0.097403385,0.097405411,0.09740556
cotrimoxazole,WZRJTRPJURQBRM-UHFFFAOYSA-N,D3,0.101096556,0.109649494,-0.09981145,0.112224534,0.016096346,0.108381562,-0.114125893,0.07460849,-0.112911016,-0.097546905,0.114800066,0.037225008,0.053818643,0.115129516,-0.105257183,0.108541921,-0.000580651,0.086926155,0.115228914,0.075088196,-0.086955562,-0.047835745,-0.110471807,0.116448641,0.102379099,-0.116007611,0.113509089,-0.111619614,-0.116296105,0.092020459,-0.103147663,0.084107727,0.057138421,0.053930126,-0.114697576,-0.015765673,-0.029589996,0.116010353,0.095295385,-0.070094019,0.045908675,0.061411038,0.112748913,-0.018824022,-0.082367815,0.111230254,-0.026636213,-0.116169915,0.06690716,0.092342019,-0.024310445,-0.06585905,-0.061770625,0.11124219,-0.009508472,-0.071393587,0.086810239,0.105002537,0.069421776,-0.082506374,0.113299288,0.006265739,-0.050249413,0.082113959,-0.116217166,-0.066337436,0.115672506,-0.063328527,-0.116605707,0.11660935,0.021240702,-0.115554824,-0.101314977,-0.103462055,-0.051333461,0.042348042,-0.11599838,-0.115878209,-0.074097134,-0.009541262,0.114663318,-0.048131645,-0.11653056,-0.036792804,0.107804134,-0.102545165,-0.083882742,-0.007543081,-0.097086161,-0.094737753,0.095271692,0.072865359,-0.083611377,-0.083890311,-0.11251688,-0.041228447,-0.108551197,-0.074743293,-0.107975207,-0.112694591,-0.031985443,-0.105119832,0.066761255,-0.075491287,0.083582513,0.102837376,0.045678567,-0.115740195,-0.114118665,-0.006170484,0.069120675,-0.102241591,-0.11305324,-0.029098799,-0.088511199,0.111080542,-0.111660577,-0.108392403,0.11086867,0.037574951,-0.104599759,0.052777771,-0.025050528,0.106432937,0.085053422,-0.077686138,0.044487868,0.113686398
diacerein,TYNLGDBUJLVSMA-UHFFFAOYSA-N,D3,-0.093847603,-0.093847342,0.093826875,-0.093841642,-0.086716264,0.093411192,-0.093813553,0.09382382,0.091687791,-0.093819089,0.09382306,-0.050576214,0.008009765,0.081547558,-0.093822055,0.0930136,-0.093313061,-0.093618222,0.093847476,-0.093847603,0.093834966,0.093847297,-0.093846425,0.093846783,-0.093847394,-0.093847603,0.093846872,0.057040591,-0.092955604,0.043173004,-0.093295507,0.093833715,-0.093847603,0.078299768,-0.093846381,-0.092395507,-0.093748033,0.093790673,-0.092461988,-0.092797227,-0.00762699,-0.093413167,0.071685947,-0.093847044,0.084641978,0.067073107,-0.093847603,-0.093702994,0.093847349,-0.093833007,0.093847498,0.093729466,0.093847543,0.093847521,0.091276295,-0.093847603,0.048460528,0.074048549,0.093772419,0.093797348,-0.070738032,-0.093844742,-0.093722045,-0.093847319,0.093790755,0.093820125,-0.093425602,-0.093838125,-0.015340382,0.093847603,-0.093422413,-0.093830392,0.092185065,-0.09384647,0.093824722,-0.093847543,-0.093847603,0.050301075,0.082968406,-0.093846932,0.093801133,0.093843497,0.093847319,0.09357968,-0.010331233,-0.093844227,-0.093788467,0.093799151,0.084052354,0.091824658,-0.093846582,-0.093847498,-0.09334527,0.093847543,0.093818009,-0.093847603,0.089856744,0.093846463,-0.083496206,-0.093762077,-0.093845956,-0.074087381,0.093393482,0.093842745,-0.093690634,-0.048692815,-0.093246378,0.035350539,0.093469091,-0.093842223,-0.093130469,-0.093829744,-0.043757506,-0.093847185,0.085982062,-0.093847603,0.09236376,0.093585536,0.092717156,-0.093449444,0.09367308,0.091776781,0.086648352,0.093846977,0.093728997,-0.093847603,0.093742803,-0.093847603
diflunisal,HUPFGZXOMWLGNK-UHFFFAOYSA-N,D3,-0.098210186,0.096017718,0.09787403,-0.098321617,-0.093498416,0.098322369,-0.098320588,0.092261925,0.07482902,0.090370141,-0.032815475,0.098224647,0.097478233,0.097504809,-0.079771668,0.096581474,-0.09830714,0.023903484,0.092484325,0.084420897,-0.098322481,-0.082320899,-0.09831956,0.098322429,-0.097467683,-0.098295435,0.098322526,-0.097184129,0.090711325,0.098179065,0.090054385,-0.097518936,0.067174226,-0.078968525,-0.064436078,-0.097853221,0.098298557,-0.098291777,-0.096180499,-0.087694228,0.096928574,0.097038411,-0.017864848,-0.016599702,-0.071974047,0.098304138,-0.097492032,-0.098298728,0.086864591,0.098319203,0.094186775,0.00544503,0.085981466,-0.045932855,-0.073689289,-0.098317087,-0.033600844,0.098322526,0.098315299,-0.097837925,0.098322526,-0.098322526,-0.08005058,0.09796311,0.092584856,-0.098321997,0.098322473,0.096492201,-0.079185814,0.098322332,-0.096941262,-0.098322295,0.098266743,-0.097988322,0.092938855,-0.098316193,-0.09286768,0.096472651,-0.067394815,-0.098276243,0.098318532,0.098097667,-0.095517687,-0.016943678,-0.097860917,-0.098320931,0.097991437,-0.025870221,0.097905397,0.098321922,-0.097007185,0.017165795,0.098179556,-0.092733227,-0.080693461,-0.09263327,0.096134268,-0.067608863,-0.055024292,-0.018153697,-0.097402029,0.093741983,-0.098278344,0.098311745,-0.098059267,0.083931118,-0.094843119,-0.098267421,-0.085577391,0.098237678,-0.071614526,-0.092373691,0.098317981,0.048007034,-0.098322459,0.016599616,-0.032481514,-0.096478835,0.097981423,-0.09816967,0.098307215,0.088946283,-0.097752914,0.02693608,0.097077176,-0.0981258,-0.098184913,-0.095972769
estradiol,VOXZDWNPVJITMN-ZBRFXRBCSA-N,D3,0.089944988,0.089574687,-0.089944988,0.045789108,0.089944988,0.089944988,0.089401342,0.089944988,0.089944988,0.089944988,0.088960983,-0.089944988,-0.089944988,0.089944988,-0.089944988,0.089944988,-0.089944988,0.089944988,-0.089944988,0.089944988,0.089631461,-0.089944988,0.089944959,0.089944988,0.089944988,0.089944988,-0.089944988,-0.089944988,0.08994326,-0.089944988,-0.089944988,-0.076388136,0.089944988,-0.089944988,0.089944988,0.089944988,0.089944988,-0.089944988,-0.089944988,0.089944988,-0.089919373,0.089944988,-0.089944988,-0.089944988,0.072344102,0.089944988,0.089944988,-0.089944988,-0.089944988,0.089944988,0.089944988,0.089944988,-0.089944988,-0.089944988,-0.08972986,0.089944988,-0.089772798,0.089944988,-0.089944988,0.074208774,0.089944988,-0.089943729,-0.089944988,-0.089944988,0.089944988,-0.089944988,0.089944921,-0.08260645,-0.089944988,0.089877188,-0.089944988,-0.087338299,-0.085857965,-0.089944988,0.089944988,0.089944988,-0.089944988,0.089944988,-0.089944988,0.089944988,0.089944988,0.089944988,-0.089944988,-0.089944988,-0.089944988,0.089944988,-0.089944988,0.089944988,0.089580864,0.089944988,-0.089944623,0.089382961,-0.089944988,0.089944988,0.089944988,0.089944988,-0.089917339,-0.089944266,0.089944988,0.089944988,-0.089944988,-0.089944988,-0.089944825,-0.089944988,0.089944988,-0.089944988,-0.089944988,0.089944988,0.083836704,0.068272248,0.089944988,0.08766263,0.089944988,-0.089944988,0.021379136,0.087862372,0.089944988,0.089944988,0.051131736,-0.089944988,0.089190073,0.088643678,0.089939967,-0.089944988,0.089944988,0.089944988,0.089944988,-0.089944988
fluorouracil,GHASVSINZRGABV-UHFFFAOYSA-N,D3,0.109605521,-0.118063629,0.110768653,-0.04316844,0.087828793,0.118282661,0.016273361,-0.001511405,0.083181992,-0.029393395,-0.010082851,0.071292497,0.110813819,0.07704702,-0.108025268,-0.115841664,-0.047281303,-0.120409697,-0.076847896,-0.016736276,0.000850372,0.118901536,0.111649804,-0.008776534,-0.111301325,0.118410394,-0.120536275,0.120220527,-0.020667071,-0.036422163,0.118907601,0.020971959,-0.113940179,-0.113969363,-0.113674685,0.109716848,-0.113722213,0.120075583,0.089891031,0.023322107,0.044143006,0.056332741,0.10875427,0.078252204,-0.071577169,0.007508878,0.009557553,0.095866948,0.052023862,0.077886023,-0.094599314,0.069613189,-0.096846811,-0.086615562,-0.040482286,0.095072404,-0.083699964,-0.05842454,-0.118088976,0.107559226,0.003885271,0.000464746,0.070909694,0.111954249,0.014060742,0.115764007,-0.08316008,-0.046448585,-0.089705124,-0.054411709,0.043232117,0.115244344,0.119545139,0.120461375,-0.118755385,0.107416086,0.065050267,0.081666514,0.060739569,-0.106246732,-0.091715999,-0.103178084,0.117789365,0.108571835,0.110485516,0.086112313,-0.086161606,-0.092083007,0.103265285,-0.099857323,0.062056728,0.102204189,-0.097519852,-0.105635636,-0.097897299,0.101104937,0.011149986,-0.070458159,0.106171198,-0.103230231,0.117579728,-0.100527175,-0.118274607,-0.114263736,0.116143934,-0.120625027,-0.098133616,-0.090648063,0.004405621,0.119376414,-0.045823112,-0.117540836,-0.075957201,-0.116377801,-0.004281309,-0.119677246,-0.06998302,-0.051715177,-0.115851969,0.119595766,0.028899876,0.061023183,-0.01612143,-0.090408906,0.093607061,-0.019463409,-0.038105186,0.029345613
gefitinib,XGALLCVXEZPNRQ-UHFFFAOYSA-N,D3,-0.091035649,-0.091035649,-0.091035649,-0.091035649,0.091035649,-0.091035649,0.091035649,-0.091035649,0.091035649,0.090913102,-0.091035649,0.090665676,-0.091035649,-0.083285518,0.091032602,0.091035619,0.091035619,-0.090540342,0.090896688,-0.091035649,-0.091035634,0.091035649,-0.091018841,0.090983294,0.091000333,0.091035582,0.090978354,0.040958151,-0.09026204,0.091035649,-0.090424538,-0.091035649,-0.090850763,-0.091035649,0.08978729,-0.091035649,-0.091034204,-0.091032133,-0.091035649,0.087661237,-0.091035649,-0.090943091,-0.071843386,-0.091035537,-0.091035597,-0.072691262,-0.091035649,0.091035649,-0.084464587,0.091035649,0.091035649,-0.068510145,0.090488069,-0.091033578,-0.091035441,-0.091035649,0.091032349,-0.091034882,0.091035552,0.091035441,-0.080333591,-0.091011375,-0.091035649,-0.083805799,0.091034688,0.091025688,-0.091000654,-0.051508006,-0.082781985,-0.08061856,-0.056038398,-0.091035649,0.091035649,-0.091035552,0.089522272,-0.090973206,0.042714652,0.091035649,-0.090742186,0.090646245,-0.091034614,0.091035649,0.091035649,0.091035649,-0.091035649,-0.091035187,0.045788899,0.091035597,0.091035649,0.091035649,-0.091035262,-0.091035649,0.090894178,0.091035396,0.091035649,-0.091035649,0.091035381,0.090524845,-0.09103398,0.090113379,-0.091035627,0.090596713,0.091035582,0.091035649,0.091031693,0.090899155,-0.091031931,-0.053118143,0.091035634,-0.091035649,-0.091035649,0.090937734,0.089918524,-0.091035552,0.077051938,-0.091035649,0.091035649,0.091013193,0.091035649,0.091035619,-0.084503546,0.091035649,0.091035649,-0.090831801,0.091021448,0.091035359,0.091035649,0.087119371
hexestrol,PBBGSZCBWVPOOL-HDICACEKSA-N,D3,0.084045202,0.108863831,0.072215982,-0.108924314,0.056993365,-0.098248705,0.016255392,-0.096176982,-0.094566405,0.092684105,-0.09607821,0.090378612,-0.109467417,0.102345146,0.109563984,0.084906138,-0.109833136,-0.076281272,-0.108305998,0.026246609,0.040537469,0.107013807,-0.014906889,0.101147078,-0.108030275,0.079622343,0.088108003,0.088303827,0.079805374,0.108380578,-0.072966456,0.109588914,0.09301132,-0.028929597,-0.048665211,0.101562947,0.105895877,-0.009461151,0.091237508,-0.109114729,-0.10836973,-0.095363311,0.107750639,0.068089463,0.104465067,0.084949203,-0.108610295,0.107056074,0.074464753,0.100645185,-0.10757602,-0.101530991,0.097559892,-0.078641571,-0.098071352,-0.041022219,0.095534563,-0.09582065,-0.106036812,-0.029508593,-0.065541558,-0.106627464,0.080842033,-0.093612604,0.09583009,-0.108751684,0.016635753,-0.103516072,0.101112887,-0.109642275,-0.077886887,0.101142414,-0.073740765,0.023357861,-0.097371005,0.082643583,0.065285817,-0.082842194,-0.080746338,-0.10969916,-0.084931694,0.103808261,-0.043129347,0.109469965,-0.103798583,0.052663174,0.038464271,-0.085877761,0.107885338,0.035465248,-0.053352084,0.083341293,-0.105943546,0.084218718,-0.04789789,-0.093107007,-0.021538513,-0.10610012,-0.109447896,-0.005002512,0.036791541,0.09420158,-0.105721317,-0.109268658,0.108395115,0.108800225,-0.073550969,-0.109589018,0.107644461,-0.109205849,0.060856599,0.106548898,-0.091291547,-0.048668683,0.10738305,-0.097536452,0.10658516,-0.073735207,0.022783399,0.045947045,0.093051873,-0.079559565,0.093002297,-0.092160381,0.083175175,-0.109790377,0.075148351,0.10345412
ibuprofen,HEFNNWSXXWATRW-UHFFFAOYSA-N,D3,-0.091866307,0.091866307,-0.039231919,0.091826178,0.091866054,0.09186279,-0.091865592,-0.056033842,-0.091866307,-0.091866307,0.091866307,0.091866307,0.09182135,0.091866307,0.091863938,0.091866307,-0.028098203,0.091866307,0.091866307,-0.091490328,-0.091866307,-0.014433013,-0.091866307,0.088218659,-0.056230482,-0.091866307,0.091866307,0.091686182,-0.083463356,0.091866307,-0.091866307,0.091865234,0.089830175,0.091866307,0.091506958,-0.091866307,-0.091866277,-0.091866277,0.091866307,-0.091432303,0.091866143,0.09147574,-0.091830291,0.091856115,-0.091865927,-0.091624506,-0.091866307,-0.091866307,-0.091866307,0.091734663,-0.091866218,-0.091866307,-0.09185417,0.07323613,0.091866307,-0.091866307,0.089530282,0.091866307,0.091866307,-0.091440365,0.090673968,-0.091866307,-0.091866307,-0.091866255,-0.091866307,-0.091866136,0.091866307,-0.088886619,-0.091866307,0.091866307,-0.091693379,-0.091866307,0.08877144,-0.091866307,0.091866255,-0.091866307,-0.085486367,-0.091866307,-0.091677859,-0.091866307,0.091866307,-0.090932183,-0.091866091,-0.091866307,-0.053716287,-0.050006151,-0.091866307,-0.091866307,-0.091866307,0.071329735,0.091781355,0.091866307,-0.089562364,-0.090720192,-0.055123594,-0.091866307,-0.091864534,0.091817826,-0.091866307,-0.091866307,-0.091866307,-0.030708112,-0.091865845,0.091854639,0.090958759,0.091866307,-0.09179379,-0.091866307,0.091854289,-0.091866128,0.09114626,0.089142956,-0.091795906,0.091866307,-0.091866307,0.01364143,-0.091832586,0.091865666,0.091866173,-0.091866307,0.091264158,0.091866307,0.091865413,0.091866307,0.091199279,-0.091866307,-0.091866307,0.091852628
loxapine,XJGVXQDUIWGIRW-UHFFFAOYSA-N,D3,-0.092733286,0.092836045,-0.087378353,0.092836075,-0.008375094,-0.092833623,0.013918754,-0.058905367,0.092836075,0.092836075,-0.09283606,0.064425915,0.019130349,-0.092833996,0.092836075,0.092836045,0.092836075,0.083356693,0.092832923,0.092817672,0.092836075,-0.083089434,-0.091991305,-0.091275312,-0.00646903,0.092829049,-0.092811368,-0.092836075,-0.09283489,-0.092836075,-0.092833228,-0.092835844,0.075460903,-0.092836075,-0.09283416,-0.092836022,0.042756438,-0.092828184,-0.092835985,-0.092836075,-0.092836075,0.092835985,-0.092835784,-0.092755787,-0.092835873,-0.092826299,0.092836,0.077474765,-0.092835948,-0.092832163,0.092836075,0.092673592,-0.092836075,-0.092830576,-0.092609994,0.092831947,-0.034689568,0.079845488,0.092836075,-0.092756465,-0.092782617,0.09282703,0.082352154,0.092836075,-0.092830643,0.09283597,-0.092828944,0.092836075,0.058671843,-0.092822999,0.092836075,-0.092814676,-0.092836075,0.092836075,-0.087664895,0.092836075,0.092835449,-0.092770204,-0.092836022,0.092836075,0.092835881,-0.059550412,0.092815332,0.092788354,0.092807591,0.092797205,0.092836075,0.092665561,-0.092836075,-0.072038963,-0.092836037,-0.092836075,0.09283381,-0.09283603,0.078252286,0.092836075,-0.092836,0.092815906,0.03591777,0.092836075,0.087341979,0.092836075,0.092836075,0.092835695,-0.092836075,-0.092229277,0.092836075,0.090337694,-0.092836045,0.092241175,-0.092835993,-0.092836015,0.092836075,0.092830732,-0.09141504,0.070802681,0.089801595,-0.092835978,0.092836075,-0.092835553,-0.092836075,-0.091009088,-0.092836075,-0.092836075,-0.092781961,0.092779845,0.092836075,0.092836075
metformin,XZWYZXLIPXDOLR-UHFFFAOYSA-N,D3,-0.109586574,-0.106902808,0.058177557,-0.050476026,-0.056849491,-0.032007959,0.067483574,0.107030571,0.109794497,-0.04548661,-0.068816118,0.108558096,0.097257592,-0.102664292,0.108336069,-0.107883275,-0.102113299,0.098211303,0.086457767,-0.064070955,0.079005852,0.11071796,-0.1107651,0.110563226,0.066333175,-0.093213707,-0.097737506,0.092328914,-0.096503004,0.087817512,0.110670812,0.093879156,-0.094216309,-0.037837125,-0.110072419,-0.005067215,-0.04704944,0.109705396,-0.105877466,-0.110737622,-0.110415697,-0.110672772,0.095599771,0.106830679,-0.044740502,-0.038416967,-0.03767154,-0.000713335,0.110194281,-0.093868069,-0.001655269,0.105343901,0.055507898,-0.016348461,0.032278787,-0.110278308,-0.103517555,-0.090075351,-0.106225245,0.108427241,-0.092300333,-0.100040272,-0.036584835,-0.095146433,0.042115312,0.110679455,-0.093940668,-0.06221943,0.11000099,-0.109925903,-0.095381789,-0.065372579,-0.097159386,0.109481417,0.009603211,0.110132225,-0.110528931,0.003447135,0.085908718,-0.107607961,-0.079823211,0.01174487,0.105573103,0.110695042,0.106337026,-0.080158859,-0.072357371,0.089088738,0.109984294,-0.110501714,-0.110823452,-0.110793486,-0.110386141,-0.060673244,-0.06478966,0.074297808,0.109029613,0.110502124,-0.062732525,-0.097635694,0.103323087,0.08401382,0.110093057,0.07066796,-0.071146019,0.07919053,-0.100646853,-0.109376855,0.079800971,0.019789262,0.082045428,-0.011695711,-0.056462929,-0.060285095,-0.063083924,-0.110746481,0.095420979,-0.104331136,-0.109714083,0.107165717,-0.009468037,-0.099114798,0.08039055,0.105780728,-0.102993838,-0.04875958,0.108908921,-0.012620037
methotrexate,FBOZXECLQNJBKD-ZDUSSCGKSA-N,D3,-0.094106816,0.094107434,0.094107434,0.09393473,-0.094107389,-0.094106965,0.094107397,0.094107397,0.094098791,0.094104469,-0.067247838,0.005628226,0.094072178,-0.094105996,0.094107434,-0.094107434,0.085631683,0.092254259,0.094107352,-0.094048411,0.014631383,-0.094107404,0.093959756,-0.094107389,0.094107307,0.094021872,-0.080917053,0.094067112,-0.094107434,-0.05343692,0.094107434,-0.094107434,0.094107434,0.093449138,0.053487021,-0.094107434,-0.09410698,-0.094107434,-0.094107434,-0.004300262,-0.094107434,-0.094107434,0.093831286,-0.094009966,0.094105937,-0.038679484,0.094107434,-0.094107352,0.094107434,-0.094102509,-0.094107434,0.00860719,-0.047113314,-0.094107434,0.093608923,0.094107434,0.094107434,-0.094107307,-0.094107434,-0.093999252,-0.094107211,0.083994426,0.094098799,0.094107434,0.093986034,-0.094107434,0.09013921,-0.094107434,0.093729705,-0.093901306,-0.094104826,0.094107434,0.094107412,0.093891822,0.076057434,0.094107434,0.094107434,-0.093922555,-0.094097733,-0.082978711,0.031031745,-0.093647934,0.093962066,-0.094107389,0.094069406,0.094107434,-0.094107345,0.094107375,-0.094107434,-0.090488113,0.063656867,0.094088063,0.092687823,0.073048413,-0.094107129,0.094103284,0.082113199,0.094107434,0.004601104,-0.093892485,-0.094107397,0.092206702,-0.09410654,0.087774806,0.094107434,0.094009124,-0.094096683,0.094107397,0.028277176,0.094107434,0.094106168,-0.094105899,-0.093145594,-0.038270302,-0.091773964,0.094088987,0.09408734,-0.0941073,0.093675382,0.094107434,-0.094105586,-0.094107434,-0.028896198,-0.094106361,-0.094107434,0.094107203,-0.083779037,-0.094092481
nicotine,SNICXCGAKADSCV-JTQLQIEISA-N,D3,0.094878092,-0.095186099,0.077431507,-0.095188037,-0.013026922,0.093570888,0.09501119,0.081952825,0.095187955,0.087100834,-0.095187552,0.09518785,0.094816886,-0.091781989,0.095173232,-0.092177071,0.095166139,-0.094904192,-0.095186755,0.091844581,0.038057722,0.095188037,-0.09518005,-0.025627771,0.09502852,0.095187999,-0.095187813,0.070970714,-0.095185645,0.086909257,0.095187336,-0.095188037,0.095116533,-0.095188037,0.094422124,-0.095187984,0.095187455,-0.095187962,0.0951818,-0.095111765,-0.095188037,0.071793079,0.095188037,-0.066550858,-0.095187932,0.093024842,-0.095188007,0.095188037,0.092971154,0.095187575,-0.079783753,0.095182814,0.095148891,-0.090883531,-0.095187977,-0.089905426,0.000463147,-0.095187716,-0.020492101,0.095183946,-0.093253896,0.095188037,0.095187955,-0.053739283,-0.094156884,0.093546294,0.091764435,0.083913416,0.095188037,-0.095188037,0.095187835,-0.062377289,-0.091993503,0.024981285,-0.09462411,0.095179141,0.095188037,0.095051922,0.095187992,-0.095124952,-0.054423593,-0.020164177,0.095187634,0.095188037,-0.076378837,0.095028803,-0.095023856,-0.087533511,0.095077217,-0.082798265,-0.094357058,-0.095188037,0.036177758,-0.095098227,0.070698068,-0.084459879,-0.092905015,0.095161363,-0.095187619,0.095186755,0.095054939,0.095172621,-0.093293212,0.00521237,-0.074706204,-0.095187597,0.095187902,-0.095187686,0.095188037,0.095188037,-0.094832614,0.093235828,0.094740905,0.090928502,-0.095188037,-0.095187284,-0.094212927,-0.095117919,0.093474954,0.095184244,-0.095110685,-0.091018915,-0.095156401,-0.061133176,-0.095138595,-0.040669423,0.095174342,0.095188037
omeprazole,KWORUUGOSLYAGD-UHFFFAOYSA-N,D3,-0.088257015,0.09461496,0.066898867,0.094618395,-0.094601728,0.09447439,0.030961074,0.081467278,0.033056475,-0.0895916,0.094607659,0.094618589,0.094618231,0.092627659,0.094526567,0.094530046,0.091403119,0.094618529,0.094618566,0.07770969,-0.03221539,0.057004984,-0.094618589,0.045168266,0.094479084,-0.094618589,0.094404452,-0.093035109,-0.087140672,-0.086400338,-0.094233856,-0.094618589,0.094618589,0.069717489,-0.094613053,-0.094618589,0.016444851,-0.094597608,0.093221627,-0.094617732,0.092361517,-0.06738282,0.093347304,-0.093157366,-0.094618589,0.092587017,0.09459535,-0.093684942,-0.094618589,0.094615012,0.094520137,-0.094539374,-0.094616018,0.094618484,0.094617359,-0.094559759,0.092832558,0.094501562,0.065419681,-0.094618589,-0.075960271,-0.094589844,0.094604835,0.094617464,-0.02610025,0.032859068,0.094596952,0.083304279,-0.094326392,0.094617069,0.066134669,-0.094618589,0.094618239,-0.075981714,-0.011042329,-0.088443473,0.094618276,-0.094604656,0.093858674,0.094551399,0.094618589,-0.094617419,-0.094618589,-0.094054595,0.063927829,0.093956351,0.09040226,-0.094616048,-0.093950316,0.094487019,0.093955077,0.092099197,0.092938706,-0.094597094,-0.079870209,-0.093814075,-0.094610408,-0.091495901,-0.094520271,-0.094617605,0.055373762,-0.093693487,-0.08670599,0.092991754,-0.090027787,0.094608121,0.093808994,-0.094618544,0.034666486,0.09461651,-0.094579265,0.078019969,-0.094404966,0.094618589,-0.094618589,0.094179586,-0.094615035,-0.09363056,0.094617724,-0.094117351,-0.094581775,-0.0945976,-0.094618395,0.094616935,-0.094547547,-0.094616912,-0.094615243,0.094617017
promethazine,PWWVAXIEGOYWEE-UHFFFAOYSA-N,D3,-0.091738559,0.091918163,-0.091918163,0.091911815,0.091897547,-0.091918163,0.091833964,-0.091298044,0.091918163,0.091918163,-0.091726989,0.035565328,-0.090912715,-0.090955101,0.091918163,0.091918133,0.091918163,-0.091875449,0.091917932,0.0917603,0.091918029,0.071222015,0.062815137,0.016019952,0.091898404,0.091918163,-0.091918126,-0.091918163,-0.091918163,0.07150691,-0.09173476,-0.091918163,0.091918163,-0.091918163,0.08975929,-0.091918163,-0.00929481,-0.091918163,-0.091918133,-0.091918163,-0.091918163,0.091918163,-0.091912836,-0.091918163,-0.091918163,0.091240399,0.091918163,0.084356308,-0.091918163,-0.091917604,0.091918163,0.091911227,-0.091918163,-0.091918163,0.017724613,0.091918163,0.091897413,-0.091918163,0.091918163,-0.001432744,-0.091917776,0.091918163,-0.089318007,0.091918163,-0.091918163,0.09191785,-0.089535512,0.060235437,0.090504274,-0.091917731,0.091918163,-0.091915958,-0.086325243,0.091718167,0.056847658,0.091918163,0.091918163,-0.091918163,-0.091918163,0.091918163,0.081178352,-0.091784708,0.088921055,0.091918163,-0.089829005,0.091918133,0.091918163,0.091918088,-0.091918163,0.089613624,-0.091915861,-0.091918163,0.091918163,-0.091907799,0.091918163,0.091918163,-0.066446364,-0.091910332,-0.078630067,0.091918163,-0.091917969,0.091918111,0.091918163,0.091917783,-0.09143427,-0.090587236,0.091918163,0.091813706,-0.09190958,0.091390401,-0.091899805,-0.091918163,0.091902502,0.091918029,-0.091918163,0.091863193,0.060736615,-0.091918163,0.091918163,-0.091911845,-0.091918163,-0.089443967,-0.091918163,-0.091918163,-0.091912493,0.091917932,0.091918163,0.091918163
quercetin,REFJWTPEDVJJIY-UHFFFAOYSA-N,D3,-0.094186492,0.094164051,-0.0336161,-0.093883045,0.094073653,0.09418685,-0.094186656,0.094174407,0.092137814,-0.000854719,-0.082545385,-0.09418685,-0.094183855,0.09418685,-0.094070442,0.094186813,-0.093710907,0.094180189,-0.066821538,0.093939006,-0.09407521,-0.092935711,-0.093903378,0.094183601,0.09194503,-0.021318004,0.03112755,-0.094171576,0.091116801,0.088355482,-0.094128512,0.094179913,-0.094164819,-0.094183743,0.088669136,0.058939211,0.094184667,-0.094183467,-0.094179586,-0.077670857,-0.094153531,0.094184339,-0.092085369,-0.094082817,-0.081112407,0.094142862,-0.094186813,-0.094071016,-0.094133124,-0.082516111,0.086240984,0.013242773,-0.093829691,-0.09418676,-0.093373477,-0.09418685,-0.031210568,0.094185948,0.09418495,0.09250737,0.09418685,-0.093860298,-0.093786374,0.090428352,-0.094175331,-0.094184421,0.09418685,0.09418685,-0.094180509,0.09418685,0.034897473,-0.09418685,-0.094091579,-0.091124617,0.09418685,-0.094185375,-0.094178319,-0.094184585,-0.09418685,-0.089330137,0.09418685,0.094184816,-0.094064847,0.093534045,0.088410154,-0.091974042,-0.092156515,0.094185203,-0.05677164,0.094147645,-0.094186723,-0.094186813,0.090444252,0.024821904,-0.093506426,-0.014781757,-0.094093032,0.094087631,-0.093178406,0.089442119,-0.09347073,0.076464884,0.094043933,0.094186202,-0.094141521,-0.094179086,-0.09418685,0.093905926,0.093136504,-0.094163954,-0.093238063,-0.09418685,0.09418685,-0.091712609,-0.084602386,0.094161876,-0.094159357,0.093493208,-0.045209363,-0.09418685,0.094014861,0.063626908,0.086755447,-0.093710989,0.094128177,0.066217035,0.091592051,-0.094106033
tamoxifene,NKANXQFJJICGDU-QPLCGJKRSA-N,D3,-0.089659519,0.089031011,-0.089659519,-0.089659519,0.089659519,-0.089659519,0.089653425,-0.0896594,0.089659519,0.089659519,-0.089659519,-0.089659519,-0.089659519,0.089659519,0.089659519,0.089658998,0.089659519,-0.089659519,0.089659519,-0.089659519,0.089241453,-0.089659519,0.08965379,0.089659519,0.089659438,0.089659519,-0.089659519,-0.089659065,-0.089659519,0.089659519,-0.089659519,-0.087076239,0.089659519,-0.089659519,0.089659519,-0.089659519,-0.089659519,-0.089659519,-0.089659519,0.089659519,-0.089659519,0.089659519,-0.089659519,-0.089659519,-0.089659177,0.089437693,0.089659519,0.089643575,-0.089659519,-0.089633994,0.089659519,0.089653566,-0.089659519,-0.089659519,-0.089659519,0.089659519,-0.009974968,-0.089659519,0.089659519,0.089659519,0.067171164,0.089659519,-0.089659519,0.082334504,-0.089659519,-0.089390889,-0.051469132,-0.089093015,-0.089659356,-0.089659519,0.089659519,-0.089659519,0.088734224,-0.0896556,0.089658767,0.089659519,0.089659519,-0.082140036,-0.089659519,0.089659519,-0.08965949,0.089659475,0.089659519,0.089659519,-0.089659519,0.089659519,0.089646734,0.089659519,0.027153336,0.089659519,-0.08265698,-0.089659519,0.089659519,0.089632533,0.089659519,0.089659519,0.089659519,-0.089659519,0.089659519,0.089659519,-0.089659519,0.089659519,0.089659519,0.089659519,0.089656033,0.089633614,0.089659519,0.089659519,-0.089659519,0.089600533,-0.089659519,-0.089659519,0.089659519,0.089659519,0.08955428,0.089645766,0.089659519,-0.089659519,0.089659519,-0.089659519,-0.089659519,0.089659519,0.089657098,-0.089659519,0.089659519,0.089659519,0.089659519,0.089659519
thymol,MGSRCZKZVOBKFT-UHFFFAOYSA-N,D3,0.091167636,0.091389813,-0.091603376,0.091603376,0.091603376,0.030967232,0.0908226,0.091132611,0.089767262,0.091603376,-0.091603376,-0.091590717,-0.091603376,0.038171154,0.091586143,0.091603078,-0.091603376,0.091603376,-0.091603376,0.091603376,0.091603376,-0.091603376,0.091603376,0.091603376,0.091572717,0.086564191,-0.091603376,-0.091603376,-0.091603376,0.090998575,-0.091533773,-0.086608231,0.091603331,-0.091603003,0.091603376,0.09160199,-0.091603376,-0.091603376,-0.091603376,-0.091603346,-0.091603376,0.091603376,-0.091603376,-0.091603376,0.088845387,-0.091603376,0.089791566,0.091596477,-0.091603376,-0.088852637,-0.091602467,0.088708997,-0.091216788,-0.091603376,-0.0915085,0.091602124,0.091576919,0.091603376,0.090833925,0.091603376,0.064257897,0.071804985,-0.091603376,-0.091528565,-0.09140975,-0.091603376,-0.091602735,0.091603376,-0.091603376,0.083559453,0.091603376,-0.091549598,-0.091603376,0.024362365,0.091603205,0.091603331,-0.090859637,-0.091603376,-0.091603376,0.091603182,-0.015821794,0.048979886,0.090287559,0.091603242,-0.091603376,-0.090868801,-0.091603376,0.091603376,-0.091603376,-0.091603376,-0.091603376,0.091603376,-0.091603346,-0.091603376,0.091603376,0.091603376,0.043293186,0.091398306,0.091603376,0.091569699,-0.091603376,0.091603376,0.091600955,-0.091531225,-0.090229787,-0.091603376,-0.091603376,0.091603376,-0.089646131,-0.074597143,0.091603376,-0.091603376,0.091603376,-0.091570742,-0.082082085,-0.090699002,0.091603376,0.088942684,0.091521248,-0.091603376,-0.091603376,0.09160091,-0.001691668,-0.091603376,0.082992442,-0.090508625,0.091603376,-0.084799796
ticagrelor,OEKWJQXRCDYSHL-FNOIDJSQSA-N,D3,0.094662018,-0.048799369,0.038123425,0.075972982,-0.114259526,-0.110421471,0.112944521,-0.078672476,0.098314054,-0.110319845,0.094341464,0.114001065,0.114853963,-0.062465273,-0.016655093,-0.071911693,0.036285758,-0.108327433,-0.074418291,-0.054765195,0.083503738,0.114844412,-0.104553521,-0.058093634,-0.114677563,-0.110445157,-0.112378232,-0.109552905,0.049150713,0.036270857,0.101286121,-0.109628335,0.076820262,0.043511517,-0.112142995,-0.051603749,0.064045452,0.113640122,-0.034031853,-0.114637598,0.106333956,-0.114343487,0.112275235,-0.030359097,-0.068667196,-0.009986336,0.058702707,0.054886896,-0.099862613,-0.095470592,0.08893875,-0.08190681,-0.098123804,0.111217432,0.107333504,0.040337887,0.100934364,-0.061539121,0.106396072,-0.012425723,-0.04710998,-0.053231783,0.034820102,0.114723779,0.088658094,0.11296653,0.078585982,-0.057160683,0.112480275,-0.088011578,-0.069501221,0.002154441,0.099458821,0.10636542,-0.113183118,-0.10247159,0.025721751,0.048267324,0.090848602,-0.079822332,0.05492023,-0.046377428,0.079808183,0.108502164,0.113880761,-0.109105892,0.114130683,-0.114264779,0.108946249,-0.037128679,-0.05471798,-0.058643136,-0.064381331,-0.110612735,-0.105598845,0.1051751,0.10997545,-0.086577602,-0.101060681,-0.112245724,0.112709865,-0.026332121,-0.084536128,0.085860223,-0.102379248,-0.103732347,0.108251564,-0.114864573,0.095159717,0.106880739,-0.10587915,0.086822182,0.00189445,0.11433848,-0.102742448,-0.114771098,0.003718084,-0.091201544,-0.114355311,0.072853327,0.038841914,0.018418664,-0.115000688,-0.112561971,0.00876337,-0.108460687,-0.110798955,0.024679361
tolfenamic,YEZNLOUZAIOMLT-UHFFFAOYSA-N,D3,-0.092082806,0.092082985,-0.092082985,0.092082746,0.092082985,0.092082225,-0.092082985,-0.092046872,-0.092082985,0.092082985,-0.080350481,-0.092082985,-0.092082985,-0.02511687,0.091752313,0.092082538,-0.092080854,0.092048086,-0.092082985,0.092082985,0.092082985,-0.092082985,0.092082821,0.09208148,-0.092055924,-0.092082985,-0.092082985,-0.092071153,-0.047892213,0.005712706,-0.092082985,0.092082985,0.039890438,0.09207654,0.092082985,0.091664106,-0.092082754,-0.092082985,-0.092082985,-0.092082985,-0.091976762,0.092082985,-0.092082985,-0.092082985,0.092082985,-0.092070967,0.035985101,-0.036382005,-0.092082985,-0.092082985,0.092080042,-0.092082985,-0.082583018,-0.092082985,0.007278198,-0.092082985,-0.078654848,0.092082985,0.092082985,0.092082985,-0.091470592,-0.092076965,-0.092082985,0.090240702,0.092082955,-0.092082985,0.092082828,0.092082985,-0.092082985,0.092082985,0.092082985,-0.092082985,-0.092082985,0.091828205,0.092036426,-0.092082985,-0.092082985,-0.092082985,-0.092082985,-0.072701648,0.092082985,0.091830611,-0.092082985,0.09105736,-0.092082985,-0.092082985,-0.092042834,0.091988325,-0.092082985,-0.07070788,-0.092078425,0.092082985,-0.09208297,-0.087659247,0.092082985,0.092082955,0.092072286,-0.09207236,0.092082985,0.091966346,-0.092082985,0.092082642,0.092082985,0.092078879,-0.030678162,-0.092082947,-0.092069507,0.092082985,-0.092082985,-0.092082985,0.075001672,-0.092082985,0.092082255,-0.092074014,0.092082985,0.092082985,-0.092082359,-0.092045382,0.092075773,-0.092082985,-0.092082985,-0.090603121,0.01934479,-0.09208294,0.092082985,-0.092082977,0.092082314,-0.092001498
