group,n_features,total_gain_norm,fraction_of_total_gain
CC,1581,0.9719888571509289,0.9719888571509289
SS,60,0.028011142849071184,0.028011142849071184
