scheme,accuracy_test,f1_macro_test,f1_weighted_test,roc_auc_test,precision_antag,recall_antag,f1_antag,precision_syn,recall_syn,f1_syn,n_test
CV1,0.7225913621262459,0.7221121181715909,0.7221887972043357,0.7631544090863936,0.7098765432098766,0.759075907590759,0.733652312599681,0.737410071942446,0.68561872909699,0.7105719237435009,602
