fold,roc_auc_test,accuracy_test,f1_weighted_test,roc_auc_train,accuracy_train,f1_weighted_train,n_train,n_test
1,0.8013638060801384,0.729264475743349,0.7294661681192548,0.9809211798414457,0.9084296106118956,0.9084082134983862,2337,639
2,0.8294107334604343,0.7520661157024794,0.7521678948011237,0.9786520371714412,0.9021509911429777,0.9021514785088782,2371,605
3,0.8306493506493506,0.7447916666666666,0.744844827525482,0.9784463930677344,0.9029166666666667,0.9028995566019273,2400,576
4,0.823146928219392,0.729636048526863,0.7305178265901074,0.9775232646356657,0.9012088370154231,0.901158940272768,2399,577
5,0.8233146402577257,0.7599309153713298,0.7599008355647804,0.9779550397829968,0.901543596161869,0.9015115350766194,2397,579
