Drug A,Drug B,Drug A Inchikey,Drug B Inchikey,Drug Pair
spiramycin,clarithromycin,ACTOXUHEUCPTEW-CEUOBAOPSA-N,AGOYDEPGAOXOCK-KCBOHYOISA-N,"('ACTOXUHEUCPTEW-CEUOBAOPSA-N', 'AGOYDEPGAOXOCK-KCBOHYOISA-N')"
spiramycin,chir-90,ACTOXUHEUCPTEW-CEUOBAOPSA-N,FQYBTYFKOHPWQT-VGSWGCGISA-N,"('ACTOXUHEUCPTEW-CEUOBAOPSA-N', 'FQYBTYFKOHPWQT-VGSWGCGISA-N')"
amikacin,spiramycin,LKCWBDHBTVXHDL-RMDFUYIESA-N,ACTOXUHEUCPTEW-CEUOBAOPSA-N,"('ACTOXUHEUCPTEW-CEUOBAOPSA-N', 'LKCWBDHBTVXHDL-RMDFUYIESA-N')"
ciprofloxacin,spiramycin,MYSWGUAQZAJSOK-UHFFFAOYSA-N,ACTOXUHEUCPTEW-CEUOBAOPSA-N,"('ACTOXUHEUCPTEW-CEUOBAOPSA-N', 'MYSWGUAQZAJSOK-UHFFFAOYSA-N')"
spiramycin,tobramycin,ACTOXUHEUCPTEW-CEUOBAOPSA-N,NLVFBUXFDBBNBW-PBSUHMDJSA-N,"('ACTOXUHEUCPTEW-CEUOBAOPSA-N', 'NLVFBUXFDBBNBW-PBSUHMDJSA-N')"
cefaclor,spiramycin,QYIYFLOTGYLRGG-GPCCPHFNSA-N,ACTOXUHEUCPTEW-CEUOBAOPSA-N,"('ACTOXUHEUCPTEW-CEUOBAOPSA-N', 'QYIYFLOTGYLRGG-GPCCPHFNSA-N')"
spiramycin,metformin,ACTOXUHEUCPTEW-CEUOBAOPSA-N,XZWYZXLIPXDOLR-UHFFFAOYSA-N,"('ACTOXUHEUCPTEW-CEUOBAOPSA-N', 'XZWYZXLIPXDOLR-UHFFFAOYSA-N')"
spiramycin,colistin,ACTOXUHEUCPTEW-CEUOBAOPSA-N,YKQOSKADJPQZHB-RGYSVOEGSA-N,"('ACTOXUHEUCPTEW-CEUOBAOPSA-N', 'YKQOSKADJPQZHB-RGYSVOEGSA-N')"
fosfomycin,spiramycin,YMDXZJFXQJVXBF-STHAYSLISA-N,ACTOXUHEUCPTEW-CEUOBAOPSA-N,"('ACTOXUHEUCPTEW-CEUOBAOPSA-N', 'YMDXZJFXQJVXBF-STHAYSLISA-N')"
clarithromycin,doxorubicin,AGOYDEPGAOXOCK-KCBOHYOISA-N,AOJJSUZBOXZQNB-TZSSRYMLSA-N,"('AGOYDEPGAOXOCK-KCBOHYOISA-N', 'AOJJSUZBOXZQNB-TZSSRYMLSA-N')"
clarithromycin,teicoplanin,AGOYDEPGAOXOCK-KCBOHYOISA-N,BJNLLBUOHPVGFT-CAYRISATSA-N,"('AGOYDEPGAOXOCK-KCBOHYOISA-N', 'BJNLLBUOHPVGFT-CAYRISATSA-N')"
acetylsalicylic acid,clarithromycin,BSYNRYMUTXBXSQ-UHFFFAOYSA-N,AGOYDEPGAOXOCK-KCBOHYOISA-N,"('AGOYDEPGAOXOCK-KCBOHYOISA-N', 'BSYNRYMUTXBXSQ-UHFFFAOYSA-N')"
mecillinam,clarithromycin,BWWVAEOLVKTZFQ-NTZNESFSSA-N,AGOYDEPGAOXOCK-KCBOHYOISA-N,"('AGOYDEPGAOXOCK-KCBOHYOISA-N', 'BWWVAEOLVKTZFQ-NTZNESFSSA-N')"
clarithromycin,gentamicin,AGOYDEPGAOXOCK-KCBOHYOISA-N,CEAZRRDELHUEMR-UHFFFAOYSA-N,"('AGOYDEPGAOXOCK-KCBOHYOISA-N', 'CEAZRRDELHUEMR-UHFFFAOYSA-N')"
bacitracin,clarithromycin,CLKOFPXJLQSYAH-ABRJDSQDSA-N,AGOYDEPGAOXOCK-KCBOHYOISA-N,"('AGOYDEPGAOXOCK-KCBOHYOISA-N', 'CLKOFPXJLQSYAH-ABRJDSQDSA-N')"
cycloserine d,clarithromycin,DYDCUQKUCUHJBH-UWTATZPHSA-N,AGOYDEPGAOXOCK-KCBOHYOISA-N,"('AGOYDEPGAOXOCK-KCBOHYOISA-N', 'DYDCUQKUCUHJBH-UWTATZPHSA-N')"
clarithromycin,moxifloxacin,AGOYDEPGAOXOCK-KCBOHYOISA-N,FABPRXSRWADJSP-MEDUHNTESA-N,"('AGOYDEPGAOXOCK-KCBOHYOISA-N', 'FABPRXSRWADJSP-MEDUHNTESA-N')"
clarithromycin,chir-90,AGOYDEPGAOXOCK-KCBOHYOISA-N,FQYBTYFKOHPWQT-VGSWGCGISA-N,"('AGOYDEPGAOXOCK-KCBOHYOISA-N', 'FQYBTYFKOHPWQT-VGSWGCGISA-N')"
chlorhexidine,clarithromycin,GHXZTYHSJHQHIJ-UHFFFAOYSA-N,AGOYDEPGAOXOCK-KCBOHYOISA-N,"('AGOYDEPGAOXOCK-KCBOHYOISA-N', 'GHXZTYHSJHQHIJ-UHFFFAOYSA-N')"
cefotaxime,clarithromycin,GPRBEKHLDVQUJE-QSWIMTSFSA-N,AGOYDEPGAOXOCK-KCBOHYOISA-N,"('AGOYDEPGAOXOCK-KCBOHYOISA-N', 'GPRBEKHLDVQUJE-QSWIMTSFSA-N')"
clarithromycin,levofloxacin,AGOYDEPGAOXOCK-KCBOHYOISA-N,GSDSWSVVBLHKDQ-JTQLQIEISA-N,"('AGOYDEPGAOXOCK-KCBOHYOISA-N', 'GSDSWSVVBLHKDQ-JTQLQIEISA-N')"
clarithromycin,ibuprofen,AGOYDEPGAOXOCK-KCBOHYOISA-N,HEFNNWSXXWATRW-UHFFFAOYSA-N,"('AGOYDEPGAOXOCK-KCBOHYOISA-N', 'HEFNNWSXXWATRW-UHFFFAOYSA-N')"
cefepime,clarithromycin,HVFLCNVBZFFHBT-ZKDACBOMSA-N,AGOYDEPGAOXOCK-KCBOHYOISA-N,"('AGOYDEPGAOXOCK-KCBOHYOISA-N', 'HVFLCNVBZFFHBT-ZKDACBOMSA-N')"
fusidic acid,clarithromycin,IECPWNUMDGFDKC-MZJAQBGESA-N,AGOYDEPGAOXOCK-KCBOHYOISA-N,"('AGOYDEPGAOXOCK-KCBOHYOISA-N', 'IECPWNUMDGFDKC-MZJAQBGESA-N')"
clarithromycin,trimethoprim,AGOYDEPGAOXOCK-KCBOHYOISA-N,IEDVJHCEMCRBQM-UHFFFAOYSA-N,"('AGOYDEPGAOXOCK-KCBOHYOISA-N', 'IEDVJHCEMCRBQM-UHFFFAOYSA-N')"
piperacillin,clarithromycin,IVBHGBMCVLDMKU-GXNBUGAJSA-N,AGOYDEPGAOXOCK-KCBOHYOISA-N,"('AGOYDEPGAOXOCK-KCBOHYOISA-N', 'IVBHGBMCVLDMKU-GXNBUGAJSA-N')"
penicillin g,clarithromycin,JGSARLDLIJGVTE-MBNYWOFBSA-N,AGOYDEPGAOXOCK-KCBOHYOISA-N,"('AGOYDEPGAOXOCK-KCBOHYOISA-N', 'JGSARLDLIJGVTE-MBNYWOFBSA-N')"
clindamycin,clarithromycin,KDLRVYVGXIQJDK-AWPVFWJPSA-N,AGOYDEPGAOXOCK-KCBOHYOISA-N,"('AGOYDEPGAOXOCK-KCBOHYOISA-N', 'KDLRVYVGXIQJDK-AWPVFWJPSA-N')"
amikacin,clarithromycin,LKCWBDHBTVXHDL-RMDFUYIESA-N,AGOYDEPGAOXOCK-KCBOHYOISA-N,"('AGOYDEPGAOXOCK-KCBOHYOISA-N', 'LKCWBDHBTVXHDL-RMDFUYIESA-N')"
amoxicillin,clarithromycin,LSQZJLSUYDQPKJ-NJBDSQKTSA-N,AGOYDEPGAOXOCK-KCBOHYOISA-N,"('AGOYDEPGAOXOCK-KCBOHYOISA-N', 'LSQZJLSUYDQPKJ-NJBDSQKTSA-N')"
procaine,clarithromycin,MFDFERRIHVXMIY-UHFFFAOYSA-N,AGOYDEPGAOXOCK-KCBOHYOISA-N,"('AGOYDEPGAOXOCK-KCBOHYOISA-N', 'MFDFERRIHVXMIY-UHFFFAOYSA-N')"
clarithromycin,thymol,AGOYDEPGAOXOCK-KCBOHYOISA-N,MGSRCZKZVOBKFT-UHFFFAOYSA-N,"('AGOYDEPGAOXOCK-KCBOHYOISA-N', 'MGSRCZKZVOBKFT-UHFFFAOYSA-N')"
clarithromycin,azithromycin,AGOYDEPGAOXOCK-KCBOHYOISA-N,MQTOSJVFKKJCRP-BICOPXKESA-N,"('AGOYDEPGAOXOCK-KCBOHYOISA-N', 'MQTOSJVFKKJCRP-BICOPXKESA-N')"
ciprofloxacin,clarithromycin,MYSWGUAQZAJSOK-UHFFFAOYSA-N,AGOYDEPGAOXOCK-KCBOHYOISA-N,"('AGOYDEPGAOXOCK-KCBOHYOISA-N', 'MYSWGUAQZAJSOK-UHFFFAOYSA-N')"
tobramycin,clarithromycin,NLVFBUXFDBBNBW-PBSUHMDJSA-N,AGOYDEPGAOXOCK-KCBOHYOISA-N,"('AGOYDEPGAOXOCK-KCBOHYOISA-N', 'NLVFBUXFDBBNBW-PBSUHMDJSA-N')"
clarithromycin,mitomycin c,AGOYDEPGAOXOCK-KCBOHYOISA-N,NWIBSHFKIJFRCO-WUDYKRTCSA-N,"('AGOYDEPGAOXOCK-KCBOHYOISA-N', 'NWIBSHFKIJFRCO-WUDYKRTCSA-N')"
nitrofurantoin,clarithromycin,NXFQHRVNIOXGAQ-YCRREMRBSA-N,AGOYDEPGAOXOCK-KCBOHYOISA-N,"('AGOYDEPGAOXOCK-KCBOHYOISA-N', 'NXFQHRVNIOXGAQ-YCRREMRBSA-N')"
clarithromycin,lincomycin,AGOYDEPGAOXOCK-KCBOHYOISA-N,OJMMVQQUTAEWLP-KIDUDLJLSA-N,"('AGOYDEPGAOXOCK-KCBOHYOISA-N', 'OJMMVQQUTAEWLP-KIDUDLJLSA-N')"
clarithromycin,bleomycin,AGOYDEPGAOXOCK-KCBOHYOISA-N,OYVAGSVQBOHSSS-WXFSZRTFSA-O,"('AGOYDEPGAOXOCK-KCBOHYOISA-N', 'OYVAGSVQBOHSSS-WXFSZRTFSA-O')"
clarithromycin,puromycin,AGOYDEPGAOXOCK-KCBOHYOISA-N,RXWNCPJZOCPEPQ-NVWDDTSBSA-N,"('AGOYDEPGAOXOCK-KCBOHYOISA-N', 'RXWNCPJZOCPEPQ-NVWDDTSBSA-N')"
caffeine,clarithromycin,RYYVLZVUVIJVGH-UHFFFAOYSA-N,AGOYDEPGAOXOCK-KCBOHYOISA-N,"('AGOYDEPGAOXOCK-KCBOHYOISA-N', 'RYYVLZVUVIJVGH-UHFFFAOYSA-N')"
cefsulodin,clarithromycin,SYLKGLMBLAAGSC-QLVMHMETSA-N,AGOYDEPGAOXOCK-KCBOHYOISA-N,"('AGOYDEPGAOXOCK-KCBOHYOISA-N', 'SYLKGLMBLAAGSC-QLVMHMETSA-N')"
clarithromycin,linezolid,AGOYDEPGAOXOCK-KCBOHYOISA-N,TYZROVQLWOKYKF-ZDUSSCGKSA-N,"('AGOYDEPGAOXOCK-KCBOHYOISA-N', 'TYZROVQLWOKYKF-ZDUSSCGKSA-N')"
cccp,clarithromycin,UGTJLJZQQFGTJD-UHFFFAOYSA-N,AGOYDEPGAOXOCK-KCBOHYOISA-N,"('AGOYDEPGAOXOCK-KCBOHYOISA-N', 'UGTJLJZQQFGTJD-UHFFFAOYSA-N')"
spectinomycin,clarithromycin,UNFWWIHTNXNPBV-WXKVUWSESA-N,AGOYDEPGAOXOCK-KCBOHYOISA-N,"('AGOYDEPGAOXOCK-KCBOHYOISA-N', 'UNFWWIHTNXNPBV-WXKVUWSESA-N')"
clarithromycin,metronidazole,AGOYDEPGAOXOCK-KCBOHYOISA-N,VAOCPAMSLUNLGC-UHFFFAOYSA-N,"('AGOYDEPGAOXOCK-KCBOHYOISA-N', 'VAOCPAMSLUNLGC-UHFFFAOYSA-N')"
benzalkonium,clarithromycin,VVZBFOKBSDGVGZ-UHFFFAOYSA-N,AGOYDEPGAOXOCK-KCBOHYOISA-N,"('AGOYDEPGAOXOCK-KCBOHYOISA-N', 'VVZBFOKBSDGVGZ-UHFFFAOYSA-N')"
chloramphenicol,clarithromycin,WIIZWVCIJKGZOK-RKDXNWHRSA-N,AGOYDEPGAOXOCK-KCBOHYOISA-N,"('AGOYDEPGAOXOCK-KCBOHYOISA-N', 'WIIZWVCIJKGZOK-RKDXNWHRSA-N')"
egcg,clarithromycin,WMBWREPUVVBILR-WIYYLYMNSA-N,AGOYDEPGAOXOCK-KCBOHYOISA-N,"('AGOYDEPGAOXOCK-KCBOHYOISA-N', 'WMBWREPUVVBILR-WIYYLYMNSA-N')"
sulfamonomethoxine,clarithromycin,WMPXPUYPYQKQCX-UHFFFAOYSA-N,AGOYDEPGAOXOCK-KCBOHYOISA-N,"('AGOYDEPGAOXOCK-KCBOHYOISA-N', 'WMPXPUYPYQKQCX-UHFFFAOYSA-N')"
polymyxin b,clarithromycin,WQVJHHACXVLGBL-BPJDFBQWSA-N,AGOYDEPGAOXOCK-KCBOHYOISA-N,"('AGOYDEPGAOXOCK-KCBOHYOISA-N', 'WQVJHHACXVLGBL-BPJDFBQWSA-N')"
aztreonam,clarithromycin,WZPBZJONDBGPKJ-VEHQQRBSSA-N,AGOYDEPGAOXOCK-KCBOHYOISA-N,"('AGOYDEPGAOXOCK-KCBOHYOISA-N', 'WZPBZJONDBGPKJ-VEHQQRBSSA-N')"
clarithromycin,tedizolid,AGOYDEPGAOXOCK-KCBOHYOISA-N,XFALPSLJIHVRKE-GFCCVEGCSA-N,"('AGOYDEPGAOXOCK-KCBOHYOISA-N', 'XFALPSLJIHVRKE-GFCCVEGCSA-N')"
clarithromycin,metformin,AGOYDEPGAOXOCK-KCBOHYOISA-N,XZWYZXLIPXDOLR-UHFFFAOYSA-N,"('AGOYDEPGAOXOCK-KCBOHYOISA-N', 'XZWYZXLIPXDOLR-UHFFFAOYSA-N')"
clarithromycin,berberine,AGOYDEPGAOXOCK-KCBOHYOISA-N,YBHILYKTIRIUTE-UHFFFAOYSA-N,"('AGOYDEPGAOXOCK-KCBOHYOISA-N', 'YBHILYKTIRIUTE-UHFFFAOYSA-N')"
clarithromycin,tolfenamic,AGOYDEPGAOXOCK-KCBOHYOISA-N,YEZNLOUZAIOMLT-UHFFFAOYSA-N,"('AGOYDEPGAOXOCK-KCBOHYOISA-N', 'YEZNLOUZAIOMLT-UHFFFAOYSA-N')"
novobiocin,clarithromycin,YJQPYGGHQPGBLI-KGSXXDOSSA-N,AGOYDEPGAOXOCK-KCBOHYOISA-N,"('AGOYDEPGAOXOCK-KCBOHYOISA-N', 'YJQPYGGHQPGBLI-KGSXXDOSSA-N')"
clarithromycin,colistin,AGOYDEPGAOXOCK-KCBOHYOISA-N,YKQOSKADJPQZHB-RGYSVOEGSA-N,"('AGOYDEPGAOXOCK-KCBOHYOISA-N', 'YKQOSKADJPQZHB-RGYSVOEGSA-N')"
fosfomycin,clarithromycin,YMDXZJFXQJVXBF-STHAYSLISA-N,AGOYDEPGAOXOCK-KCBOHYOISA-N,"('AGOYDEPGAOXOCK-KCBOHYOISA-N', 'YMDXZJFXQJVXBF-STHAYSLISA-N')"
clarithromycin,pyocyanin,AGOYDEPGAOXOCK-KCBOHYOISA-N,YNCMLFHHXWETLD-UHFFFAOYSA-N,"('AGOYDEPGAOXOCK-KCBOHYOISA-N', 'YNCMLFHHXWETLD-UHFFFAOYSA-N')"
cephalexin,clarithromycin,ZAIPMKNFIOOWCQ-UEKVPHQBSA-N,AGOYDEPGAOXOCK-KCBOHYOISA-N,"('AGOYDEPGAOXOCK-KCBOHYOISA-N', 'ZAIPMKNFIOOWCQ-UEKVPHQBSA-N')"
chlorpromazine,clarithromycin,ZPEIMTDSQAKGNT-UHFFFAOYSA-N,AGOYDEPGAOXOCK-KCBOHYOISA-N,"('AGOYDEPGAOXOCK-KCBOHYOISA-N', 'ZPEIMTDSQAKGNT-UHFFFAOYSA-N')"
auranofin,doxorubicin,AUJRCFUBUPVWSZ-XTZHGVARSA-M,AOJJSUZBOXZQNB-TZSSRYMLSA-N,"('AOJJSUZBOXZQNB-TZSSRYMLSA-N', 'AUJRCFUBUPVWSZ-XTZHGVARSA-M')"
acetylsalicylic acid,doxorubicin,BSYNRYMUTXBXSQ-UHFFFAOYSA-N,AOJJSUZBOXZQNB-TZSSRYMLSA-N,"('AOJJSUZBOXZQNB-TZSSRYMLSA-N', 'BSYNRYMUTXBXSQ-UHFFFAOYSA-N')"
mecillinam,doxorubicin,BWWVAEOLVKTZFQ-NTZNESFSSA-N,AOJJSUZBOXZQNB-TZSSRYMLSA-N,"('AOJJSUZBOXZQNB-TZSSRYMLSA-N', 'BWWVAEOLVKTZFQ-NTZNESFSSA-N')"
doxorubicin,miconazole,AOJJSUZBOXZQNB-TZSSRYMLSA-N,BYBLEWFAAKGYCD-UHFFFAOYSA-N,"('AOJJSUZBOXZQNB-TZSSRYMLSA-N', 'BYBLEWFAAKGYCD-UHFFFAOYSA-N')"
doxorubicin,gentamicin,AOJJSUZBOXZQNB-TZSSRYMLSA-N,CEAZRRDELHUEMR-UHFFFAOYSA-N,"('AOJJSUZBOXZQNB-TZSSRYMLSA-N', 'CEAZRRDELHUEMR-UHFFFAOYSA-N')"
doxorubicin,moxifloxacin,AOJJSUZBOXZQNB-TZSSRYMLSA-N,FABPRXSRWADJSP-MEDUHNTESA-N,"('AOJJSUZBOXZQNB-TZSSRYMLSA-N', 'FABPRXSRWADJSP-MEDUHNTESA-N')"
cefotaxime,doxorubicin,GPRBEKHLDVQUJE-QSWIMTSFSA-N,AOJJSUZBOXZQNB-TZSSRYMLSA-N,"('AOJJSUZBOXZQNB-TZSSRYMLSA-N', 'GPRBEKHLDVQUJE-QSWIMTSFSA-N')"
doxorubicin,levofloxacin,AOJJSUZBOXZQNB-TZSSRYMLSA-N,GSDSWSVVBLHKDQ-JTQLQIEISA-N,"('AOJJSUZBOXZQNB-TZSSRYMLSA-N', 'GSDSWSVVBLHKDQ-JTQLQIEISA-N')"
cefepime,doxorubicin,HVFLCNVBZFFHBT-ZKDACBOMSA-N,AOJJSUZBOXZQNB-TZSSRYMLSA-N,"('AOJJSUZBOXZQNB-TZSSRYMLSA-N', 'HVFLCNVBZFFHBT-ZKDACBOMSA-N')"
cefuroxime,doxorubicin,JFPVXVDWJQMJEE-IZRZKJBUSA-N,AOJJSUZBOXZQNB-TZSSRYMLSA-N,"('AOJJSUZBOXZQNB-TZSSRYMLSA-N', 'JFPVXVDWJQMJEE-IZRZKJBUSA-N')"
rifampicin,doxorubicin,JQXXHWHPUNPDRT-WLSIYKJHSA-N,AOJJSUZBOXZQNB-TZSSRYMLSA-N,"('AOJJSUZBOXZQNB-TZSSRYMLSA-N', 'JQXXHWHPUNPDRT-WLSIYKJHSA-N')"
clindamycin,doxorubicin,KDLRVYVGXIQJDK-AWPVFWJPSA-N,AOJJSUZBOXZQNB-TZSSRYMLSA-N,"('AOJJSUZBOXZQNB-TZSSRYMLSA-N', 'KDLRVYVGXIQJDK-AWPVFWJPSA-N')"
azithromycin,doxorubicin,MQTOSJVFKKJCRP-BICOPXKESA-N,AOJJSUZBOXZQNB-TZSSRYMLSA-N,"('AOJJSUZBOXZQNB-TZSSRYMLSA-N', 'MQTOSJVFKKJCRP-BICOPXKESA-N')"
ciprofloxacin,doxorubicin,MYSWGUAQZAJSOK-UHFFFAOYSA-N,AOJJSUZBOXZQNB-TZSSRYMLSA-N,"('AOJJSUZBOXZQNB-TZSSRYMLSA-N', 'MYSWGUAQZAJSOK-UHFFFAOYSA-N')"
doxorubicin,mitomycin c,AOJJSUZBOXZQNB-TZSSRYMLSA-N,NWIBSHFKIJFRCO-WUDYKRTCSA-N,"('AOJJSUZBOXZQNB-TZSSRYMLSA-N', 'NWIBSHFKIJFRCO-WUDYKRTCSA-N')"
doxorubicin,nitrofurantoin,AOJJSUZBOXZQNB-TZSSRYMLSA-N,NXFQHRVNIOXGAQ-YCRREMRBSA-N,"('AOJJSUZBOXZQNB-TZSSRYMLSA-N', 'NXFQHRVNIOXGAQ-YCRREMRBSA-N')"
doxorubicin,ticagrelor,AOJJSUZBOXZQNB-TZSSRYMLSA-N,OEKWJQXRCDYSHL-FNOIDJSQSA-N,"('AOJJSUZBOXZQNB-TZSSRYMLSA-N', 'OEKWJQXRCDYSHL-FNOIDJSQSA-N')"
doxorubicin,lincomycin,AOJJSUZBOXZQNB-TZSSRYMLSA-N,OJMMVQQUTAEWLP-KIDUDLJLSA-N,"('AOJJSUZBOXZQNB-TZSSRYMLSA-N', 'OJMMVQQUTAEWLP-KIDUDLJLSA-N')"
doxorubicin,puromycin,AOJJSUZBOXZQNB-TZSSRYMLSA-N,RXWNCPJZOCPEPQ-NVWDDTSBSA-N,"('AOJJSUZBOXZQNB-TZSSRYMLSA-N', 'RXWNCPJZOCPEPQ-NVWDDTSBSA-N')"
doxorubicin,streptomycin,AOJJSUZBOXZQNB-TZSSRYMLSA-N,UCSJYZPVAKXKNQ-HZYVHMACSA-N,"('AOJJSUZBOXZQNB-TZSSRYMLSA-N', 'UCSJYZPVAKXKNQ-HZYVHMACSA-N')"
cccp,doxorubicin,UGTJLJZQQFGTJD-UHFFFAOYSA-N,AOJJSUZBOXZQNB-TZSSRYMLSA-N,"('AOJJSUZBOXZQNB-TZSSRYMLSA-N', 'UGTJLJZQQFGTJD-UHFFFAOYSA-N')"
doxorubicin,spectinomycin,AOJJSUZBOXZQNB-TZSSRYMLSA-N,UNFWWIHTNXNPBV-WXKVUWSESA-N,"('AOJJSUZBOXZQNB-TZSSRYMLSA-N', 'UNFWWIHTNXNPBV-WXKVUWSESA-N')"
doxorubicin,oritavancin,AOJJSUZBOXZQNB-TZSSRYMLSA-N,VHFGEBVPHAGQPI-LXKZPTCJSA-N,"('AOJJSUZBOXZQNB-TZSSRYMLSA-N', 'VHFGEBVPHAGQPI-LXKZPTCJSA-N')"
chloramphenicol,doxorubicin,WIIZWVCIJKGZOK-RKDXNWHRSA-N,AOJJSUZBOXZQNB-TZSSRYMLSA-N,"('AOJJSUZBOXZQNB-TZSSRYMLSA-N', 'WIIZWVCIJKGZOK-RKDXNWHRSA-N')"
polymyxin b,doxorubicin,WQVJHHACXVLGBL-BPJDFBQWSA-N,AOJJSUZBOXZQNB-TZSSRYMLSA-N,"('AOJJSUZBOXZQNB-TZSSRYMLSA-N', 'WQVJHHACXVLGBL-BPJDFBQWSA-N')"
aztreonam,doxorubicin,WZPBZJONDBGPKJ-VEHQQRBSSA-N,AOJJSUZBOXZQNB-TZSSRYMLSA-N,"('AOJJSUZBOXZQNB-TZSSRYMLSA-N', 'WZPBZJONDBGPKJ-VEHQQRBSSA-N')"
doxorubicin,novobiocin,AOJJSUZBOXZQNB-TZSSRYMLSA-N,YJQPYGGHQPGBLI-KGSXXDOSSA-N,"('AOJJSUZBOXZQNB-TZSSRYMLSA-N', 'YJQPYGGHQPGBLI-KGSXXDOSSA-N')"
doxorubicin,fosfomycin,AOJJSUZBOXZQNB-TZSSRYMLSA-N,YMDXZJFXQJVXBF-STHAYSLISA-N,"('AOJJSUZBOXZQNB-TZSSRYMLSA-N', 'YMDXZJFXQJVXBF-STHAYSLISA-N')"
doxorubicin,streptozotocin,AOJJSUZBOXZQNB-TZSSRYMLSA-N,ZSJLQEPLLKMAKR-GKHCUFPYSA-N,"('AOJJSUZBOXZQNB-TZSSRYMLSA-N', 'ZSJLQEPLLKMAKR-GKHCUFPYSA-N')"
auranofin,bacitracin,AUJRCFUBUPVWSZ-XTZHGVARSA-M,CLKOFPXJLQSYAH-ABRJDSQDSA-N,"('AUJRCFUBUPVWSZ-XTZHGVARSA-M', 'CLKOFPXJLQSYAH-ABRJDSQDSA-N')"
auranofin,daptomycin,AUJRCFUBUPVWSZ-XTZHGVARSA-M,DOAKLVKFURWEDJ-QCMAZARJSA-N,"('AUJRCFUBUPVWSZ-XTZHGVARSA-M', 'DOAKLVKFURWEDJ-QCMAZARJSA-N')"
auranofin,cycloserine d,AUJRCFUBUPVWSZ-XTZHGVARSA-M,DYDCUQKUCUHJBH-UWTATZPHSA-N,"('AUJRCFUBUPVWSZ-XTZHGVARSA-M', 'DYDCUQKUCUHJBH-UWTATZPHSA-N')"
auranofin,cefuroxime,AUJRCFUBUPVWSZ-XTZHGVARSA-M,JFPVXVDWJQMJEE-IZRZKJBUSA-N,"('AUJRCFUBUPVWSZ-XTZHGVARSA-M', 'JFPVXVDWJQMJEE-IZRZKJBUSA-N')"
amoxicillin,auranofin,LSQZJLSUYDQPKJ-NJBDSQKTSA-N,AUJRCFUBUPVWSZ-XTZHGVARSA-M,"('AUJRCFUBUPVWSZ-XTZHGVARSA-M', 'LSQZJLSUYDQPKJ-NJBDSQKTSA-N')"
auranofin,ciprofloxacin,AUJRCFUBUPVWSZ-XTZHGVARSA-M,MYSWGUAQZAJSOK-UHFFFAOYSA-N,"('AUJRCFUBUPVWSZ-XTZHGVARSA-M', 'MYSWGUAQZAJSOK-UHFFFAOYSA-N')"
auranofin,nitrofurantoin,AUJRCFUBUPVWSZ-XTZHGVARSA-M,NXFQHRVNIOXGAQ-YCRREMRBSA-N,"('AUJRCFUBUPVWSZ-XTZHGVARSA-M', 'NXFQHRVNIOXGAQ-YCRREMRBSA-N')"
auranofin,diacerein,AUJRCFUBUPVWSZ-XTZHGVARSA-M,TYNLGDBUJLVSMA-UHFFFAOYSA-N,"('AUJRCFUBUPVWSZ-XTZHGVARSA-M', 'TYNLGDBUJLVSMA-UHFFFAOYSA-N')"
auranofin,streptomycin,AUJRCFUBUPVWSZ-XTZHGVARSA-M,UCSJYZPVAKXKNQ-HZYVHMACSA-N,"('AUJRCFUBUPVWSZ-XTZHGVARSA-M', 'UCSJYZPVAKXKNQ-HZYVHMACSA-N')"
auranofin,spectinomycin,AUJRCFUBUPVWSZ-XTZHGVARSA-M,UNFWWIHTNXNPBV-WXKVUWSESA-N,"('AUJRCFUBUPVWSZ-XTZHGVARSA-M', 'UNFWWIHTNXNPBV-WXKVUWSESA-N')"
auranofin,metronidazole,AUJRCFUBUPVWSZ-XTZHGVARSA-M,VAOCPAMSLUNLGC-UHFFFAOYSA-N,"('AUJRCFUBUPVWSZ-XTZHGVARSA-M', 'VAOCPAMSLUNLGC-UHFFFAOYSA-N')"
auranofin,pyocyanin,AUJRCFUBUPVWSZ-XTZHGVARSA-M,YNCMLFHHXWETLD-UHFFFAOYSA-N,"('AUJRCFUBUPVWSZ-XTZHGVARSA-M', 'YNCMLFHHXWETLD-UHFFFAOYSA-N')"
acetylsalicylic acid,teicoplanin,BSYNRYMUTXBXSQ-UHFFFAOYSA-N,BJNLLBUOHPVGFT-CAYRISATSA-N,"('BJNLLBUOHPVGFT-CAYRISATSA-N', 'BSYNRYMUTXBXSQ-UHFFFAOYSA-N')"
moxifloxacin,teicoplanin,FABPRXSRWADJSP-MEDUHNTESA-N,BJNLLBUOHPVGFT-CAYRISATSA-N,"('BJNLLBUOHPVGFT-CAYRISATSA-N', 'FABPRXSRWADJSP-MEDUHNTESA-N')"
cefotaxime,teicoplanin,GPRBEKHLDVQUJE-QSWIMTSFSA-N,BJNLLBUOHPVGFT-CAYRISATSA-N,"('BJNLLBUOHPVGFT-CAYRISATSA-N', 'GPRBEKHLDVQUJE-QSWIMTSFSA-N')"
cefepime,teicoplanin,HVFLCNVBZFFHBT-ZKDACBOMSA-N,BJNLLBUOHPVGFT-CAYRISATSA-N,"('BJNLLBUOHPVGFT-CAYRISATSA-N', 'HVFLCNVBZFFHBT-ZKDACBOMSA-N')"
teicoplanin,trimethoprim,BJNLLBUOHPVGFT-CAYRISATSA-N,IEDVJHCEMCRBQM-UHFFFAOYSA-N,"('BJNLLBUOHPVGFT-CAYRISATSA-N', 'IEDVJHCEMCRBQM-UHFFFAOYSA-N')"
cefuroxime,teicoplanin,JFPVXVDWJQMJEE-IZRZKJBUSA-N,BJNLLBUOHPVGFT-CAYRISATSA-N,"('BJNLLBUOHPVGFT-CAYRISATSA-N', 'JFPVXVDWJQMJEE-IZRZKJBUSA-N')"
teicoplanin,rifampicin,BJNLLBUOHPVGFT-CAYRISATSA-N,JQXXHWHPUNPDRT-WLSIYKJHSA-N,"('BJNLLBUOHPVGFT-CAYRISATSA-N', 'JQXXHWHPUNPDRT-WLSIYKJHSA-N')"
clindamycin,teicoplanin,KDLRVYVGXIQJDK-AWPVFWJPSA-N,BJNLLBUOHPVGFT-CAYRISATSA-N,"('BJNLLBUOHPVGFT-CAYRISATSA-N', 'KDLRVYVGXIQJDK-AWPVFWJPSA-N')"
procaine,teicoplanin,MFDFERRIHVXMIY-UHFFFAOYSA-N,BJNLLBUOHPVGFT-CAYRISATSA-N,"('BJNLLBUOHPVGFT-CAYRISATSA-N', 'MFDFERRIHVXMIY-UHFFFAOYSA-N')"
azithromycin,teicoplanin,MQTOSJVFKKJCRP-BICOPXKESA-N,BJNLLBUOHPVGFT-CAYRISATSA-N,"('BJNLLBUOHPVGFT-CAYRISATSA-N', 'MQTOSJVFKKJCRP-BICOPXKESA-N')"
ciprofloxacin,teicoplanin,MYSWGUAQZAJSOK-UHFFFAOYSA-N,BJNLLBUOHPVGFT-CAYRISATSA-N,"('BJNLLBUOHPVGFT-CAYRISATSA-N', 'MYSWGUAQZAJSOK-UHFFFAOYSA-N')"
mitomycin c,teicoplanin,NWIBSHFKIJFRCO-WUDYKRTCSA-N,BJNLLBUOHPVGFT-CAYRISATSA-N,"('BJNLLBUOHPVGFT-CAYRISATSA-N', 'NWIBSHFKIJFRCO-WUDYKRTCSA-N')"
nitrofurantoin,teicoplanin,NXFQHRVNIOXGAQ-YCRREMRBSA-N,BJNLLBUOHPVGFT-CAYRISATSA-N,"('BJNLLBUOHPVGFT-CAYRISATSA-N', 'NXFQHRVNIOXGAQ-YCRREMRBSA-N')"
lincomycin,teicoplanin,OJMMVQQUTAEWLP-KIDUDLJLSA-N,BJNLLBUOHPVGFT-CAYRISATSA-N,"('BJNLLBUOHPVGFT-CAYRISATSA-N', 'OJMMVQQUTAEWLP-KIDUDLJLSA-N')"
streptomycin,teicoplanin,UCSJYZPVAKXKNQ-HZYVHMACSA-N,BJNLLBUOHPVGFT-CAYRISATSA-N,"('BJNLLBUOHPVGFT-CAYRISATSA-N', 'UCSJYZPVAKXKNQ-HZYVHMACSA-N')"
cccp,teicoplanin,UGTJLJZQQFGTJD-UHFFFAOYSA-N,BJNLLBUOHPVGFT-CAYRISATSA-N,"('BJNLLBUOHPVGFT-CAYRISATSA-N', 'UGTJLJZQQFGTJD-UHFFFAOYSA-N')"
erythromycin,teicoplanin,ULGZDMOVFRHVEP-RWJQBGPGSA-N,BJNLLBUOHPVGFT-CAYRISATSA-N,"('BJNLLBUOHPVGFT-CAYRISATSA-N', 'ULGZDMOVFRHVEP-RWJQBGPGSA-N')"
spectinomycin,teicoplanin,UNFWWIHTNXNPBV-WXKVUWSESA-N,BJNLLBUOHPVGFT-CAYRISATSA-N,"('BJNLLBUOHPVGFT-CAYRISATSA-N', 'UNFWWIHTNXNPBV-WXKVUWSESA-N')"
oritavancin,teicoplanin,VHFGEBVPHAGQPI-LXKZPTCJSA-N,BJNLLBUOHPVGFT-CAYRISATSA-N,"('BJNLLBUOHPVGFT-CAYRISATSA-N', 'VHFGEBVPHAGQPI-LXKZPTCJSA-N')"
benzalkonium,teicoplanin,VVZBFOKBSDGVGZ-UHFFFAOYSA-N,BJNLLBUOHPVGFT-CAYRISATSA-N,"('BJNLLBUOHPVGFT-CAYRISATSA-N', 'VVZBFOKBSDGVGZ-UHFFFAOYSA-N')"
chloramphenicol,teicoplanin,WIIZWVCIJKGZOK-RKDXNWHRSA-N,BJNLLBUOHPVGFT-CAYRISATSA-N,"('BJNLLBUOHPVGFT-CAYRISATSA-N', 'WIIZWVCIJKGZOK-RKDXNWHRSA-N')"
egcg,teicoplanin,WMBWREPUVVBILR-WIYYLYMNSA-N,BJNLLBUOHPVGFT-CAYRISATSA-N,"('BJNLLBUOHPVGFT-CAYRISATSA-N', 'WMBWREPUVVBILR-WIYYLYMNSA-N')"
teicoplanin,triclosan,BJNLLBUOHPVGFT-CAYRISATSA-N,XEFQLINVKFYRCS-UHFFFAOYSA-N,"('BJNLLBUOHPVGFT-CAYRISATSA-N', 'XEFQLINVKFYRCS-UHFFFAOYSA-N')"
novobiocin,teicoplanin,YJQPYGGHQPGBLI-KGSXXDOSSA-N,BJNLLBUOHPVGFT-CAYRISATSA-N,"('BJNLLBUOHPVGFT-CAYRISATSA-N', 'YJQPYGGHQPGBLI-KGSXXDOSSA-N')"
fosfomycin,teicoplanin,YMDXZJFXQJVXBF-STHAYSLISA-N,BJNLLBUOHPVGFT-CAYRISATSA-N,"('BJNLLBUOHPVGFT-CAYRISATSA-N', 'YMDXZJFXQJVXBF-STHAYSLISA-N')"
streptozotocin,teicoplanin,ZSJLQEPLLKMAKR-GKHCUFPYSA-N,BJNLLBUOHPVGFT-CAYRISATSA-N,"('BJNLLBUOHPVGFT-CAYRISATSA-N', 'ZSJLQEPLLKMAKR-GKHCUFPYSA-N')"
imipenem,teicoplanin,ZSKVGTPCRGIANV-ZXFLCMHBSA-N,BJNLLBUOHPVGFT-CAYRISATSA-N,"('BJNLLBUOHPVGFT-CAYRISATSA-N', 'ZSKVGTPCRGIANV-ZXFLCMHBSA-N')"
acetylsalicylic acid,gentamicin,BSYNRYMUTXBXSQ-UHFFFAOYSA-N,CEAZRRDELHUEMR-UHFFFAOYSA-N,"('BSYNRYMUTXBXSQ-UHFFFAOYSA-N', 'CEAZRRDELHUEMR-UHFFFAOYSA-N')"
acetylsalicylic acid,bacitracin,BSYNRYMUTXBXSQ-UHFFFAOYSA-N,CLKOFPXJLQSYAH-ABRJDSQDSA-N,"('BSYNRYMUTXBXSQ-UHFFFAOYSA-N', 'CLKOFPXJLQSYAH-ABRJDSQDSA-N')"
acetylsalicylic acid,daptomycin,BSYNRYMUTXBXSQ-UHFFFAOYSA-N,DOAKLVKFURWEDJ-QCMAZARJSA-N,"('BSYNRYMUTXBXSQ-UHFFFAOYSA-N', 'DOAKLVKFURWEDJ-QCMAZARJSA-N')"
cycloserine d,acetylsalisylic acid,DYDCUQKUCUHJBH-UWTATZPHSA-N,BSYNRYMUTXBXSQ-UHFFFAOYSA-N,"('BSYNRYMUTXBXSQ-UHFFFAOYSA-N', 'DYDCUQKUCUHJBH-UWTATZPHSA-N')"
acetylsalicylic acid,moxifloxacin,BSYNRYMUTXBXSQ-UHFFFAOYSA-N,FABPRXSRWADJSP-MEDUHNTESA-N,"('BSYNRYMUTXBXSQ-UHFFFAOYSA-N', 'FABPRXSRWADJSP-MEDUHNTESA-N')"
acetylsalicylic acid,methotrexate,BSYNRYMUTXBXSQ-UHFFFAOYSA-N,FBOZXECLQNJBKD-ZDUSSCGKSA-N,"('BSYNRYMUTXBXSQ-UHFFFAOYSA-N', 'FBOZXECLQNJBKD-ZDUSSCGKSA-N')"
acetylsalicylic acid,cefotaxime,BSYNRYMUTXBXSQ-UHFFFAOYSA-N,GPRBEKHLDVQUJE-QSWIMTSFSA-N,"('BSYNRYMUTXBXSQ-UHFFFAOYSA-N', 'GPRBEKHLDVQUJE-QSWIMTSFSA-N')"
levofloxacin,acetylsalisylic acid,GSDSWSVVBLHKDQ-JTQLQIEISA-N,BSYNRYMUTXBXSQ-UHFFFAOYSA-N,"('BSYNRYMUTXBXSQ-UHFFFAOYSA-N', 'GSDSWSVVBLHKDQ-JTQLQIEISA-N')"
acetylsalicylic acid,ibuprofen,BSYNRYMUTXBXSQ-UHFFFAOYSA-N,HEFNNWSXXWATRW-UHFFFAOYSA-N,"('BSYNRYMUTXBXSQ-UHFFFAOYSA-N', 'HEFNNWSXXWATRW-UHFFFAOYSA-N')"
acetylsalicylic acid,cefepime,BSYNRYMUTXBXSQ-UHFFFAOYSA-N,HVFLCNVBZFFHBT-ZKDACBOMSA-N,"('BSYNRYMUTXBXSQ-UHFFFAOYSA-N', 'HVFLCNVBZFFHBT-ZKDACBOMSA-N')"
trimethoprim,acetylsalisylic acid,IEDVJHCEMCRBQM-UHFFFAOYSA-N,BSYNRYMUTXBXSQ-UHFFFAOYSA-N,"('BSYNRYMUTXBXSQ-UHFFFAOYSA-N', 'IEDVJHCEMCRBQM-UHFFFAOYSA-N')"
acetylsalicylic acid,cefuroxime,BSYNRYMUTXBXSQ-UHFFFAOYSA-N,JFPVXVDWJQMJEE-IZRZKJBUSA-N,"('BSYNRYMUTXBXSQ-UHFFFAOYSA-N', 'JFPVXVDWJQMJEE-IZRZKJBUSA-N')"
rifampicin,acetylsalisylic acid,JQXXHWHPUNPDRT-WLSIYKJHSA-N,BSYNRYMUTXBXSQ-UHFFFAOYSA-N,"('BSYNRYMUTXBXSQ-UHFFFAOYSA-N', 'JQXXHWHPUNPDRT-WLSIYKJHSA-N')"
acetylsalicylic acid,clindamycin,BSYNRYMUTXBXSQ-UHFFFAOYSA-N,KDLRVYVGXIQJDK-AWPVFWJPSA-N,"('BSYNRYMUTXBXSQ-UHFFFAOYSA-N', 'KDLRVYVGXIQJDK-AWPVFWJPSA-N')"
acetylsalicylic acid,telithromycin,BSYNRYMUTXBXSQ-UHFFFAOYSA-N,LJVAJPDWBABPEJ-PNUFFHFMSA-N,"('BSYNRYMUTXBXSQ-UHFFFAOYSA-N', 'LJVAJPDWBABPEJ-PNUFFHFMSA-N')"
amikacin,acetylsalisylic acid,LKCWBDHBTVXHDL-RMDFUYIESA-N,BSYNRYMUTXBXSQ-UHFFFAOYSA-N,"('BSYNRYMUTXBXSQ-UHFFFAOYSA-N', 'LKCWBDHBTVXHDL-RMDFUYIESA-N')"
acetylsalicylic acid,amoxicillin,BSYNRYMUTXBXSQ-UHFFFAOYSA-N,LSQZJLSUYDQPKJ-NJBDSQKTSA-N,"('BSYNRYMUTXBXSQ-UHFFFAOYSA-N', 'LSQZJLSUYDQPKJ-NJBDSQKTSA-N')"
a22,acetylsalisylic acid,LZTCFLDZLBOLDW-UHFFFAOYSA-N,BSYNRYMUTXBXSQ-UHFFFAOYSA-N,"('BSYNRYMUTXBXSQ-UHFFFAOYSA-N', 'LZTCFLDZLBOLDW-UHFFFAOYSA-N')"
procaine,acetylsalisylic acid,MFDFERRIHVXMIY-UHFFFAOYSA-N,BSYNRYMUTXBXSQ-UHFFFAOYSA-N,"('BSYNRYMUTXBXSQ-UHFFFAOYSA-N', 'MFDFERRIHVXMIY-UHFFFAOYSA-N')"
acetylsalicylic acid,pseudomonic acid,BSYNRYMUTXBXSQ-UHFFFAOYSA-N,MINDHVHHQZYEEK-HBBNESRFSA-N,"('BSYNRYMUTXBXSQ-UHFFFAOYSA-N', 'MINDHVHHQZYEEK-HBBNESRFSA-N')"
acetylsalicylic acid,azithromycin,BSYNRYMUTXBXSQ-UHFFFAOYSA-N,MQTOSJVFKKJCRP-BICOPXKESA-N,"('BSYNRYMUTXBXSQ-UHFFFAOYSA-N', 'MQTOSJVFKKJCRP-BICOPXKESA-N')"
ciprofloxacin,acetylsalisylic acid,MYSWGUAQZAJSOK-UHFFFAOYSA-N,BSYNRYMUTXBXSQ-UHFFFAOYSA-N,"('BSYNRYMUTXBXSQ-UHFFFAOYSA-N', 'MYSWGUAQZAJSOK-UHFFFAOYSA-N')"
tobramycin,acetylsalisylic acid,NLVFBUXFDBBNBW-PBSUHMDJSA-N,BSYNRYMUTXBXSQ-UHFFFAOYSA-N,"('BSYNRYMUTXBXSQ-UHFFFAOYSA-N', 'NLVFBUXFDBBNBW-PBSUHMDJSA-N')"
nitrofurantoin,acetylsalisylic acid,NXFQHRVNIOXGAQ-YCRREMRBSA-N,BSYNRYMUTXBXSQ-UHFFFAOYSA-N,"('BSYNRYMUTXBXSQ-UHFFFAOYSA-N', 'NXFQHRVNIOXGAQ-YCRREMRBSA-N')"
acetylsalicylic acid,lincomycin,BSYNRYMUTXBXSQ-UHFFFAOYSA-N,OJMMVQQUTAEWLP-KIDUDLJLSA-N,"('BSYNRYMUTXBXSQ-UHFFFAOYSA-N', 'OJMMVQQUTAEWLP-KIDUDLJLSA-N')"
bleomycin,acetylsalisylic acid,OYVAGSVQBOHSSS-WXFSZRTFSA-O,BSYNRYMUTXBXSQ-UHFFFAOYSA-N,"('BSYNRYMUTXBXSQ-UHFFFAOYSA-N', 'OYVAGSVQBOHSSS-WXFSZRTFSA-O')"
acetylsalicylic acid,hexestrol,BSYNRYMUTXBXSQ-UHFFFAOYSA-N,PBBGSZCBWVPOOL-HDICACEKSA-N,"('BSYNRYMUTXBXSQ-UHFFFAOYSA-N', 'PBBGSZCBWVPOOL-HDICACEKSA-N')"
puromycin,acetylsalisylic acid,RXWNCPJZOCPEPQ-NVWDDTSBSA-N,BSYNRYMUTXBXSQ-UHFFFAOYSA-N,"('BSYNRYMUTXBXSQ-UHFFFAOYSA-N', 'RXWNCPJZOCPEPQ-NVWDDTSBSA-N')"
caffeine,acetylsalisylic acid,RYYVLZVUVIJVGH-UHFFFAOYSA-N,BSYNRYMUTXBXSQ-UHFFFAOYSA-N,"('BSYNRYMUTXBXSQ-UHFFFAOYSA-N', 'RYYVLZVUVIJVGH-UHFFFAOYSA-N')"
cefsulodin,acetylsalisylic acid,SYLKGLMBLAAGSC-QLVMHMETSA-N,BSYNRYMUTXBXSQ-UHFFFAOYSA-N,"('BSYNRYMUTXBXSQ-UHFFFAOYSA-N', 'SYLKGLMBLAAGSC-QLVMHMETSA-N')"
acetylsalicylic acid,linezolid,BSYNRYMUTXBXSQ-UHFFFAOYSA-N,TYZROVQLWOKYKF-ZDUSSCGKSA-N,"('BSYNRYMUTXBXSQ-UHFFFAOYSA-N', 'TYZROVQLWOKYKF-ZDUSSCGKSA-N')"
acetylsalicylic acid,cccp,BSYNRYMUTXBXSQ-UHFFFAOYSA-N,UGTJLJZQQFGTJD-UHFFFAOYSA-N,"('BSYNRYMUTXBXSQ-UHFFFAOYSA-N', 'UGTJLJZQQFGTJD-UHFFFAOYSA-N')"
acetylsalicylic acid,erythromycin,BSYNRYMUTXBXSQ-UHFFFAOYSA-N,ULGZDMOVFRHVEP-RWJQBGPGSA-N,"('BSYNRYMUTXBXSQ-UHFFFAOYSA-N', 'ULGZDMOVFRHVEP-RWJQBGPGSA-N')"
acetylsalicylic acid,oxacillin,BSYNRYMUTXBXSQ-UHFFFAOYSA-N,UWYHMGVUTGAWSP-JKIFEVAISA-N,"('BSYNRYMUTXBXSQ-UHFFFAOYSA-N', 'UWYHMGVUTGAWSP-JKIFEVAISA-N')"
acetylsalicylic acid,estradiol,BSYNRYMUTXBXSQ-UHFFFAOYSA-N,VOXZDWNPVJITMN-ZBRFXRBCSA-N,"('BSYNRYMUTXBXSQ-UHFFFAOYSA-N', 'VOXZDWNPVJITMN-ZBRFXRBCSA-N')"
acetylsalicylic acid,benzalkonium,BSYNRYMUTXBXSQ-UHFFFAOYSA-N,VVZBFOKBSDGVGZ-UHFFFAOYSA-N,"('BSYNRYMUTXBXSQ-UHFFFAOYSA-N', 'VVZBFOKBSDGVGZ-UHFFFAOYSA-N')"
acetylsalicylic acid,benzbromarone,BSYNRYMUTXBXSQ-UHFFFAOYSA-N,WHQCHUCQKNIQEC-UHFFFAOYSA-N,"('BSYNRYMUTXBXSQ-UHFFFAOYSA-N', 'WHQCHUCQKNIQEC-UHFFFAOYSA-N')"
acetylsalicylic acid,chloramphenicol,BSYNRYMUTXBXSQ-UHFFFAOYSA-N,WIIZWVCIJKGZOK-RKDXNWHRSA-N,"('BSYNRYMUTXBXSQ-UHFFFAOYSA-N', 'WIIZWVCIJKGZOK-RKDXNWHRSA-N')"
egcg,acetylsalisylic acid,WMBWREPUVVBILR-WIYYLYMNSA-N,BSYNRYMUTXBXSQ-UHFFFAOYSA-N,"('BSYNRYMUTXBXSQ-UHFFFAOYSA-N', 'WMBWREPUVVBILR-WIYYLYMNSA-N')"
aztreonam,acetylsalisylic acid,WZPBZJONDBGPKJ-VEHQQRBSSA-N,BSYNRYMUTXBXSQ-UHFFFAOYSA-N,"('BSYNRYMUTXBXSQ-UHFFFAOYSA-N', 'WZPBZJONDBGPKJ-VEHQQRBSSA-N')"
acetylsalicylic acid,tedizolid,BSYNRYMUTXBXSQ-UHFFFAOYSA-N,XFALPSLJIHVRKE-GFCCVEGCSA-N,"('BSYNRYMUTXBXSQ-UHFFFAOYSA-N', 'XFALPSLJIHVRKE-GFCCVEGCSA-N')"
acetylsalicylic acid,tolfenamic,BSYNRYMUTXBXSQ-UHFFFAOYSA-N,YEZNLOUZAIOMLT-UHFFFAOYSA-N,"('BSYNRYMUTXBXSQ-UHFFFAOYSA-N', 'YEZNLOUZAIOMLT-UHFFFAOYSA-N')"
novobiocin,acetylsalisylic acid,YJQPYGGHQPGBLI-KGSXXDOSSA-N,BSYNRYMUTXBXSQ-UHFFFAOYSA-N,"('BSYNRYMUTXBXSQ-UHFFFAOYSA-N', 'YJQPYGGHQPGBLI-KGSXXDOSSA-N')"
acetylsalicylic acid,fosfomycin,BSYNRYMUTXBXSQ-UHFFFAOYSA-N,YMDXZJFXQJVXBF-STHAYSLISA-N,"('BSYNRYMUTXBXSQ-UHFFFAOYSA-N', 'YMDXZJFXQJVXBF-STHAYSLISA-N')"
pyocyanin,acetylsalisylic acid,YNCMLFHHXWETLD-UHFFFAOYSA-N,BSYNRYMUTXBXSQ-UHFFFAOYSA-N,"('BSYNRYMUTXBXSQ-UHFFFAOYSA-N', 'YNCMLFHHXWETLD-UHFFFAOYSA-N')"
acetylsalicylic acid,cephalexin,BSYNRYMUTXBXSQ-UHFFFAOYSA-N,ZAIPMKNFIOOWCQ-UEKVPHQBSA-N,"('BSYNRYMUTXBXSQ-UHFFFAOYSA-N', 'ZAIPMKNFIOOWCQ-UEKVPHQBSA-N')"
mecillinam,gentamicin,BWWVAEOLVKTZFQ-NTZNESFSSA-N,CEAZRRDELHUEMR-UHFFFAOYSA-N,"('BWWVAEOLVKTZFQ-NTZNESFSSA-N', 'CEAZRRDELHUEMR-UHFFFAOYSA-N')"
bacitracin,mecillinam,CLKOFPXJLQSYAH-ABRJDSQDSA-N,BWWVAEOLVKTZFQ-NTZNESFSSA-N,"('BWWVAEOLVKTZFQ-NTZNESFSSA-N', 'CLKOFPXJLQSYAH-ABRJDSQDSA-N')"
mecillinam,meropenem,BWWVAEOLVKTZFQ-NTZNESFSSA-N,DMJNNHOOLUXYBV-PQTSNVLCSA-N,"('BWWVAEOLVKTZFQ-NTZNESFSSA-N', 'DMJNNHOOLUXYBV-PQTSNVLCSA-N')"
cycloserine d,mecillinam,DYDCUQKUCUHJBH-UWTATZPHSA-N,BWWVAEOLVKTZFQ-NTZNESFSSA-N,"('BWWVAEOLVKTZFQ-NTZNESFSSA-N', 'DYDCUQKUCUHJBH-UWTATZPHSA-N')"
mecillinam,chlorhexidine,BWWVAEOLVKTZFQ-NTZNESFSSA-N,GHXZTYHSJHQHIJ-UHFFFAOYSA-N,"('BWWVAEOLVKTZFQ-NTZNESFSSA-N', 'GHXZTYHSJHQHIJ-UHFFFAOYSA-N')"
cefotaxime,mecillinam,GPRBEKHLDVQUJE-QSWIMTSFSA-N,BWWVAEOLVKTZFQ-NTZNESFSSA-N,"('BWWVAEOLVKTZFQ-NTZNESFSSA-N', 'GPRBEKHLDVQUJE-QSWIMTSFSA-N')"
fusidic acid,mecillinam,IECPWNUMDGFDKC-MZJAQBGESA-N,BWWVAEOLVKTZFQ-NTZNESFSSA-N,"('BWWVAEOLVKTZFQ-NTZNESFSSA-N', 'IECPWNUMDGFDKC-MZJAQBGESA-N')"
trimethoprim,mecillinam,IEDVJHCEMCRBQM-UHFFFAOYSA-N,BWWVAEOLVKTZFQ-NTZNESFSSA-N,"('BWWVAEOLVKTZFQ-NTZNESFSSA-N', 'IEDVJHCEMCRBQM-UHFFFAOYSA-N')"
piperacillin,mecillinam,IVBHGBMCVLDMKU-GXNBUGAJSA-N,BWWVAEOLVKTZFQ-NTZNESFSSA-N,"('BWWVAEOLVKTZFQ-NTZNESFSSA-N', 'IVBHGBMCVLDMKU-GXNBUGAJSA-N')"
mecillinam,penicillin g,BWWVAEOLVKTZFQ-NTZNESFSSA-N,JGSARLDLIJGVTE-MBNYWOFBSA-N,"('BWWVAEOLVKTZFQ-NTZNESFSSA-N', 'JGSARLDLIJGVTE-MBNYWOFBSA-N')"
mecillinam,rifampicin,BWWVAEOLVKTZFQ-NTZNESFSSA-N,JQXXHWHPUNPDRT-WLSIYKJHSA-N,"('BWWVAEOLVKTZFQ-NTZNESFSSA-N', 'JQXXHWHPUNPDRT-WLSIYKJHSA-N')"
amikacin,mecillinam,LKCWBDHBTVXHDL-RMDFUYIESA-N,BWWVAEOLVKTZFQ-NTZNESFSSA-N,"('BWWVAEOLVKTZFQ-NTZNESFSSA-N', 'LKCWBDHBTVXHDL-RMDFUYIESA-N')"
amoxicillin,mecillinam,LSQZJLSUYDQPKJ-NJBDSQKTSA-N,BWWVAEOLVKTZFQ-NTZNESFSSA-N,"('BWWVAEOLVKTZFQ-NTZNESFSSA-N', 'LSQZJLSUYDQPKJ-NJBDSQKTSA-N')"
mecillinam,a22,BWWVAEOLVKTZFQ-NTZNESFSSA-N,LZTCFLDZLBOLDW-UHFFFAOYSA-N,"('BWWVAEOLVKTZFQ-NTZNESFSSA-N', 'LZTCFLDZLBOLDW-UHFFFAOYSA-N')"
procaine,mecillinam,MFDFERRIHVXMIY-UHFFFAOYSA-N,BWWVAEOLVKTZFQ-NTZNESFSSA-N,"('BWWVAEOLVKTZFQ-NTZNESFSSA-N', 'MFDFERRIHVXMIY-UHFFFAOYSA-N')"
mecillinam,azithromycin,BWWVAEOLVKTZFQ-NTZNESFSSA-N,MQTOSJVFKKJCRP-BICOPXKESA-N,"('BWWVAEOLVKTZFQ-NTZNESFSSA-N', 'MQTOSJVFKKJCRP-BICOPXKESA-N')"
vanillin,mecillinam,MWOOGOJBHIARFG-UHFFFAOYSA-N,BWWVAEOLVKTZFQ-NTZNESFSSA-N,"('BWWVAEOLVKTZFQ-NTZNESFSSA-N', 'MWOOGOJBHIARFG-UHFFFAOYSA-N')"
mecillinam,mitomycin c,BWWVAEOLVKTZFQ-NTZNESFSSA-N,NWIBSHFKIJFRCO-WUDYKRTCSA-N,"('BWWVAEOLVKTZFQ-NTZNESFSSA-N', 'NWIBSHFKIJFRCO-WUDYKRTCSA-N')"
nitrofurantoin,mecillinam,NXFQHRVNIOXGAQ-YCRREMRBSA-N,BWWVAEOLVKTZFQ-NTZNESFSSA-N,"('BWWVAEOLVKTZFQ-NTZNESFSSA-N', 'NXFQHRVNIOXGAQ-YCRREMRBSA-N')"
mecillinam,bleomycin,BWWVAEOLVKTZFQ-NTZNESFSSA-N,OYVAGSVQBOHSSS-WXFSZRTFSA-O,"('BWWVAEOLVKTZFQ-NTZNESFSSA-N', 'OYVAGSVQBOHSSS-WXFSZRTFSA-O')"
cefaclor,mecillinam,QYIYFLOTGYLRGG-GPCCPHFNSA-N,BWWVAEOLVKTZFQ-NTZNESFSSA-N,"('BWWVAEOLVKTZFQ-NTZNESFSSA-N', 'QYIYFLOTGYLRGG-GPCCPHFNSA-N')"
mecillinam,puromycin,BWWVAEOLVKTZFQ-NTZNESFSSA-N,RXWNCPJZOCPEPQ-NVWDDTSBSA-N,"('BWWVAEOLVKTZFQ-NTZNESFSSA-N', 'RXWNCPJZOCPEPQ-NVWDDTSBSA-N')"
mecillinam,caffeine,BWWVAEOLVKTZFQ-NTZNESFSSA-N,RYYVLZVUVIJVGH-UHFFFAOYSA-N,"('BWWVAEOLVKTZFQ-NTZNESFSSA-N', 'RYYVLZVUVIJVGH-UHFFFAOYSA-N')"
mecillinam,ciclopirox,BWWVAEOLVKTZFQ-NTZNESFSSA-N,SCKYRAXSEDYPSA-UHFFFAOYSA-N,"('BWWVAEOLVKTZFQ-NTZNESFSSA-N', 'SCKYRAXSEDYPSA-UHFFFAOYSA-N')"
cefsulodin,mecillinam,SYLKGLMBLAAGSC-QLVMHMETSA-N,BWWVAEOLVKTZFQ-NTZNESFSSA-N,"('BWWVAEOLVKTZFQ-NTZNESFSSA-N', 'SYLKGLMBLAAGSC-QLVMHMETSA-N')"
cccp,mecillinam,UGTJLJZQQFGTJD-UHFFFAOYSA-N,BWWVAEOLVKTZFQ-NTZNESFSSA-N,"('BWWVAEOLVKTZFQ-NTZNESFSSA-N', 'UGTJLJZQQFGTJD-UHFFFAOYSA-N')"
oxacillin,mecillinam,UWYHMGVUTGAWSP-JKIFEVAISA-N,BWWVAEOLVKTZFQ-NTZNESFSSA-N,"('BWWVAEOLVKTZFQ-NTZNESFSSA-N', 'UWYHMGVUTGAWSP-JKIFEVAISA-N')"
mecillinam,curcumin,BWWVAEOLVKTZFQ-NTZNESFSSA-N,VFLDPWHFBUODDF-FCXRPNKRSA-N,"('BWWVAEOLVKTZFQ-NTZNESFSSA-N', 'VFLDPWHFBUODDF-FCXRPNKRSA-N')"
benzalkonium,mecillinam,VVZBFOKBSDGVGZ-UHFFFAOYSA-N,BWWVAEOLVKTZFQ-NTZNESFSSA-N,"('BWWVAEOLVKTZFQ-NTZNESFSSA-N', 'VVZBFOKBSDGVGZ-UHFFFAOYSA-N')"
chloramphenicol,mecillinam,WIIZWVCIJKGZOK-RKDXNWHRSA-N,BWWVAEOLVKTZFQ-NTZNESFSSA-N,"('BWWVAEOLVKTZFQ-NTZNESFSSA-N', 'WIIZWVCIJKGZOK-RKDXNWHRSA-N')"
mecillinam,egcg,BWWVAEOLVKTZFQ-NTZNESFSSA-N,WMBWREPUVVBILR-WIYYLYMNSA-N,"('BWWVAEOLVKTZFQ-NTZNESFSSA-N', 'WMBWREPUVVBILR-WIYYLYMNSA-N')"
polymyxin b,mecillinam,WQVJHHACXVLGBL-BPJDFBQWSA-N,BWWVAEOLVKTZFQ-NTZNESFSSA-N,"('BWWVAEOLVKTZFQ-NTZNESFSSA-N', 'WQVJHHACXVLGBL-BPJDFBQWSA-N')"
mecillinam,aztreonam,BWWVAEOLVKTZFQ-NTZNESFSSA-N,WZPBZJONDBGPKJ-VEHQQRBSSA-N,"('BWWVAEOLVKTZFQ-NTZNESFSSA-N', 'WZPBZJONDBGPKJ-VEHQQRBSSA-N')"
mecillinam,metformin,BWWVAEOLVKTZFQ-NTZNESFSSA-N,XZWYZXLIPXDOLR-UHFFFAOYSA-N,"('BWWVAEOLVKTZFQ-NTZNESFSSA-N', 'XZWYZXLIPXDOLR-UHFFFAOYSA-N')"
mecillinam,berberine,BWWVAEOLVKTZFQ-NTZNESFSSA-N,YBHILYKTIRIUTE-UHFFFAOYSA-N,"('BWWVAEOLVKTZFQ-NTZNESFSSA-N', 'YBHILYKTIRIUTE-UHFFFAOYSA-N')"
novobiocin,mecillinam,YJQPYGGHQPGBLI-KGSXXDOSSA-N,BWWVAEOLVKTZFQ-NTZNESFSSA-N,"('BWWVAEOLVKTZFQ-NTZNESFSSA-N', 'YJQPYGGHQPGBLI-KGSXXDOSSA-N')"
mecillinam,colistin,BWWVAEOLVKTZFQ-NTZNESFSSA-N,YKQOSKADJPQZHB-RGYSVOEGSA-N,"('BWWVAEOLVKTZFQ-NTZNESFSSA-N', 'YKQOSKADJPQZHB-RGYSVOEGSA-N')"
fosfomycin,mecillinam,YMDXZJFXQJVXBF-STHAYSLISA-N,BWWVAEOLVKTZFQ-NTZNESFSSA-N,"('BWWVAEOLVKTZFQ-NTZNESFSSA-N', 'YMDXZJFXQJVXBF-STHAYSLISA-N')"
mecillinam,pyocyanin,BWWVAEOLVKTZFQ-NTZNESFSSA-N,YNCMLFHHXWETLD-UHFFFAOYSA-N,"('BWWVAEOLVKTZFQ-NTZNESFSSA-N', 'YNCMLFHHXWETLD-UHFFFAOYSA-N')"
mecillinam,imipenem,BWWVAEOLVKTZFQ-NTZNESFSSA-N,ZSKVGTPCRGIANV-ZXFLCMHBSA-N,"('BWWVAEOLVKTZFQ-NTZNESFSSA-N', 'ZSKVGTPCRGIANV-ZXFLCMHBSA-N')"
cefotaxime,miconazole,GPRBEKHLDVQUJE-QSWIMTSFSA-N,BYBLEWFAAKGYCD-UHFFFAOYSA-N,"('BYBLEWFAAKGYCD-UHFFFAOYSA-N', 'GPRBEKHLDVQUJE-QSWIMTSFSA-N')"
levofloxacin,miconazole,GSDSWSVVBLHKDQ-JTQLQIEISA-N,BYBLEWFAAKGYCD-UHFFFAOYSA-N,"('BYBLEWFAAKGYCD-UHFFFAOYSA-N', 'GSDSWSVVBLHKDQ-JTQLQIEISA-N')"
miconazole,trimethoprim,BYBLEWFAAKGYCD-UHFFFAOYSA-N,IEDVJHCEMCRBQM-UHFFFAOYSA-N,"('BYBLEWFAAKGYCD-UHFFFAOYSA-N', 'IEDVJHCEMCRBQM-UHFFFAOYSA-N')"
miconazole,rifampicin,BYBLEWFAAKGYCD-UHFFFAOYSA-N,JQXXHWHPUNPDRT-WLSIYKJHSA-N,"('BYBLEWFAAKGYCD-UHFFFAOYSA-N', 'JQXXHWHPUNPDRT-WLSIYKJHSA-N')"
amoxicillin,miconazole,LSQZJLSUYDQPKJ-NJBDSQKTSA-N,BYBLEWFAAKGYCD-UHFFFAOYSA-N,"('BYBLEWFAAKGYCD-UHFFFAOYSA-N', 'LSQZJLSUYDQPKJ-NJBDSQKTSA-N')"
miconazole,vancomycin,BYBLEWFAAKGYCD-UHFFFAOYSA-N,MYPYJXKWCTUITO-LYRMYLQWSA-N,"('BYBLEWFAAKGYCD-UHFFFAOYSA-N', 'MYPYJXKWCTUITO-LYRMYLQWSA-N')"
miconazole,mitomycin c,BYBLEWFAAKGYCD-UHFFFAOYSA-N,NWIBSHFKIJFRCO-WUDYKRTCSA-N,"('BYBLEWFAAKGYCD-UHFFFAOYSA-N', 'NWIBSHFKIJFRCO-WUDYKRTCSA-N')"
linezolid,miconazole,TYZROVQLWOKYKF-ZDUSSCGKSA-N,BYBLEWFAAKGYCD-UHFFFAOYSA-N,"('BYBLEWFAAKGYCD-UHFFFAOYSA-N', 'TYZROVQLWOKYKF-ZDUSSCGKSA-N')"
benzalkonium,miconazole,VVZBFOKBSDGVGZ-UHFFFAOYSA-N,BYBLEWFAAKGYCD-UHFFFAOYSA-N,"('BYBLEWFAAKGYCD-UHFFFAOYSA-N', 'VVZBFOKBSDGVGZ-UHFFFAOYSA-N')"
chloramphenicol,miconazole,WIIZWVCIJKGZOK-RKDXNWHRSA-N,BYBLEWFAAKGYCD-UHFFFAOYSA-N,"('BYBLEWFAAKGYCD-UHFFFAOYSA-N', 'WIIZWVCIJKGZOK-RKDXNWHRSA-N')"
egcg,miconazole,WMBWREPUVVBILR-WIYYLYMNSA-N,BYBLEWFAAKGYCD-UHFFFAOYSA-N,"('BYBLEWFAAKGYCD-UHFFFAOYSA-N', 'WMBWREPUVVBILR-WIYYLYMNSA-N')"
miconazole,pyocyanin,BYBLEWFAAKGYCD-UHFFFAOYSA-N,YNCMLFHHXWETLD-UHFFFAOYSA-N,"('BYBLEWFAAKGYCD-UHFFFAOYSA-N', 'YNCMLFHHXWETLD-UHFFFAOYSA-N')"
bacitracin,gentamicin,CLKOFPXJLQSYAH-ABRJDSQDSA-N,CEAZRRDELHUEMR-UHFFFAOYSA-N,"('CEAZRRDELHUEMR-UHFFFAOYSA-N', 'CLKOFPXJLQSYAH-ABRJDSQDSA-N')"
cycloserine d,gentamicin,DYDCUQKUCUHJBH-UWTATZPHSA-N,CEAZRRDELHUEMR-UHFFFAOYSA-N,"('CEAZRRDELHUEMR-UHFFFAOYSA-N', 'DYDCUQKUCUHJBH-UWTATZPHSA-N')"
cefotaxime,gentamicin,GPRBEKHLDVQUJE-QSWIMTSFSA-N,CEAZRRDELHUEMR-UHFFFAOYSA-N,"('CEAZRRDELHUEMR-UHFFFAOYSA-N', 'GPRBEKHLDVQUJE-QSWIMTSFSA-N')"
gentamicin,ibuprofen,CEAZRRDELHUEMR-UHFFFAOYSA-N,HEFNNWSXXWATRW-UHFFFAOYSA-N,"('CEAZRRDELHUEMR-UHFFFAOYSA-N', 'HEFNNWSXXWATRW-UHFFFAOYSA-N')"
gentamicin,trimethoprim,CEAZRRDELHUEMR-UHFFFAOYSA-N,IEDVJHCEMCRBQM-UHFFFAOYSA-N,"('CEAZRRDELHUEMR-UHFFFAOYSA-N', 'IEDVJHCEMCRBQM-UHFFFAOYSA-N')"
gentamicin,rifampicin,CEAZRRDELHUEMR-UHFFFAOYSA-N,JQXXHWHPUNPDRT-WLSIYKJHSA-N,"('CEAZRRDELHUEMR-UHFFFAOYSA-N', 'JQXXHWHPUNPDRT-WLSIYKJHSA-N')"
clindamycin,gentamicin,KDLRVYVGXIQJDK-AWPVFWJPSA-N,CEAZRRDELHUEMR-UHFFFAOYSA-N,"('CEAZRRDELHUEMR-UHFFFAOYSA-N', 'KDLRVYVGXIQJDK-AWPVFWJPSA-N')"
amoxicillin,gentamicin,LSQZJLSUYDQPKJ-NJBDSQKTSA-N,CEAZRRDELHUEMR-UHFFFAOYSA-N,"('CEAZRRDELHUEMR-UHFFFAOYSA-N', 'LSQZJLSUYDQPKJ-NJBDSQKTSA-N')"
a22,gentamicin,LZTCFLDZLBOLDW-UHFFFAOYSA-N,CEAZRRDELHUEMR-UHFFFAOYSA-N,"('CEAZRRDELHUEMR-UHFFFAOYSA-N', 'LZTCFLDZLBOLDW-UHFFFAOYSA-N')"
procaine,gentamicin,MFDFERRIHVXMIY-UHFFFAOYSA-N,CEAZRRDELHUEMR-UHFFFAOYSA-N,"('CEAZRRDELHUEMR-UHFFFAOYSA-N', 'MFDFERRIHVXMIY-UHFFFAOYSA-N')"
gentamicin,pseudomonic acid,CEAZRRDELHUEMR-UHFFFAOYSA-N,MINDHVHHQZYEEK-HBBNESRFSA-N,"('CEAZRRDELHUEMR-UHFFFAOYSA-N', 'MINDHVHHQZYEEK-HBBNESRFSA-N')"
azithromycin,gentamicin,MQTOSJVFKKJCRP-BICOPXKESA-N,CEAZRRDELHUEMR-UHFFFAOYSA-N,"('CEAZRRDELHUEMR-UHFFFAOYSA-N', 'MQTOSJVFKKJCRP-BICOPXKESA-N')"
mitomycin c,gentamicin,NWIBSHFKIJFRCO-WUDYKRTCSA-N,CEAZRRDELHUEMR-UHFFFAOYSA-N,"('CEAZRRDELHUEMR-UHFFFAOYSA-N', 'NWIBSHFKIJFRCO-WUDYKRTCSA-N')"
nitrofurantoin,gentamicin,NXFQHRVNIOXGAQ-YCRREMRBSA-N,CEAZRRDELHUEMR-UHFFFAOYSA-N,"('CEAZRRDELHUEMR-UHFFFAOYSA-N', 'NXFQHRVNIOXGAQ-YCRREMRBSA-N')"
gentamicin,ticagrelor,CEAZRRDELHUEMR-UHFFFAOYSA-N,OEKWJQXRCDYSHL-FNOIDJSQSA-N,"('CEAZRRDELHUEMR-UHFFFAOYSA-N', 'OEKWJQXRCDYSHL-FNOIDJSQSA-N')"
gentamicin,hexestrol,CEAZRRDELHUEMR-UHFFFAOYSA-N,PBBGSZCBWVPOOL-HDICACEKSA-N,"('CEAZRRDELHUEMR-UHFFFAOYSA-N', 'PBBGSZCBWVPOOL-HDICACEKSA-N')"
gentamicin,promethazine,CEAZRRDELHUEMR-UHFFFAOYSA-N,PWWVAXIEGOYWEE-UHFFFAOYSA-N,"('CEAZRRDELHUEMR-UHFFFAOYSA-N', 'PWWVAXIEGOYWEE-UHFFFAOYSA-N')"
gentamicin,puromycin,CEAZRRDELHUEMR-UHFFFAOYSA-N,RXWNCPJZOCPEPQ-NVWDDTSBSA-N,"('CEAZRRDELHUEMR-UHFFFAOYSA-N', 'RXWNCPJZOCPEPQ-NVWDDTSBSA-N')"
gentamicin,linezolid,CEAZRRDELHUEMR-UHFFFAOYSA-N,TYZROVQLWOKYKF-ZDUSSCGKSA-N,"('CEAZRRDELHUEMR-UHFFFAOYSA-N', 'TYZROVQLWOKYKF-ZDUSSCGKSA-N')"
gentamicin,streptomycin,CEAZRRDELHUEMR-UHFFFAOYSA-N,UCSJYZPVAKXKNQ-HZYVHMACSA-N,"('CEAZRRDELHUEMR-UHFFFAOYSA-N', 'UCSJYZPVAKXKNQ-HZYVHMACSA-N')"
cccp,gentamicin,UGTJLJZQQFGTJD-UHFFFAOYSA-N,CEAZRRDELHUEMR-UHFFFAOYSA-N,"('CEAZRRDELHUEMR-UHFFFAOYSA-N', 'UGTJLJZQQFGTJD-UHFFFAOYSA-N')"
erythromycin,gentamicin,ULGZDMOVFRHVEP-RWJQBGPGSA-N,CEAZRRDELHUEMR-UHFFFAOYSA-N,"('CEAZRRDELHUEMR-UHFFFAOYSA-N', 'ULGZDMOVFRHVEP-RWJQBGPGSA-N')"
spectinomycin,gentamicin,UNFWWIHTNXNPBV-WXKVUWSESA-N,CEAZRRDELHUEMR-UHFFFAOYSA-N,"('CEAZRRDELHUEMR-UHFFFAOYSA-N', 'UNFWWIHTNXNPBV-WXKVUWSESA-N')"
gentamicin,oxacillin,CEAZRRDELHUEMR-UHFFFAOYSA-N,UWYHMGVUTGAWSP-JKIFEVAISA-N,"('CEAZRRDELHUEMR-UHFFFAOYSA-N', 'UWYHMGVUTGAWSP-JKIFEVAISA-N')"
benzalkonium,gentamicin,VVZBFOKBSDGVGZ-UHFFFAOYSA-N,CEAZRRDELHUEMR-UHFFFAOYSA-N,"('CEAZRRDELHUEMR-UHFFFAOYSA-N', 'VVZBFOKBSDGVGZ-UHFFFAOYSA-N')"
benzbromarone,gentamicin,WHQCHUCQKNIQEC-UHFFFAOYSA-N,CEAZRRDELHUEMR-UHFFFAOYSA-N,"('CEAZRRDELHUEMR-UHFFFAOYSA-N', 'WHQCHUCQKNIQEC-UHFFFAOYSA-N')"
chloramphenicol,gentamicin,WIIZWVCIJKGZOK-RKDXNWHRSA-N,CEAZRRDELHUEMR-UHFFFAOYSA-N,"('CEAZRRDELHUEMR-UHFFFAOYSA-N', 'WIIZWVCIJKGZOK-RKDXNWHRSA-N')"
egcg,gentamicin,WMBWREPUVVBILR-WIYYLYMNSA-N,CEAZRRDELHUEMR-UHFFFAOYSA-N,"('CEAZRRDELHUEMR-UHFFFAOYSA-N', 'WMBWREPUVVBILR-WIYYLYMNSA-N')"
minocycline,gentamicin,WTJXVDPDEQKTCV-VQAITOIOSA-N,CEAZRRDELHUEMR-UHFFFAOYSA-N,"('CEAZRRDELHUEMR-UHFFFAOYSA-N', 'WTJXVDPDEQKTCV-VQAITOIOSA-N')"
aztreonam,gentamicin,WZPBZJONDBGPKJ-VEHQQRBSSA-N,CEAZRRDELHUEMR-UHFFFAOYSA-N,"('CEAZRRDELHUEMR-UHFFFAOYSA-N', 'WZPBZJONDBGPKJ-VEHQQRBSSA-N')"
gentamicin,triclosan,CEAZRRDELHUEMR-UHFFFAOYSA-N,XEFQLINVKFYRCS-UHFFFAOYSA-N,"('CEAZRRDELHUEMR-UHFFFAOYSA-N', 'XEFQLINVKFYRCS-UHFFFAOYSA-N')"
gentamicin,tedizolid,CEAZRRDELHUEMR-UHFFFAOYSA-N,XFALPSLJIHVRKE-GFCCVEGCSA-N,"('CEAZRRDELHUEMR-UHFFFAOYSA-N', 'XFALPSLJIHVRKE-GFCCVEGCSA-N')"
colistin,gentamicin,YKQOSKADJPQZHB-RGYSVOEGSA-N,CEAZRRDELHUEMR-UHFFFAOYSA-N,"('CEAZRRDELHUEMR-UHFFFAOYSA-N', 'YKQOSKADJPQZHB-RGYSVOEGSA-N')"
fosfomycin,gentamicin,YMDXZJFXQJVXBF-STHAYSLISA-N,CEAZRRDELHUEMR-UHFFFAOYSA-N,"('CEAZRRDELHUEMR-UHFFFAOYSA-N', 'YMDXZJFXQJVXBF-STHAYSLISA-N')"
pyocyanin,gentamicin,YNCMLFHHXWETLD-UHFFFAOYSA-N,CEAZRRDELHUEMR-UHFFFAOYSA-N,"('CEAZRRDELHUEMR-UHFFFAOYSA-N', 'YNCMLFHHXWETLD-UHFFFAOYSA-N')"
bacitracin,meropenem,CLKOFPXJLQSYAH-ABRJDSQDSA-N,DMJNNHOOLUXYBV-PQTSNVLCSA-N,"('CLKOFPXJLQSYAH-ABRJDSQDSA-N', 'DMJNNHOOLUXYBV-PQTSNVLCSA-N')"
bacitracin,cycloserine d,CLKOFPXJLQSYAH-ABRJDSQDSA-N,DYDCUQKUCUHJBH-UWTATZPHSA-N,"('CLKOFPXJLQSYAH-ABRJDSQDSA-N', 'DYDCUQKUCUHJBH-UWTATZPHSA-N')"
bacitracin,moxifloxacin,CLKOFPXJLQSYAH-ABRJDSQDSA-N,FABPRXSRWADJSP-MEDUHNTESA-N,"('CLKOFPXJLQSYAH-ABRJDSQDSA-N', 'FABPRXSRWADJSP-MEDUHNTESA-N')"
bacitracin,chir-90,CLKOFPXJLQSYAH-ABRJDSQDSA-N,FQYBTYFKOHPWQT-VGSWGCGISA-N,"('CLKOFPXJLQSYAH-ABRJDSQDSA-N', 'FQYBTYFKOHPWQT-VGSWGCGISA-N')"
bacitracin,chlorhexidine,CLKOFPXJLQSYAH-ABRJDSQDSA-N,GHXZTYHSJHQHIJ-UHFFFAOYSA-N,"('CLKOFPXJLQSYAH-ABRJDSQDSA-N', 'GHXZTYHSJHQHIJ-UHFFFAOYSA-N')"
bacitracin,cefotaxime,CLKOFPXJLQSYAH-ABRJDSQDSA-N,GPRBEKHLDVQUJE-QSWIMTSFSA-N,"('CLKOFPXJLQSYAH-ABRJDSQDSA-N', 'GPRBEKHLDVQUJE-QSWIMTSFSA-N')"
bacitracin,fusidic acid,CLKOFPXJLQSYAH-ABRJDSQDSA-N,IECPWNUMDGFDKC-MZJAQBGESA-N,"('CLKOFPXJLQSYAH-ABRJDSQDSA-N', 'IECPWNUMDGFDKC-MZJAQBGESA-N')"
bacitracin,trimethoprim,CLKOFPXJLQSYAH-ABRJDSQDSA-N,IEDVJHCEMCRBQM-UHFFFAOYSA-N,"('CLKOFPXJLQSYAH-ABRJDSQDSA-N', 'IEDVJHCEMCRBQM-UHFFFAOYSA-N')"
bacitracin,penicillin g,CLKOFPXJLQSYAH-ABRJDSQDSA-N,JGSARLDLIJGVTE-MBNYWOFBSA-N,"('CLKOFPXJLQSYAH-ABRJDSQDSA-N', 'JGSARLDLIJGVTE-MBNYWOFBSA-N')"
bacitracin,a22,CLKOFPXJLQSYAH-ABRJDSQDSA-N,LZTCFLDZLBOLDW-UHFFFAOYSA-N,"('CLKOFPXJLQSYAH-ABRJDSQDSA-N', 'LZTCFLDZLBOLDW-UHFFFAOYSA-N')"
bacitracin,pseudomonic acid,CLKOFPXJLQSYAH-ABRJDSQDSA-N,MINDHVHHQZYEEK-HBBNESRFSA-N,"('CLKOFPXJLQSYAH-ABRJDSQDSA-N', 'MINDHVHHQZYEEK-HBBNESRFSA-N')"
ciprofloxacin,bacitracin,MYSWGUAQZAJSOK-UHFFFAOYSA-N,CLKOFPXJLQSYAH-ABRJDSQDSA-N,"('CLKOFPXJLQSYAH-ABRJDSQDSA-N', 'MYSWGUAQZAJSOK-UHFFFAOYSA-N')"
bacitracin,tobramycin,CLKOFPXJLQSYAH-ABRJDSQDSA-N,NLVFBUXFDBBNBW-PBSUHMDJSA-N,"('CLKOFPXJLQSYAH-ABRJDSQDSA-N', 'NLVFBUXFDBBNBW-PBSUHMDJSA-N')"
bacitracin,mitomycin c,CLKOFPXJLQSYAH-ABRJDSQDSA-N,NWIBSHFKIJFRCO-WUDYKRTCSA-N,"('CLKOFPXJLQSYAH-ABRJDSQDSA-N', 'NWIBSHFKIJFRCO-WUDYKRTCSA-N')"
bacitracin,nitrofurantoin,CLKOFPXJLQSYAH-ABRJDSQDSA-N,NXFQHRVNIOXGAQ-YCRREMRBSA-N,"('CLKOFPXJLQSYAH-ABRJDSQDSA-N', 'NXFQHRVNIOXGAQ-YCRREMRBSA-N')"
bacitracin,cefaclor,CLKOFPXJLQSYAH-ABRJDSQDSA-N,QYIYFLOTGYLRGG-GPCCPHFNSA-N,"('CLKOFPXJLQSYAH-ABRJDSQDSA-N', 'QYIYFLOTGYLRGG-GPCCPHFNSA-N')"
bacitracin,caffeine,CLKOFPXJLQSYAH-ABRJDSQDSA-N,RYYVLZVUVIJVGH-UHFFFAOYSA-N,"('CLKOFPXJLQSYAH-ABRJDSQDSA-N', 'RYYVLZVUVIJVGH-UHFFFAOYSA-N')"
bacitracin,cefsulodin,CLKOFPXJLQSYAH-ABRJDSQDSA-N,SYLKGLMBLAAGSC-QLVMHMETSA-N,"('CLKOFPXJLQSYAH-ABRJDSQDSA-N', 'SYLKGLMBLAAGSC-QLVMHMETSA-N')"
bacitracin,linezolid,CLKOFPXJLQSYAH-ABRJDSQDSA-N,TYZROVQLWOKYKF-ZDUSSCGKSA-N,"('CLKOFPXJLQSYAH-ABRJDSQDSA-N', 'TYZROVQLWOKYKF-ZDUSSCGKSA-N')"
bacitracin,streptomycin,CLKOFPXJLQSYAH-ABRJDSQDSA-N,UCSJYZPVAKXKNQ-HZYVHMACSA-N,"('CLKOFPXJLQSYAH-ABRJDSQDSA-N', 'UCSJYZPVAKXKNQ-HZYVHMACSA-N')"
bacitracin,cccp,CLKOFPXJLQSYAH-ABRJDSQDSA-N,UGTJLJZQQFGTJD-UHFFFAOYSA-N,"('CLKOFPXJLQSYAH-ABRJDSQDSA-N', 'UGTJLJZQQFGTJD-UHFFFAOYSA-N')"
bacitracin,erythromycin,CLKOFPXJLQSYAH-ABRJDSQDSA-N,ULGZDMOVFRHVEP-RWJQBGPGSA-N,"('CLKOFPXJLQSYAH-ABRJDSQDSA-N', 'ULGZDMOVFRHVEP-RWJQBGPGSA-N')"
bacitracin,spectinomycin,CLKOFPXJLQSYAH-ABRJDSQDSA-N,UNFWWIHTNXNPBV-WXKVUWSESA-N,"('CLKOFPXJLQSYAH-ABRJDSQDSA-N', 'UNFWWIHTNXNPBV-WXKVUWSESA-N')"
bacitracin,oxacillin,CLKOFPXJLQSYAH-ABRJDSQDSA-N,UWYHMGVUTGAWSP-JKIFEVAISA-N,"('CLKOFPXJLQSYAH-ABRJDSQDSA-N', 'UWYHMGVUTGAWSP-JKIFEVAISA-N')"
bacitracin,benzalkonium,CLKOFPXJLQSYAH-ABRJDSQDSA-N,VVZBFOKBSDGVGZ-UHFFFAOYSA-N,"('CLKOFPXJLQSYAH-ABRJDSQDSA-N', 'VVZBFOKBSDGVGZ-UHFFFAOYSA-N')"
bacitracin,chloramphenicol,CLKOFPXJLQSYAH-ABRJDSQDSA-N,WIIZWVCIJKGZOK-RKDXNWHRSA-N,"('CLKOFPXJLQSYAH-ABRJDSQDSA-N', 'WIIZWVCIJKGZOK-RKDXNWHRSA-N')"
bacitracin,polymyxin b,CLKOFPXJLQSYAH-ABRJDSQDSA-N,WQVJHHACXVLGBL-BPJDFBQWSA-N,"('CLKOFPXJLQSYAH-ABRJDSQDSA-N', 'WQVJHHACXVLGBL-BPJDFBQWSA-N')"
bacitracin,aztreonam,CLKOFPXJLQSYAH-ABRJDSQDSA-N,WZPBZJONDBGPKJ-VEHQQRBSSA-N,"('CLKOFPXJLQSYAH-ABRJDSQDSA-N', 'WZPBZJONDBGPKJ-VEHQQRBSSA-N')"
bacitracin,triclosan,CLKOFPXJLQSYAH-ABRJDSQDSA-N,XEFQLINVKFYRCS-UHFFFAOYSA-N,"('CLKOFPXJLQSYAH-ABRJDSQDSA-N', 'XEFQLINVKFYRCS-UHFFFAOYSA-N')"
bacitracin,tedizolid,CLKOFPXJLQSYAH-ABRJDSQDSA-N,XFALPSLJIHVRKE-GFCCVEGCSA-N,"('CLKOFPXJLQSYAH-ABRJDSQDSA-N', 'XFALPSLJIHVRKE-GFCCVEGCSA-N')"
novobiocin,bacitracin,YJQPYGGHQPGBLI-KGSXXDOSSA-N,CLKOFPXJLQSYAH-ABRJDSQDSA-N,"('CLKOFPXJLQSYAH-ABRJDSQDSA-N', 'YJQPYGGHQPGBLI-KGSXXDOSSA-N')"
bacitracin,colistin,CLKOFPXJLQSYAH-ABRJDSQDSA-N,YKQOSKADJPQZHB-RGYSVOEGSA-N,"('CLKOFPXJLQSYAH-ABRJDSQDSA-N', 'YKQOSKADJPQZHB-RGYSVOEGSA-N')"
bacitracin,fosfomycin,CLKOFPXJLQSYAH-ABRJDSQDSA-N,YMDXZJFXQJVXBF-STHAYSLISA-N,"('CLKOFPXJLQSYAH-ABRJDSQDSA-N', 'YMDXZJFXQJVXBF-STHAYSLISA-N')"
bacitracin,cephalexin,CLKOFPXJLQSYAH-ABRJDSQDSA-N,ZAIPMKNFIOOWCQ-UEKVPHQBSA-N,"('CLKOFPXJLQSYAH-ABRJDSQDSA-N', 'ZAIPMKNFIOOWCQ-UEKVPHQBSA-N')"
bacitracin,streptozotocin,CLKOFPXJLQSYAH-ABRJDSQDSA-N,ZSJLQEPLLKMAKR-GKHCUFPYSA-N,"('CLKOFPXJLQSYAH-ABRJDSQDSA-N', 'ZSJLQEPLLKMAKR-GKHCUFPYSA-N')"
bacitracin,imipenem,CLKOFPXJLQSYAH-ABRJDSQDSA-N,ZSKVGTPCRGIANV-ZXFLCMHBSA-N,"('CLKOFPXJLQSYAH-ABRJDSQDSA-N', 'ZSKVGTPCRGIANV-ZXFLCMHBSA-N')"
cycloserine d,virginiamycin m1,DYDCUQKUCUHJBH-UWTATZPHSA-N,DAIKHDNSXMZDCU-FQTGFAPKSA-N,"('DAIKHDNSXMZDCU-FQTGFAPKSA-N', 'DYDCUQKUCUHJBH-UWTATZPHSA-N')"
trimethoprim,virginiamycin m1,IEDVJHCEMCRBQM-UHFFFAOYSA-N,DAIKHDNSXMZDCU-FQTGFAPKSA-N,"('DAIKHDNSXMZDCU-FQTGFAPKSA-N', 'IEDVJHCEMCRBQM-UHFFFAOYSA-N')"
vancomycin,virginiamycin m1,MYPYJXKWCTUITO-LYRMYLQWSA-N,DAIKHDNSXMZDCU-FQTGFAPKSA-N,"('DAIKHDNSXMZDCU-FQTGFAPKSA-N', 'MYPYJXKWCTUITO-LYRMYLQWSA-N')"
ticagrelor,virginiamycin m1,OEKWJQXRCDYSHL-FNOIDJSQSA-N,DAIKHDNSXMZDCU-FQTGFAPKSA-N,"('DAIKHDNSXMZDCU-FQTGFAPKSA-N', 'OEKWJQXRCDYSHL-FNOIDJSQSA-N')"
benzalkonium,virginiamycin m1,VVZBFOKBSDGVGZ-UHFFFAOYSA-N,DAIKHDNSXMZDCU-FQTGFAPKSA-N,"('DAIKHDNSXMZDCU-FQTGFAPKSA-N', 'VVZBFOKBSDGVGZ-UHFFFAOYSA-N')"
ciprofloxacin,diclofenac,MYSWGUAQZAJSOK-UHFFFAOYSA-N,DCOPUUMXTXDBNB-UHFFFAOYSA-N,"('DCOPUUMXTXDBNB-UHFFFAOYSA-N', 'MYSWGUAQZAJSOK-UHFFFAOYSA-N')"
benzalkonium,diclofenac,VVZBFOKBSDGVGZ-UHFFFAOYSA-N,DCOPUUMXTXDBNB-UHFFFAOYSA-N,"('DCOPUUMXTXDBNB-UHFFFAOYSA-N', 'VVZBFOKBSDGVGZ-UHFFFAOYSA-N')"
novobiocin,diclofenac,YJQPYGGHQPGBLI-KGSXXDOSSA-N,DCOPUUMXTXDBNB-UHFFFAOYSA-N,"('DCOPUUMXTXDBNB-UHFFFAOYSA-N', 'YJQPYGGHQPGBLI-KGSXXDOSSA-N')"
pyocyanin,diclofenac,YNCMLFHHXWETLD-UHFFFAOYSA-N,DCOPUUMXTXDBNB-UHFFFAOYSA-N,"('DCOPUUMXTXDBNB-UHFFFAOYSA-N', 'YNCMLFHHXWETLD-UHFFFAOYSA-N')"
cycloserine d,meropenem,DYDCUQKUCUHJBH-UWTATZPHSA-N,DMJNNHOOLUXYBV-PQTSNVLCSA-N,"('DMJNNHOOLUXYBV-PQTSNVLCSA-N', 'DYDCUQKUCUHJBH-UWTATZPHSA-N')"
cefotaxime,meropenem,GPRBEKHLDVQUJE-QSWIMTSFSA-N,DMJNNHOOLUXYBV-PQTSNVLCSA-N,"('DMJNNHOOLUXYBV-PQTSNVLCSA-N', 'GPRBEKHLDVQUJE-QSWIMTSFSA-N')"
trimethoprim,meropenem,IEDVJHCEMCRBQM-UHFFFAOYSA-N,DMJNNHOOLUXYBV-PQTSNVLCSA-N,"('DMJNNHOOLUXYBV-PQTSNVLCSA-N', 'IEDVJHCEMCRBQM-UHFFFAOYSA-N')"
piperacillin,meropenem,IVBHGBMCVLDMKU-GXNBUGAJSA-N,DMJNNHOOLUXYBV-PQTSNVLCSA-N,"('DMJNNHOOLUXYBV-PQTSNVLCSA-N', 'IVBHGBMCVLDMKU-GXNBUGAJSA-N')"
penicillin g,meropenem,JGSARLDLIJGVTE-MBNYWOFBSA-N,DMJNNHOOLUXYBV-PQTSNVLCSA-N,"('DMJNNHOOLUXYBV-PQTSNVLCSA-N', 'JGSARLDLIJGVTE-MBNYWOFBSA-N')"
rifampicin,meropenem,JQXXHWHPUNPDRT-WLSIYKJHSA-N,DMJNNHOOLUXYBV-PQTSNVLCSA-N,"('DMJNNHOOLUXYBV-PQTSNVLCSA-N', 'JQXXHWHPUNPDRT-WLSIYKJHSA-N')"
amikacin,meropenem,LKCWBDHBTVXHDL-RMDFUYIESA-N,DMJNNHOOLUXYBV-PQTSNVLCSA-N,"('DMJNNHOOLUXYBV-PQTSNVLCSA-N', 'LKCWBDHBTVXHDL-RMDFUYIESA-N')"
a22,meropenem,LZTCFLDZLBOLDW-UHFFFAOYSA-N,DMJNNHOOLUXYBV-PQTSNVLCSA-N,"('DMJNNHOOLUXYBV-PQTSNVLCSA-N', 'LZTCFLDZLBOLDW-UHFFFAOYSA-N')"
procaine,meropenem,MFDFERRIHVXMIY-UHFFFAOYSA-N,DMJNNHOOLUXYBV-PQTSNVLCSA-N,"('DMJNNHOOLUXYBV-PQTSNVLCSA-N', 'MFDFERRIHVXMIY-UHFFFAOYSA-N')"
mitomycin c,meropenem,NWIBSHFKIJFRCO-WUDYKRTCSA-N,DMJNNHOOLUXYBV-PQTSNVLCSA-N,"('DMJNNHOOLUXYBV-PQTSNVLCSA-N', 'NWIBSHFKIJFRCO-WUDYKRTCSA-N')"
cefaclor,meropenem,QYIYFLOTGYLRGG-GPCCPHFNSA-N,DMJNNHOOLUXYBV-PQTSNVLCSA-N,"('DMJNNHOOLUXYBV-PQTSNVLCSA-N', 'QYIYFLOTGYLRGG-GPCCPHFNSA-N')"
meropenem,ciclopirox,DMJNNHOOLUXYBV-PQTSNVLCSA-N,SCKYRAXSEDYPSA-UHFFFAOYSA-N,"('DMJNNHOOLUXYBV-PQTSNVLCSA-N', 'SCKYRAXSEDYPSA-UHFFFAOYSA-N')"
cefsulodin,meropenem,SYLKGLMBLAAGSC-QLVMHMETSA-N,DMJNNHOOLUXYBV-PQTSNVLCSA-N,"('DMJNNHOOLUXYBV-PQTSNVLCSA-N', 'SYLKGLMBLAAGSC-QLVMHMETSA-N')"
chloramphenicol,meropenem,WIIZWVCIJKGZOK-RKDXNWHRSA-N,DMJNNHOOLUXYBV-PQTSNVLCSA-N,"('DMJNNHOOLUXYBV-PQTSNVLCSA-N', 'WIIZWVCIJKGZOK-RKDXNWHRSA-N')"
egcg,meropenem,WMBWREPUVVBILR-WIYYLYMNSA-N,DMJNNHOOLUXYBV-PQTSNVLCSA-N,"('DMJNNHOOLUXYBV-PQTSNVLCSA-N', 'WMBWREPUVVBILR-WIYYLYMNSA-N')"
pyocyanin,meropenem,YNCMLFHHXWETLD-UHFFFAOYSA-N,DMJNNHOOLUXYBV-PQTSNVLCSA-N,"('DMJNNHOOLUXYBV-PQTSNVLCSA-N', 'YNCMLFHHXWETLD-UHFFFAOYSA-N')"
imipenem,meropenem,ZSKVGTPCRGIANV-ZXFLCMHBSA-N,DMJNNHOOLUXYBV-PQTSNVLCSA-N,"('DMJNNHOOLUXYBV-PQTSNVLCSA-N', 'ZSKVGTPCRGIANV-ZXFLCMHBSA-N')"
daptomycin,moxifloxacin,DOAKLVKFURWEDJ-QCMAZARJSA-N,FABPRXSRWADJSP-MEDUHNTESA-N,"('DOAKLVKFURWEDJ-QCMAZARJSA-N', 'FABPRXSRWADJSP-MEDUHNTESA-N')"
daptomycin,levofloxacin,DOAKLVKFURWEDJ-QCMAZARJSA-N,GSDSWSVVBLHKDQ-JTQLQIEISA-N,"('DOAKLVKFURWEDJ-QCMAZARJSA-N', 'GSDSWSVVBLHKDQ-JTQLQIEISA-N')"
daptomycin,trimethoprim,DOAKLVKFURWEDJ-QCMAZARJSA-N,IEDVJHCEMCRBQM-UHFFFAOYSA-N,"('DOAKLVKFURWEDJ-QCMAZARJSA-N', 'IEDVJHCEMCRBQM-UHFFFAOYSA-N')"
daptomycin,penicillin g,DOAKLVKFURWEDJ-QCMAZARJSA-N,JGSARLDLIJGVTE-MBNYWOFBSA-N,"('DOAKLVKFURWEDJ-QCMAZARJSA-N', 'JGSARLDLIJGVTE-MBNYWOFBSA-N')"
clindamycin,daptomycin,KDLRVYVGXIQJDK-AWPVFWJPSA-N,DOAKLVKFURWEDJ-QCMAZARJSA-N,"('DOAKLVKFURWEDJ-QCMAZARJSA-N', 'KDLRVYVGXIQJDK-AWPVFWJPSA-N')"
amikacin,daptomycin,LKCWBDHBTVXHDL-RMDFUYIESA-N,DOAKLVKFURWEDJ-QCMAZARJSA-N,"('DOAKLVKFURWEDJ-QCMAZARJSA-N', 'LKCWBDHBTVXHDL-RMDFUYIESA-N')"
amoxicillin,daptomycin,LSQZJLSUYDQPKJ-NJBDSQKTSA-N,DOAKLVKFURWEDJ-QCMAZARJSA-N,"('DOAKLVKFURWEDJ-QCMAZARJSA-N', 'LSQZJLSUYDQPKJ-NJBDSQKTSA-N')"
ciprofloxacin,daptomycin,MYSWGUAQZAJSOK-UHFFFAOYSA-N,DOAKLVKFURWEDJ-QCMAZARJSA-N,"('DOAKLVKFURWEDJ-QCMAZARJSA-N', 'MYSWGUAQZAJSOK-UHFFFAOYSA-N')"
daptomycin,lincomycin,DOAKLVKFURWEDJ-QCMAZARJSA-N,OJMMVQQUTAEWLP-KIDUDLJLSA-N,"('DOAKLVKFURWEDJ-QCMAZARJSA-N', 'OJMMVQQUTAEWLP-KIDUDLJLSA-N')"
cefsulodin,daptomycin,SYLKGLMBLAAGSC-QLVMHMETSA-N,DOAKLVKFURWEDJ-QCMAZARJSA-N,"('DOAKLVKFURWEDJ-QCMAZARJSA-N', 'SYLKGLMBLAAGSC-QLVMHMETSA-N')"
benzalkonium,daptomycin,VVZBFOKBSDGVGZ-UHFFFAOYSA-N,DOAKLVKFURWEDJ-QCMAZARJSA-N,"('DOAKLVKFURWEDJ-QCMAZARJSA-N', 'VVZBFOKBSDGVGZ-UHFFFAOYSA-N')"
chloramphenicol,daptomycin,WIIZWVCIJKGZOK-RKDXNWHRSA-N,DOAKLVKFURWEDJ-QCMAZARJSA-N,"('DOAKLVKFURWEDJ-QCMAZARJSA-N', 'WIIZWVCIJKGZOK-RKDXNWHRSA-N')"
daptomycin,egcg,DOAKLVKFURWEDJ-QCMAZARJSA-N,WMBWREPUVVBILR-WIYYLYMNSA-N,"('DOAKLVKFURWEDJ-QCMAZARJSA-N', 'WMBWREPUVVBILR-WIYYLYMNSA-N')"
daptomycin,tedizolid,DOAKLVKFURWEDJ-QCMAZARJSA-N,XFALPSLJIHVRKE-GFCCVEGCSA-N,"('DOAKLVKFURWEDJ-QCMAZARJSA-N', 'XFALPSLJIHVRKE-GFCCVEGCSA-N')"
daptomycin,streptozotocin,DOAKLVKFURWEDJ-QCMAZARJSA-N,ZSJLQEPLLKMAKR-GKHCUFPYSA-N,"('DOAKLVKFURWEDJ-QCMAZARJSA-N', 'ZSJLQEPLLKMAKR-GKHCUFPYSA-N')"
cycloserine d,moxifloxacin,DYDCUQKUCUHJBH-UWTATZPHSA-N,FABPRXSRWADJSP-MEDUHNTESA-N,"('DYDCUQKUCUHJBH-UWTATZPHSA-N', 'FABPRXSRWADJSP-MEDUHNTESA-N')"
cycloserine d,chlorhexidine,DYDCUQKUCUHJBH-UWTATZPHSA-N,GHXZTYHSJHQHIJ-UHFFFAOYSA-N,"('DYDCUQKUCUHJBH-UWTATZPHSA-N', 'GHXZTYHSJHQHIJ-UHFFFAOYSA-N')"
clomiphene,cycloserine d,GKIRPKYJQBWNGO-UHFFFAOYSA-N,DYDCUQKUCUHJBH-UWTATZPHSA-N,"('DYDCUQKUCUHJBH-UWTATZPHSA-N', 'GKIRPKYJQBWNGO-UHFFFAOYSA-N')"
cycloserine d,cefotaxime,DYDCUQKUCUHJBH-UWTATZPHSA-N,GPRBEKHLDVQUJE-QSWIMTSFSA-N,"('DYDCUQKUCUHJBH-UWTATZPHSA-N', 'GPRBEKHLDVQUJE-QSWIMTSFSA-N')"
cycloserine d,levofloxacin,DYDCUQKUCUHJBH-UWTATZPHSA-N,GSDSWSVVBLHKDQ-JTQLQIEISA-N,"('DYDCUQKUCUHJBH-UWTATZPHSA-N', 'GSDSWSVVBLHKDQ-JTQLQIEISA-N')"
cycloserine d,diflunisal,DYDCUQKUCUHJBH-UWTATZPHSA-N,HUPFGZXOMWLGNK-UHFFFAOYSA-N,"('DYDCUQKUCUHJBH-UWTATZPHSA-N', 'HUPFGZXOMWLGNK-UHFFFAOYSA-N')"
cycloserine d,fusidic acid,DYDCUQKUCUHJBH-UWTATZPHSA-N,IECPWNUMDGFDKC-MZJAQBGESA-N,"('DYDCUQKUCUHJBH-UWTATZPHSA-N', 'IECPWNUMDGFDKC-MZJAQBGESA-N')"
cycloserine d,piperacillin,DYDCUQKUCUHJBH-UWTATZPHSA-N,IVBHGBMCVLDMKU-GXNBUGAJSA-N,"('DYDCUQKUCUHJBH-UWTATZPHSA-N', 'IVBHGBMCVLDMKU-GXNBUGAJSA-N')"
cycloserine d,penicillin g,DYDCUQKUCUHJBH-UWTATZPHSA-N,JGSARLDLIJGVTE-MBNYWOFBSA-N,"('DYDCUQKUCUHJBH-UWTATZPHSA-N', 'JGSARLDLIJGVTE-MBNYWOFBSA-N')"
cycloserine d,sulfamethoxazol,DYDCUQKUCUHJBH-UWTATZPHSA-N,JLKIGFTWXXRPMT-UHFFFAOYSA-N,"('DYDCUQKUCUHJBH-UWTATZPHSA-N', 'JLKIGFTWXXRPMT-UHFFFAOYSA-N')"
cycloserine d,rifampicin,DYDCUQKUCUHJBH-UWTATZPHSA-N,JQXXHWHPUNPDRT-WLSIYKJHSA-N,"('DYDCUQKUCUHJBH-UWTATZPHSA-N', 'JQXXHWHPUNPDRT-WLSIYKJHSA-N')"
clindamycin,cycloserine d,KDLRVYVGXIQJDK-AWPVFWJPSA-N,DYDCUQKUCUHJBH-UWTATZPHSA-N,"('DYDCUQKUCUHJBH-UWTATZPHSA-N', 'KDLRVYVGXIQJDK-AWPVFWJPSA-N')"
amoxicillin,cycloserine d,LSQZJLSUYDQPKJ-NJBDSQKTSA-N,DYDCUQKUCUHJBH-UWTATZPHSA-N,"('DYDCUQKUCUHJBH-UWTATZPHSA-N', 'LSQZJLSUYDQPKJ-NJBDSQKTSA-N')"
cycloserine d,procaine,DYDCUQKUCUHJBH-UWTATZPHSA-N,MFDFERRIHVXMIY-UHFFFAOYSA-N,"('DYDCUQKUCUHJBH-UWTATZPHSA-N', 'MFDFERRIHVXMIY-UHFFFAOYSA-N')"
cycloserine d,pseudomonic acid,DYDCUQKUCUHJBH-UWTATZPHSA-N,MINDHVHHQZYEEK-HBBNESRFSA-N,"('DYDCUQKUCUHJBH-UWTATZPHSA-N', 'MINDHVHHQZYEEK-HBBNESRFSA-N')"
azithromycin,cycloserine d,MQTOSJVFKKJCRP-BICOPXKESA-N,DYDCUQKUCUHJBH-UWTATZPHSA-N,"('DYDCUQKUCUHJBH-UWTATZPHSA-N', 'MQTOSJVFKKJCRP-BICOPXKESA-N')"
ciprofloxacin,cycloserine d,MYSWGUAQZAJSOK-UHFFFAOYSA-N,DYDCUQKUCUHJBH-UWTATZPHSA-N,"('DYDCUQKUCUHJBH-UWTATZPHSA-N', 'MYSWGUAQZAJSOK-UHFFFAOYSA-N')"
cycloserine d,tobramycin,DYDCUQKUCUHJBH-UWTATZPHSA-N,NLVFBUXFDBBNBW-PBSUHMDJSA-N,"('DYDCUQKUCUHJBH-UWTATZPHSA-N', 'NLVFBUXFDBBNBW-PBSUHMDJSA-N')"
cycloserine d,nitrofurantoin,DYDCUQKUCUHJBH-UWTATZPHSA-N,NXFQHRVNIOXGAQ-YCRREMRBSA-N,"('DYDCUQKUCUHJBH-UWTATZPHSA-N', 'NXFQHRVNIOXGAQ-YCRREMRBSA-N')"
cycloserine d,lincomycin,DYDCUQKUCUHJBH-UWTATZPHSA-N,OJMMVQQUTAEWLP-KIDUDLJLSA-N,"('DYDCUQKUCUHJBH-UWTATZPHSA-N', 'OJMMVQQUTAEWLP-KIDUDLJLSA-N')"
cycloserine d,cefaclor,DYDCUQKUCUHJBH-UWTATZPHSA-N,QYIYFLOTGYLRGG-GPCCPHFNSA-N,"('DYDCUQKUCUHJBH-UWTATZPHSA-N', 'QYIYFLOTGYLRGG-GPCCPHFNSA-N')"
cycloserine d,puromycin,DYDCUQKUCUHJBH-UWTATZPHSA-N,RXWNCPJZOCPEPQ-NVWDDTSBSA-N,"('DYDCUQKUCUHJBH-UWTATZPHSA-N', 'RXWNCPJZOCPEPQ-NVWDDTSBSA-N')"
cycloserine d,linezolid,DYDCUQKUCUHJBH-UWTATZPHSA-N,TYZROVQLWOKYKF-ZDUSSCGKSA-N,"('DYDCUQKUCUHJBH-UWTATZPHSA-N', 'TYZROVQLWOKYKF-ZDUSSCGKSA-N')"
cycloserine d,cccp,DYDCUQKUCUHJBH-UWTATZPHSA-N,UGTJLJZQQFGTJD-UHFFFAOYSA-N,"('DYDCUQKUCUHJBH-UWTATZPHSA-N', 'UGTJLJZQQFGTJD-UHFFFAOYSA-N')"
cycloserine d,erythromycin,DYDCUQKUCUHJBH-UWTATZPHSA-N,ULGZDMOVFRHVEP-RWJQBGPGSA-N,"('DYDCUQKUCUHJBH-UWTATZPHSA-N', 'ULGZDMOVFRHVEP-RWJQBGPGSA-N')"
cycloserine d,oxacillin,DYDCUQKUCUHJBH-UWTATZPHSA-N,UWYHMGVUTGAWSP-JKIFEVAISA-N,"('DYDCUQKUCUHJBH-UWTATZPHSA-N', 'UWYHMGVUTGAWSP-JKIFEVAISA-N')"
benzalkonium,cycloserine d,VVZBFOKBSDGVGZ-UHFFFAOYSA-N,DYDCUQKUCUHJBH-UWTATZPHSA-N,"('DYDCUQKUCUHJBH-UWTATZPHSA-N', 'VVZBFOKBSDGVGZ-UHFFFAOYSA-N')"
benzbromarone,cycloserine d,WHQCHUCQKNIQEC-UHFFFAOYSA-N,DYDCUQKUCUHJBH-UWTATZPHSA-N,"('DYDCUQKUCUHJBH-UWTATZPHSA-N', 'WHQCHUCQKNIQEC-UHFFFAOYSA-N')"
chloramphenicol,cycloserine d,WIIZWVCIJKGZOK-RKDXNWHRSA-N,DYDCUQKUCUHJBH-UWTATZPHSA-N,"('DYDCUQKUCUHJBH-UWTATZPHSA-N', 'WIIZWVCIJKGZOK-RKDXNWHRSA-N')"
cycloserine d,egcg,DYDCUQKUCUHJBH-UWTATZPHSA-N,WMBWREPUVVBILR-WIYYLYMNSA-N,"('DYDCUQKUCUHJBH-UWTATZPHSA-N', 'WMBWREPUVVBILR-WIYYLYMNSA-N')"
cycloserine d,tolfenamic,DYDCUQKUCUHJBH-UWTATZPHSA-N,YEZNLOUZAIOMLT-UHFFFAOYSA-N,"('DYDCUQKUCUHJBH-UWTATZPHSA-N', 'YEZNLOUZAIOMLT-UHFFFAOYSA-N')"
cycloserine d,novobiocin,DYDCUQKUCUHJBH-UWTATZPHSA-N,YJQPYGGHQPGBLI-KGSXXDOSSA-N,"('DYDCUQKUCUHJBH-UWTATZPHSA-N', 'YJQPYGGHQPGBLI-KGSXXDOSSA-N')"
cycloserine d,pyocyanin,DYDCUQKUCUHJBH-UWTATZPHSA-N,YNCMLFHHXWETLD-UHFFFAOYSA-N,"('DYDCUQKUCUHJBH-UWTATZPHSA-N', 'YNCMLFHHXWETLD-UHFFFAOYSA-N')"
cycloserine d,streptozotocin,DYDCUQKUCUHJBH-UWTATZPHSA-N,ZSJLQEPLLKMAKR-GKHCUFPYSA-N,"('DYDCUQKUCUHJBH-UWTATZPHSA-N', 'ZSJLQEPLLKMAKR-GKHCUFPYSA-N')"
cycloserine d,imipenem,DYDCUQKUCUHJBH-UWTATZPHSA-N,ZSKVGTPCRGIANV-ZXFLCMHBSA-N,"('DYDCUQKUCUHJBH-UWTATZPHSA-N', 'ZSKVGTPCRGIANV-ZXFLCMHBSA-N')"
chlorhexidine,moxifloxacin,GHXZTYHSJHQHIJ-UHFFFAOYSA-N,FABPRXSRWADJSP-MEDUHNTESA-N,"('FABPRXSRWADJSP-MEDUHNTESA-N', 'GHXZTYHSJHQHIJ-UHFFFAOYSA-N')"
levofloxacin,moxifloxacin,GSDSWSVVBLHKDQ-JTQLQIEISA-N,FABPRXSRWADJSP-MEDUHNTESA-N,"('FABPRXSRWADJSP-MEDUHNTESA-N', 'GSDSWSVVBLHKDQ-JTQLQIEISA-N')"
cefepime,moxifloxacin,HVFLCNVBZFFHBT-ZKDACBOMSA-N,FABPRXSRWADJSP-MEDUHNTESA-N,"('FABPRXSRWADJSP-MEDUHNTESA-N', 'HVFLCNVBZFFHBT-ZKDACBOMSA-N')"
trimethoprim,moxifloxacin,IEDVJHCEMCRBQM-UHFFFAOYSA-N,FABPRXSRWADJSP-MEDUHNTESA-N,"('FABPRXSRWADJSP-MEDUHNTESA-N', 'IEDVJHCEMCRBQM-UHFFFAOYSA-N')"
piperacillin,moxifloxacin,IVBHGBMCVLDMKU-GXNBUGAJSA-N,FABPRXSRWADJSP-MEDUHNTESA-N,"('FABPRXSRWADJSP-MEDUHNTESA-N', 'IVBHGBMCVLDMKU-GXNBUGAJSA-N')"
cefuroxime,moxifloxacin,JFPVXVDWJQMJEE-IZRZKJBUSA-N,FABPRXSRWADJSP-MEDUHNTESA-N,"('FABPRXSRWADJSP-MEDUHNTESA-N', 'JFPVXVDWJQMJEE-IZRZKJBUSA-N')"
penicillin g,moxifloxacin,JGSARLDLIJGVTE-MBNYWOFBSA-N,FABPRXSRWADJSP-MEDUHNTESA-N,"('FABPRXSRWADJSP-MEDUHNTESA-N', 'JGSARLDLIJGVTE-MBNYWOFBSA-N')"
moxifloxacin,sulfamethoxazol,FABPRXSRWADJSP-MEDUHNTESA-N,JLKIGFTWXXRPMT-UHFFFAOYSA-N,"('FABPRXSRWADJSP-MEDUHNTESA-N', 'JLKIGFTWXXRPMT-UHFFFAOYSA-N')"
amikacin,moxifloxacin,LKCWBDHBTVXHDL-RMDFUYIESA-N,FABPRXSRWADJSP-MEDUHNTESA-N,"('FABPRXSRWADJSP-MEDUHNTESA-N', 'LKCWBDHBTVXHDL-RMDFUYIESA-N')"
a22,moxifloxacin,LZTCFLDZLBOLDW-UHFFFAOYSA-N,FABPRXSRWADJSP-MEDUHNTESA-N,"('FABPRXSRWADJSP-MEDUHNTESA-N', 'LZTCFLDZLBOLDW-UHFFFAOYSA-N')"
procaine,moxifloxacin,MFDFERRIHVXMIY-UHFFFAOYSA-N,FABPRXSRWADJSP-MEDUHNTESA-N,"('FABPRXSRWADJSP-MEDUHNTESA-N', 'MFDFERRIHVXMIY-UHFFFAOYSA-N')"
azithromycin,moxifloxacin,MQTOSJVFKKJCRP-BICOPXKESA-N,FABPRXSRWADJSP-MEDUHNTESA-N,"('FABPRXSRWADJSP-MEDUHNTESA-N', 'MQTOSJVFKKJCRP-BICOPXKESA-N')"
vanillin,moxifloxacin,MWOOGOJBHIARFG-UHFFFAOYSA-N,FABPRXSRWADJSP-MEDUHNTESA-N,"('FABPRXSRWADJSP-MEDUHNTESA-N', 'MWOOGOJBHIARFG-UHFFFAOYSA-N')"
ciprofloxacin,moxifloxacin,MYSWGUAQZAJSOK-UHFFFAOYSA-N,FABPRXSRWADJSP-MEDUHNTESA-N,"('FABPRXSRWADJSP-MEDUHNTESA-N', 'MYSWGUAQZAJSOK-UHFFFAOYSA-N')"
lincomycin,moxifloxacin,OJMMVQQUTAEWLP-KIDUDLJLSA-N,FABPRXSRWADJSP-MEDUHNTESA-N,"('FABPRXSRWADJSP-MEDUHNTESA-N', 'OJMMVQQUTAEWLP-KIDUDLJLSA-N')"
bleomycin,moxifloxacin,OYVAGSVQBOHSSS-WXFSZRTFSA-O,FABPRXSRWADJSP-MEDUHNTESA-N,"('FABPRXSRWADJSP-MEDUHNTESA-N', 'OYVAGSVQBOHSSS-WXFSZRTFSA-O')"
caffeine,moxifloxacin,RYYVLZVUVIJVGH-UHFFFAOYSA-N,FABPRXSRWADJSP-MEDUHNTESA-N,"('FABPRXSRWADJSP-MEDUHNTESA-N', 'RYYVLZVUVIJVGH-UHFFFAOYSA-N')"
cccp,moxifloxacin,UGTJLJZQQFGTJD-UHFFFAOYSA-N,FABPRXSRWADJSP-MEDUHNTESA-N,"('FABPRXSRWADJSP-MEDUHNTESA-N', 'UGTJLJZQQFGTJD-UHFFFAOYSA-N')"
erythromycin,moxifloxacin,ULGZDMOVFRHVEP-RWJQBGPGSA-N,FABPRXSRWADJSP-MEDUHNTESA-N,"('FABPRXSRWADJSP-MEDUHNTESA-N', 'ULGZDMOVFRHVEP-RWJQBGPGSA-N')"
spectinomycin,moxifloxacin,UNFWWIHTNXNPBV-WXKVUWSESA-N,FABPRXSRWADJSP-MEDUHNTESA-N,"('FABPRXSRWADJSP-MEDUHNTESA-N', 'UNFWWIHTNXNPBV-WXKVUWSESA-N')"
metronidazole,moxifloxacin,VAOCPAMSLUNLGC-UHFFFAOYSA-N,FABPRXSRWADJSP-MEDUHNTESA-N,"('FABPRXSRWADJSP-MEDUHNTESA-N', 'VAOCPAMSLUNLGC-UHFFFAOYSA-N')"
benzalkonium,moxifloxacin,VVZBFOKBSDGVGZ-UHFFFAOYSA-N,FABPRXSRWADJSP-MEDUHNTESA-N,"('FABPRXSRWADJSP-MEDUHNTESA-N', 'VVZBFOKBSDGVGZ-UHFFFAOYSA-N')"
clofazimine,moxifloxacin,WDQPAMHFFCXSNU-UHFFFAOYSA-N,FABPRXSRWADJSP-MEDUHNTESA-N,"('FABPRXSRWADJSP-MEDUHNTESA-N', 'WDQPAMHFFCXSNU-UHFFFAOYSA-N')"
chloramphenicol,moxifloxacin,WIIZWVCIJKGZOK-RKDXNWHRSA-N,FABPRXSRWADJSP-MEDUHNTESA-N,"('FABPRXSRWADJSP-MEDUHNTESA-N', 'WIIZWVCIJKGZOK-RKDXNWHRSA-N')"
egcg,moxifloxacin,WMBWREPUVVBILR-WIYYLYMNSA-N,FABPRXSRWADJSP-MEDUHNTESA-N,"('FABPRXSRWADJSP-MEDUHNTESA-N', 'WMBWREPUVVBILR-WIYYLYMNSA-N')"
moxifloxacin,tedizolid,FABPRXSRWADJSP-MEDUHNTESA-N,XFALPSLJIHVRKE-GFCCVEGCSA-N,"('FABPRXSRWADJSP-MEDUHNTESA-N', 'XFALPSLJIHVRKE-GFCCVEGCSA-N')"
moxifloxacin,tolfenamic,FABPRXSRWADJSP-MEDUHNTESA-N,YEZNLOUZAIOMLT-UHFFFAOYSA-N,"('FABPRXSRWADJSP-MEDUHNTESA-N', 'YEZNLOUZAIOMLT-UHFFFAOYSA-N')"
novobiocin,moxifloxacin,YJQPYGGHQPGBLI-KGSXXDOSSA-N,FABPRXSRWADJSP-MEDUHNTESA-N,"('FABPRXSRWADJSP-MEDUHNTESA-N', 'YJQPYGGHQPGBLI-KGSXXDOSSA-N')"
fosfomycin,moxifloxacin,YMDXZJFXQJVXBF-STHAYSLISA-N,FABPRXSRWADJSP-MEDUHNTESA-N,"('FABPRXSRWADJSP-MEDUHNTESA-N', 'YMDXZJFXQJVXBF-STHAYSLISA-N')"
pyocyanin,moxifloxacin,YNCMLFHHXWETLD-UHFFFAOYSA-N,FABPRXSRWADJSP-MEDUHNTESA-N,"('FABPRXSRWADJSP-MEDUHNTESA-N', 'YNCMLFHHXWETLD-UHFFFAOYSA-N')"
moxifloxacin,streptozotocin,FABPRXSRWADJSP-MEDUHNTESA-N,ZSJLQEPLLKMAKR-GKHCUFPYSA-N,"('FABPRXSRWADJSP-MEDUHNTESA-N', 'ZSJLQEPLLKMAKR-GKHCUFPYSA-N')"
imipenem,moxifloxacin,ZSKVGTPCRGIANV-ZXFLCMHBSA-N,FABPRXSRWADJSP-MEDUHNTESA-N,"('FABPRXSRWADJSP-MEDUHNTESA-N', 'ZSKVGTPCRGIANV-ZXFLCMHBSA-N')"
methotrexate,trimethoprim,FBOZXECLQNJBKD-ZDUSSCGKSA-N,IEDVJHCEMCRBQM-UHFFFAOYSA-N,"('FBOZXECLQNJBKD-ZDUSSCGKSA-N', 'IEDVJHCEMCRBQM-UHFFFAOYSA-N')"
methotrexate,penicillin g,FBOZXECLQNJBKD-ZDUSSCGKSA-N,JGSARLDLIJGVTE-MBNYWOFBSA-N,"('FBOZXECLQNJBKD-ZDUSSCGKSA-N', 'JGSARLDLIJGVTE-MBNYWOFBSA-N')"
cefotaxime,chir-90,GPRBEKHLDVQUJE-QSWIMTSFSA-N,FQYBTYFKOHPWQT-VGSWGCGISA-N,"('FQYBTYFKOHPWQT-VGSWGCGISA-N', 'GPRBEKHLDVQUJE-QSWIMTSFSA-N')"
fusidic acid,chir-90,IECPWNUMDGFDKC-MZJAQBGESA-N,FQYBTYFKOHPWQT-VGSWGCGISA-N,"('FQYBTYFKOHPWQT-VGSWGCGISA-N', 'IECPWNUMDGFDKC-MZJAQBGESA-N')"
trimethoprim,chir-90,IEDVJHCEMCRBQM-UHFFFAOYSA-N,FQYBTYFKOHPWQT-VGSWGCGISA-N,"('FQYBTYFKOHPWQT-VGSWGCGISA-N', 'IEDVJHCEMCRBQM-UHFFFAOYSA-N')"
piperacillin,chir-90,IVBHGBMCVLDMKU-GXNBUGAJSA-N,FQYBTYFKOHPWQT-VGSWGCGISA-N,"('FQYBTYFKOHPWQT-VGSWGCGISA-N', 'IVBHGBMCVLDMKU-GXNBUGAJSA-N')"
penicillin g,chir-90,JGSARLDLIJGVTE-MBNYWOFBSA-N,FQYBTYFKOHPWQT-VGSWGCGISA-N,"('FQYBTYFKOHPWQT-VGSWGCGISA-N', 'JGSARLDLIJGVTE-MBNYWOFBSA-N')"
rifampicin,chir-90,JQXXHWHPUNPDRT-WLSIYKJHSA-N,FQYBTYFKOHPWQT-VGSWGCGISA-N,"('FQYBTYFKOHPWQT-VGSWGCGISA-N', 'JQXXHWHPUNPDRT-WLSIYKJHSA-N')"
clindamycin,chir-90,KDLRVYVGXIQJDK-AWPVFWJPSA-N,FQYBTYFKOHPWQT-VGSWGCGISA-N,"('FQYBTYFKOHPWQT-VGSWGCGISA-N', 'KDLRVYVGXIQJDK-AWPVFWJPSA-N')"
pseudomonic acid,chir-90,MINDHVHHQZYEEK-HBBNESRFSA-N,FQYBTYFKOHPWQT-VGSWGCGISA-N,"('FQYBTYFKOHPWQT-VGSWGCGISA-N', 'MINDHVHHQZYEEK-HBBNESRFSA-N')"
vanillin,chir-90,MWOOGOJBHIARFG-UHFFFAOYSA-N,FQYBTYFKOHPWQT-VGSWGCGISA-N,"('FQYBTYFKOHPWQT-VGSWGCGISA-N', 'MWOOGOJBHIARFG-UHFFFAOYSA-N')"
ciprofloxacin,chir-90,MYSWGUAQZAJSOK-UHFFFAOYSA-N,FQYBTYFKOHPWQT-VGSWGCGISA-N,"('FQYBTYFKOHPWQT-VGSWGCGISA-N', 'MYSWGUAQZAJSOK-UHFFFAOYSA-N')"
nitrofurantoin,chir-90,NXFQHRVNIOXGAQ-YCRREMRBSA-N,FQYBTYFKOHPWQT-VGSWGCGISA-N,"('FQYBTYFKOHPWQT-VGSWGCGISA-N', 'NXFQHRVNIOXGAQ-YCRREMRBSA-N')"
bleomycin,chir-90,OYVAGSVQBOHSSS-WXFSZRTFSA-O,FQYBTYFKOHPWQT-VGSWGCGISA-N,"('FQYBTYFKOHPWQT-VGSWGCGISA-N', 'OYVAGSVQBOHSSS-WXFSZRTFSA-O')"
erythromycin,chir-90,ULGZDMOVFRHVEP-RWJQBGPGSA-N,FQYBTYFKOHPWQT-VGSWGCGISA-N,"('FQYBTYFKOHPWQT-VGSWGCGISA-N', 'ULGZDMOVFRHVEP-RWJQBGPGSA-N')"
oxacillin,chir-90,UWYHMGVUTGAWSP-JKIFEVAISA-N,FQYBTYFKOHPWQT-VGSWGCGISA-N,"('FQYBTYFKOHPWQT-VGSWGCGISA-N', 'UWYHMGVUTGAWSP-JKIFEVAISA-N')"
clofazimine,chir-90,WDQPAMHFFCXSNU-UHFFFAOYSA-N,FQYBTYFKOHPWQT-VGSWGCGISA-N,"('FQYBTYFKOHPWQT-VGSWGCGISA-N', 'WDQPAMHFFCXSNU-UHFFFAOYSA-N')"
chloramphenicol,chir-90,WIIZWVCIJKGZOK-RKDXNWHRSA-N,FQYBTYFKOHPWQT-VGSWGCGISA-N,"('FQYBTYFKOHPWQT-VGSWGCGISA-N', 'WIIZWVCIJKGZOK-RKDXNWHRSA-N')"
polymyxin b,chir-90,WQVJHHACXVLGBL-BPJDFBQWSA-N,FQYBTYFKOHPWQT-VGSWGCGISA-N,"('FQYBTYFKOHPWQT-VGSWGCGISA-N', 'WQVJHHACXVLGBL-BPJDFBQWSA-N')"
minocycline,chir-90,WTJXVDPDEQKTCV-VQAITOIOSA-N,FQYBTYFKOHPWQT-VGSWGCGISA-N,"('FQYBTYFKOHPWQT-VGSWGCGISA-N', 'WTJXVDPDEQKTCV-VQAITOIOSA-N')"
novobiocin,chir-90,YJQPYGGHQPGBLI-KGSXXDOSSA-N,FQYBTYFKOHPWQT-VGSWGCGISA-N,"('FQYBTYFKOHPWQT-VGSWGCGISA-N', 'YJQPYGGHQPGBLI-KGSXXDOSSA-N')"
fosfomycin,chir-90,YMDXZJFXQJVXBF-STHAYSLISA-N,FQYBTYFKOHPWQT-VGSWGCGISA-N,"('FQYBTYFKOHPWQT-VGSWGCGISA-N', 'YMDXZJFXQJVXBF-STHAYSLISA-N')"
pyocyanin,chir-90,YNCMLFHHXWETLD-UHFFFAOYSA-N,FQYBTYFKOHPWQT-VGSWGCGISA-N,"('FQYBTYFKOHPWQT-VGSWGCGISA-N', 'YNCMLFHHXWETLD-UHFFFAOYSA-N')"
cefotaxime,fluorouracil,GPRBEKHLDVQUJE-QSWIMTSFSA-N,GHASVSINZRGABV-UHFFFAOYSA-N,"('GHASVSINZRGABV-UHFFFAOYSA-N', 'GPRBEKHLDVQUJE-QSWIMTSFSA-N')"
fluorouracil,nitrofurantoin,GHASVSINZRGABV-UHFFFAOYSA-N,NXFQHRVNIOXGAQ-YCRREMRBSA-N,"('GHASVSINZRGABV-UHFFFAOYSA-N', 'NXFQHRVNIOXGAQ-YCRREMRBSA-N')"
fluorouracil,streptomycin,GHASVSINZRGABV-UHFFFAOYSA-N,UCSJYZPVAKXKNQ-HZYVHMACSA-N,"('GHASVSINZRGABV-UHFFFAOYSA-N', 'UCSJYZPVAKXKNQ-HZYVHMACSA-N')"
levofloxacin,chlorhexidine,GSDSWSVVBLHKDQ-JTQLQIEISA-N,GHXZTYHSJHQHIJ-UHFFFAOYSA-N,"('GHXZTYHSJHQHIJ-UHFFFAOYSA-N', 'GSDSWSVVBLHKDQ-JTQLQIEISA-N')"
fusidic acid,chlorhexidine,IECPWNUMDGFDKC-MZJAQBGESA-N,GHXZTYHSJHQHIJ-UHFFFAOYSA-N,"('GHXZTYHSJHQHIJ-UHFFFAOYSA-N', 'IECPWNUMDGFDKC-MZJAQBGESA-N')"
chlorhexidine,rifampicin,GHXZTYHSJHQHIJ-UHFFFAOYSA-N,JQXXHWHPUNPDRT-WLSIYKJHSA-N,"('GHXZTYHSJHQHIJ-UHFFFAOYSA-N', 'JQXXHWHPUNPDRT-WLSIYKJHSA-N')"
amikacin,chlorhexidine,LKCWBDHBTVXHDL-RMDFUYIESA-N,GHXZTYHSJHQHIJ-UHFFFAOYSA-N,"('GHXZTYHSJHQHIJ-UHFFFAOYSA-N', 'LKCWBDHBTVXHDL-RMDFUYIESA-N')"
amoxicillin,chlorhexidine,LSQZJLSUYDQPKJ-NJBDSQKTSA-N,GHXZTYHSJHQHIJ-UHFFFAOYSA-N,"('GHXZTYHSJHQHIJ-UHFFFAOYSA-N', 'LSQZJLSUYDQPKJ-NJBDSQKTSA-N')"
a22,chlorhexidine,LZTCFLDZLBOLDW-UHFFFAOYSA-N,GHXZTYHSJHQHIJ-UHFFFAOYSA-N,"('GHXZTYHSJHQHIJ-UHFFFAOYSA-N', 'LZTCFLDZLBOLDW-UHFFFAOYSA-N')"
procaine,chlorhexidine,MFDFERRIHVXMIY-UHFFFAOYSA-N,GHXZTYHSJHQHIJ-UHFFFAOYSA-N,"('GHXZTYHSJHQHIJ-UHFFFAOYSA-N', 'MFDFERRIHVXMIY-UHFFFAOYSA-N')"
chlorhexidine,pseudomonic acid,GHXZTYHSJHQHIJ-UHFFFAOYSA-N,MINDHVHHQZYEEK-HBBNESRFSA-N,"('GHXZTYHSJHQHIJ-UHFFFAOYSA-N', 'MINDHVHHQZYEEK-HBBNESRFSA-N')"
chlorhexidine,azithromycin,GHXZTYHSJHQHIJ-UHFFFAOYSA-N,MQTOSJVFKKJCRP-BICOPXKESA-N,"('GHXZTYHSJHQHIJ-UHFFFAOYSA-N', 'MQTOSJVFKKJCRP-BICOPXKESA-N')"
vanillin,chlorhexidine,MWOOGOJBHIARFG-UHFFFAOYSA-N,GHXZTYHSJHQHIJ-UHFFFAOYSA-N,"('GHXZTYHSJHQHIJ-UHFFFAOYSA-N', 'MWOOGOJBHIARFG-UHFFFAOYSA-N')"
ciprofloxacin,chlorhexidine,MYSWGUAQZAJSOK-UHFFFAOYSA-N,GHXZTYHSJHQHIJ-UHFFFAOYSA-N,"('GHXZTYHSJHQHIJ-UHFFFAOYSA-N', 'MYSWGUAQZAJSOK-UHFFFAOYSA-N')"
tobramycin,chlorhexidine,NLVFBUXFDBBNBW-PBSUHMDJSA-N,GHXZTYHSJHQHIJ-UHFFFAOYSA-N,"('GHXZTYHSJHQHIJ-UHFFFAOYSA-N', 'NLVFBUXFDBBNBW-PBSUHMDJSA-N')"
chlorhexidine,mitomycin c,GHXZTYHSJHQHIJ-UHFFFAOYSA-N,NWIBSHFKIJFRCO-WUDYKRTCSA-N,"('GHXZTYHSJHQHIJ-UHFFFAOYSA-N', 'NWIBSHFKIJFRCO-WUDYKRTCSA-N')"
chlorhexidine,bleomycin,GHXZTYHSJHQHIJ-UHFFFAOYSA-N,OYVAGSVQBOHSSS-WXFSZRTFSA-O,"('GHXZTYHSJHQHIJ-UHFFFAOYSA-N', 'OYVAGSVQBOHSSS-WXFSZRTFSA-O')"
chlorhexidine,puromycin,GHXZTYHSJHQHIJ-UHFFFAOYSA-N,RXWNCPJZOCPEPQ-NVWDDTSBSA-N,"('GHXZTYHSJHQHIJ-UHFFFAOYSA-N', 'RXWNCPJZOCPEPQ-NVWDDTSBSA-N')"
chlorhexidine,caffeine,GHXZTYHSJHQHIJ-UHFFFAOYSA-N,RYYVLZVUVIJVGH-UHFFFAOYSA-N,"('GHXZTYHSJHQHIJ-UHFFFAOYSA-N', 'RYYVLZVUVIJVGH-UHFFFAOYSA-N')"
cccp,chlorhexidine,UGTJLJZQQFGTJD-UHFFFAOYSA-N,GHXZTYHSJHQHIJ-UHFFFAOYSA-N,"('GHXZTYHSJHQHIJ-UHFFFAOYSA-N', 'UGTJLJZQQFGTJD-UHFFFAOYSA-N')"
spectinomycin,chlorhexidine,UNFWWIHTNXNPBV-WXKVUWSESA-N,GHXZTYHSJHQHIJ-UHFFFAOYSA-N,"('GHXZTYHSJHQHIJ-UHFFFAOYSA-N', 'UNFWWIHTNXNPBV-WXKVUWSESA-N')"
oxacillin,chlorhexidine,UWYHMGVUTGAWSP-JKIFEVAISA-N,GHXZTYHSJHQHIJ-UHFFFAOYSA-N,"('GHXZTYHSJHQHIJ-UHFFFAOYSA-N', 'UWYHMGVUTGAWSP-JKIFEVAISA-N')"
benzalkonium,chlorhexidine,VVZBFOKBSDGVGZ-UHFFFAOYSA-N,GHXZTYHSJHQHIJ-UHFFFAOYSA-N,"('GHXZTYHSJHQHIJ-UHFFFAOYSA-N', 'VVZBFOKBSDGVGZ-UHFFFAOYSA-N')"
chloramphenicol,chlorhexidine,WIIZWVCIJKGZOK-RKDXNWHRSA-N,GHXZTYHSJHQHIJ-UHFFFAOYSA-N,"('GHXZTYHSJHQHIJ-UHFFFAOYSA-N', 'WIIZWVCIJKGZOK-RKDXNWHRSA-N')"
chlorhexidine,egcg,GHXZTYHSJHQHIJ-UHFFFAOYSA-N,WMBWREPUVVBILR-WIYYLYMNSA-N,"('GHXZTYHSJHQHIJ-UHFFFAOYSA-N', 'WMBWREPUVVBILR-WIYYLYMNSA-N')"
polymyxin b,chlorhexidine,WQVJHHACXVLGBL-BPJDFBQWSA-N,GHXZTYHSJHQHIJ-UHFFFAOYSA-N,"('GHXZTYHSJHQHIJ-UHFFFAOYSA-N', 'WQVJHHACXVLGBL-BPJDFBQWSA-N')"
minocycline,chlorhexidine,WTJXVDPDEQKTCV-VQAITOIOSA-N,GHXZTYHSJHQHIJ-UHFFFAOYSA-N,"('GHXZTYHSJHQHIJ-UHFFFAOYSA-N', 'WTJXVDPDEQKTCV-VQAITOIOSA-N')"
chlorhexidine,aztreonam,GHXZTYHSJHQHIJ-UHFFFAOYSA-N,WZPBZJONDBGPKJ-VEHQQRBSSA-N,"('GHXZTYHSJHQHIJ-UHFFFAOYSA-N', 'WZPBZJONDBGPKJ-VEHQQRBSSA-N')"
chlorhexidine,berberine,GHXZTYHSJHQHIJ-UHFFFAOYSA-N,YBHILYKTIRIUTE-UHFFFAOYSA-N,"('GHXZTYHSJHQHIJ-UHFFFAOYSA-N', 'YBHILYKTIRIUTE-UHFFFAOYSA-N')"
novobiocin,chlorhexidine,YJQPYGGHQPGBLI-KGSXXDOSSA-N,GHXZTYHSJHQHIJ-UHFFFAOYSA-N,"('GHXZTYHSJHQHIJ-UHFFFAOYSA-N', 'YJQPYGGHQPGBLI-KGSXXDOSSA-N')"
chlorhexidine,colistin,GHXZTYHSJHQHIJ-UHFFFAOYSA-N,YKQOSKADJPQZHB-RGYSVOEGSA-N,"('GHXZTYHSJHQHIJ-UHFFFAOYSA-N', 'YKQOSKADJPQZHB-RGYSVOEGSA-N')"
fosfomycin,chlorhexidine,YMDXZJFXQJVXBF-STHAYSLISA-N,GHXZTYHSJHQHIJ-UHFFFAOYSA-N,"('GHXZTYHSJHQHIJ-UHFFFAOYSA-N', 'YMDXZJFXQJVXBF-STHAYSLISA-N')"
chlorhexidine,pyocyanin,GHXZTYHSJHQHIJ-UHFFFAOYSA-N,YNCMLFHHXWETLD-UHFFFAOYSA-N,"('GHXZTYHSJHQHIJ-UHFFFAOYSA-N', 'YNCMLFHHXWETLD-UHFFFAOYSA-N')"
clomiphene,trimethoprim,GKIRPKYJQBWNGO-UHFFFAOYSA-N,IEDVJHCEMCRBQM-UHFFFAOYSA-N,"('GKIRPKYJQBWNGO-UHFFFAOYSA-N', 'IEDVJHCEMCRBQM-UHFFFAOYSA-N')"
amoxicillin,clomiphene,LSQZJLSUYDQPKJ-NJBDSQKTSA-N,GKIRPKYJQBWNGO-UHFFFAOYSA-N,"('GKIRPKYJQBWNGO-UHFFFAOYSA-N', 'LSQZJLSUYDQPKJ-NJBDSQKTSA-N')"
clomiphene,pseudomonic acid,GKIRPKYJQBWNGO-UHFFFAOYSA-N,MINDHVHHQZYEEK-HBBNESRFSA-N,"('GKIRPKYJQBWNGO-UHFFFAOYSA-N', 'MINDHVHHQZYEEK-HBBNESRFSA-N')"
clomiphene,streptomycin,GKIRPKYJQBWNGO-UHFFFAOYSA-N,UCSJYZPVAKXKNQ-HZYVHMACSA-N,"('GKIRPKYJQBWNGO-UHFFFAOYSA-N', 'UCSJYZPVAKXKNQ-HZYVHMACSA-N')"
clomiphene,egcg,GKIRPKYJQBWNGO-UHFFFAOYSA-N,WMBWREPUVVBILR-WIYYLYMNSA-N,"('GKIRPKYJQBWNGO-UHFFFAOYSA-N', 'WMBWREPUVVBILR-WIYYLYMNSA-N')"
clomiphene,tedizolid,GKIRPKYJQBWNGO-UHFFFAOYSA-N,XFALPSLJIHVRKE-GFCCVEGCSA-N,"('GKIRPKYJQBWNGO-UHFFFAOYSA-N', 'XFALPSLJIHVRKE-GFCCVEGCSA-N')"
cefotaxime,levofloxacin,GPRBEKHLDVQUJE-QSWIMTSFSA-N,GSDSWSVVBLHKDQ-JTQLQIEISA-N,"('GPRBEKHLDVQUJE-QSWIMTSFSA-N', 'GSDSWSVVBLHKDQ-JTQLQIEISA-N')"
fusidic acid,cefotaxime,IECPWNUMDGFDKC-MZJAQBGESA-N,GPRBEKHLDVQUJE-QSWIMTSFSA-N,"('GPRBEKHLDVQUJE-QSWIMTSFSA-N', 'IECPWNUMDGFDKC-MZJAQBGESA-N')"
cefotaxime,trimethoprim,GPRBEKHLDVQUJE-QSWIMTSFSA-N,IEDVJHCEMCRBQM-UHFFFAOYSA-N,"('GPRBEKHLDVQUJE-QSWIMTSFSA-N', 'IEDVJHCEMCRBQM-UHFFFAOYSA-N')"
cefotaxime,piperacillin,GPRBEKHLDVQUJE-QSWIMTSFSA-N,IVBHGBMCVLDMKU-GXNBUGAJSA-N,"('GPRBEKHLDVQUJE-QSWIMTSFSA-N', 'IVBHGBMCVLDMKU-GXNBUGAJSA-N')"
cefotaxime,penicillin g,GPRBEKHLDVQUJE-QSWIMTSFSA-N,JGSARLDLIJGVTE-MBNYWOFBSA-N,"('GPRBEKHLDVQUJE-QSWIMTSFSA-N', 'JGSARLDLIJGVTE-MBNYWOFBSA-N')"
cefotaxime,rifampicin,GPRBEKHLDVQUJE-QSWIMTSFSA-N,JQXXHWHPUNPDRT-WLSIYKJHSA-N,"('GPRBEKHLDVQUJE-QSWIMTSFSA-N', 'JQXXHWHPUNPDRT-WLSIYKJHSA-N')"
cefotaxime,clindamycin,GPRBEKHLDVQUJE-QSWIMTSFSA-N,KDLRVYVGXIQJDK-AWPVFWJPSA-N,"('GPRBEKHLDVQUJE-QSWIMTSFSA-N', 'KDLRVYVGXIQJDK-AWPVFWJPSA-N')"
amikacin,cefotaxime,LKCWBDHBTVXHDL-RMDFUYIESA-N,GPRBEKHLDVQUJE-QSWIMTSFSA-N,"('GPRBEKHLDVQUJE-QSWIMTSFSA-N', 'LKCWBDHBTVXHDL-RMDFUYIESA-N')"
amoxicillin,cefotaxime,LSQZJLSUYDQPKJ-NJBDSQKTSA-N,GPRBEKHLDVQUJE-QSWIMTSFSA-N,"('GPRBEKHLDVQUJE-QSWIMTSFSA-N', 'LSQZJLSUYDQPKJ-NJBDSQKTSA-N')"
cefotaxime,a22,GPRBEKHLDVQUJE-QSWIMTSFSA-N,LZTCFLDZLBOLDW-UHFFFAOYSA-N,"('GPRBEKHLDVQUJE-QSWIMTSFSA-N', 'LZTCFLDZLBOLDW-UHFFFAOYSA-N')"
cefotaxime,procaine,GPRBEKHLDVQUJE-QSWIMTSFSA-N,MFDFERRIHVXMIY-UHFFFAOYSA-N,"('GPRBEKHLDVQUJE-QSWIMTSFSA-N', 'MFDFERRIHVXMIY-UHFFFAOYSA-N')"
cefotaxime,vanillin,GPRBEKHLDVQUJE-QSWIMTSFSA-N,MWOOGOJBHIARFG-UHFFFAOYSA-N,"('GPRBEKHLDVQUJE-QSWIMTSFSA-N', 'MWOOGOJBHIARFG-UHFFFAOYSA-N')"
cefotaxime,ciprofloxacin,GPRBEKHLDVQUJE-QSWIMTSFSA-N,MYSWGUAQZAJSOK-UHFFFAOYSA-N,"('GPRBEKHLDVQUJE-QSWIMTSFSA-N', 'MYSWGUAQZAJSOK-UHFFFAOYSA-N')"
cefotaxime,tobramycin,GPRBEKHLDVQUJE-QSWIMTSFSA-N,NLVFBUXFDBBNBW-PBSUHMDJSA-N,"('GPRBEKHLDVQUJE-QSWIMTSFSA-N', 'NLVFBUXFDBBNBW-PBSUHMDJSA-N')"
cefotaxime,mitomycin c,GPRBEKHLDVQUJE-QSWIMTSFSA-N,NWIBSHFKIJFRCO-WUDYKRTCSA-N,"('GPRBEKHLDVQUJE-QSWIMTSFSA-N', 'NWIBSHFKIJFRCO-WUDYKRTCSA-N')"
cefotaxime,nitrofurantoin,GPRBEKHLDVQUJE-QSWIMTSFSA-N,NXFQHRVNIOXGAQ-YCRREMRBSA-N,"('GPRBEKHLDVQUJE-QSWIMTSFSA-N', 'NXFQHRVNIOXGAQ-YCRREMRBSA-N')"
cefotaxime,lincomycin,GPRBEKHLDVQUJE-QSWIMTSFSA-N,OJMMVQQUTAEWLP-KIDUDLJLSA-N,"('GPRBEKHLDVQUJE-QSWIMTSFSA-N', 'OJMMVQQUTAEWLP-KIDUDLJLSA-N')"
cefotaxime,bleomycin,GPRBEKHLDVQUJE-QSWIMTSFSA-N,OYVAGSVQBOHSSS-WXFSZRTFSA-O,"('GPRBEKHLDVQUJE-QSWIMTSFSA-N', 'OYVAGSVQBOHSSS-WXFSZRTFSA-O')"
cefotaxime,cefaclor,GPRBEKHLDVQUJE-QSWIMTSFSA-N,QYIYFLOTGYLRGG-GPCCPHFNSA-N,"('GPRBEKHLDVQUJE-QSWIMTSFSA-N', 'QYIYFLOTGYLRGG-GPCCPHFNSA-N')"
cefotaxime,caffeine,GPRBEKHLDVQUJE-QSWIMTSFSA-N,RYYVLZVUVIJVGH-UHFFFAOYSA-N,"('GPRBEKHLDVQUJE-QSWIMTSFSA-N', 'RYYVLZVUVIJVGH-UHFFFAOYSA-N')"
cefotaxime,cefsulodin,GPRBEKHLDVQUJE-QSWIMTSFSA-N,SYLKGLMBLAAGSC-QLVMHMETSA-N,"('GPRBEKHLDVQUJE-QSWIMTSFSA-N', 'SYLKGLMBLAAGSC-QLVMHMETSA-N')"
cefotaxime,linezolid,GPRBEKHLDVQUJE-QSWIMTSFSA-N,TYZROVQLWOKYKF-ZDUSSCGKSA-N,"('GPRBEKHLDVQUJE-QSWIMTSFSA-N', 'TYZROVQLWOKYKF-ZDUSSCGKSA-N')"
cccp,cefotaxime,UGTJLJZQQFGTJD-UHFFFAOYSA-N,GPRBEKHLDVQUJE-QSWIMTSFSA-N,"('GPRBEKHLDVQUJE-QSWIMTSFSA-N', 'UGTJLJZQQFGTJD-UHFFFAOYSA-N')"
spectinomycin,cefotaxime,UNFWWIHTNXNPBV-WXKVUWSESA-N,GPRBEKHLDVQUJE-QSWIMTSFSA-N,"('GPRBEKHLDVQUJE-QSWIMTSFSA-N', 'UNFWWIHTNXNPBV-WXKVUWSESA-N')"
oxacillin,cefotaxime,UWYHMGVUTGAWSP-JKIFEVAISA-N,GPRBEKHLDVQUJE-QSWIMTSFSA-N,"('GPRBEKHLDVQUJE-QSWIMTSFSA-N', 'UWYHMGVUTGAWSP-JKIFEVAISA-N')"
cefotaxime,metronidazole,GPRBEKHLDVQUJE-QSWIMTSFSA-N,VAOCPAMSLUNLGC-UHFFFAOYSA-N,"('GPRBEKHLDVQUJE-QSWIMTSFSA-N', 'VAOCPAMSLUNLGC-UHFFFAOYSA-N')"
cefotaxime,curcumin,GPRBEKHLDVQUJE-QSWIMTSFSA-N,VFLDPWHFBUODDF-FCXRPNKRSA-N,"('GPRBEKHLDVQUJE-QSWIMTSFSA-N', 'VFLDPWHFBUODDF-FCXRPNKRSA-N')"
cefotaxime,oritavancin,GPRBEKHLDVQUJE-QSWIMTSFSA-N,VHFGEBVPHAGQPI-LXKZPTCJSA-N,"('GPRBEKHLDVQUJE-QSWIMTSFSA-N', 'VHFGEBVPHAGQPI-LXKZPTCJSA-N')"
cefotaxime,benzalkonium,GPRBEKHLDVQUJE-QSWIMTSFSA-N,VVZBFOKBSDGVGZ-UHFFFAOYSA-N,"('GPRBEKHLDVQUJE-QSWIMTSFSA-N', 'VVZBFOKBSDGVGZ-UHFFFAOYSA-N')"
cefotaxime,chloramphenicol,GPRBEKHLDVQUJE-QSWIMTSFSA-N,WIIZWVCIJKGZOK-RKDXNWHRSA-N,"('GPRBEKHLDVQUJE-QSWIMTSFSA-N', 'WIIZWVCIJKGZOK-RKDXNWHRSA-N')"
polymyxin b,cefotaxime,WQVJHHACXVLGBL-BPJDFBQWSA-N,GPRBEKHLDVQUJE-QSWIMTSFSA-N,"('GPRBEKHLDVQUJE-QSWIMTSFSA-N', 'WQVJHHACXVLGBL-BPJDFBQWSA-N')"
cefotaxime,aztreonam,GPRBEKHLDVQUJE-QSWIMTSFSA-N,WZPBZJONDBGPKJ-VEHQQRBSSA-N,"('GPRBEKHLDVQUJE-QSWIMTSFSA-N', 'WZPBZJONDBGPKJ-VEHQQRBSSA-N')"
cefotaxime,tedizolid,GPRBEKHLDVQUJE-QSWIMTSFSA-N,XFALPSLJIHVRKE-GFCCVEGCSA-N,"('GPRBEKHLDVQUJE-QSWIMTSFSA-N', 'XFALPSLJIHVRKE-GFCCVEGCSA-N')"
cefotaxime,metformin,GPRBEKHLDVQUJE-QSWIMTSFSA-N,XZWYZXLIPXDOLR-UHFFFAOYSA-N,"('GPRBEKHLDVQUJE-QSWIMTSFSA-N', 'XZWYZXLIPXDOLR-UHFFFAOYSA-N')"
cefotaxime,berberine,GPRBEKHLDVQUJE-QSWIMTSFSA-N,YBHILYKTIRIUTE-UHFFFAOYSA-N,"('GPRBEKHLDVQUJE-QSWIMTSFSA-N', 'YBHILYKTIRIUTE-UHFFFAOYSA-N')"
novobiocin,cefotaxime,YJQPYGGHQPGBLI-KGSXXDOSSA-N,GPRBEKHLDVQUJE-QSWIMTSFSA-N,"('GPRBEKHLDVQUJE-QSWIMTSFSA-N', 'YJQPYGGHQPGBLI-KGSXXDOSSA-N')"
fosfomycin,cefotaxime,YMDXZJFXQJVXBF-STHAYSLISA-N,GPRBEKHLDVQUJE-QSWIMTSFSA-N,"('GPRBEKHLDVQUJE-QSWIMTSFSA-N', 'YMDXZJFXQJVXBF-STHAYSLISA-N')"
cefotaxime,pyocyanin,GPRBEKHLDVQUJE-QSWIMTSFSA-N,YNCMLFHHXWETLD-UHFFFAOYSA-N,"('GPRBEKHLDVQUJE-QSWIMTSFSA-N', 'YNCMLFHHXWETLD-UHFFFAOYSA-N')"
cefotaxime,cephalexin,GPRBEKHLDVQUJE-QSWIMTSFSA-N,ZAIPMKNFIOOWCQ-UEKVPHQBSA-N,"('GPRBEKHLDVQUJE-QSWIMTSFSA-N', 'ZAIPMKNFIOOWCQ-UEKVPHQBSA-N')"
cefotaxime,imipenem,GPRBEKHLDVQUJE-QSWIMTSFSA-N,ZSKVGTPCRGIANV-ZXFLCMHBSA-N,"('GPRBEKHLDVQUJE-QSWIMTSFSA-N', 'ZSKVGTPCRGIANV-ZXFLCMHBSA-N')"
cefepime,levofloxacin,HVFLCNVBZFFHBT-ZKDACBOMSA-N,GSDSWSVVBLHKDQ-JTQLQIEISA-N,"('GSDSWSVVBLHKDQ-JTQLQIEISA-N', 'HVFLCNVBZFFHBT-ZKDACBOMSA-N')"
trimethoprim,levofloxacin,IEDVJHCEMCRBQM-UHFFFAOYSA-N,GSDSWSVVBLHKDQ-JTQLQIEISA-N,"('GSDSWSVVBLHKDQ-JTQLQIEISA-N', 'IEDVJHCEMCRBQM-UHFFFAOYSA-N')"
levofloxacin,piperacillin,GSDSWSVVBLHKDQ-JTQLQIEISA-N,IVBHGBMCVLDMKU-GXNBUGAJSA-N,"('GSDSWSVVBLHKDQ-JTQLQIEISA-N', 'IVBHGBMCVLDMKU-GXNBUGAJSA-N')"
cefuroxime,levofloxacin,JFPVXVDWJQMJEE-IZRZKJBUSA-N,GSDSWSVVBLHKDQ-JTQLQIEISA-N,"('GSDSWSVVBLHKDQ-JTQLQIEISA-N', 'JFPVXVDWJQMJEE-IZRZKJBUSA-N')"
levofloxacin,sulfamethoxazol,GSDSWSVVBLHKDQ-JTQLQIEISA-N,JLKIGFTWXXRPMT-UHFFFAOYSA-N,"('GSDSWSVVBLHKDQ-JTQLQIEISA-N', 'JLKIGFTWXXRPMT-UHFFFAOYSA-N')"
levofloxacin,rifampicin,GSDSWSVVBLHKDQ-JTQLQIEISA-N,JQXXHWHPUNPDRT-WLSIYKJHSA-N,"('GSDSWSVVBLHKDQ-JTQLQIEISA-N', 'JQXXHWHPUNPDRT-WLSIYKJHSA-N')"
clindamycin,levofloxacin,KDLRVYVGXIQJDK-AWPVFWJPSA-N,GSDSWSVVBLHKDQ-JTQLQIEISA-N,"('GSDSWSVVBLHKDQ-JTQLQIEISA-N', 'KDLRVYVGXIQJDK-AWPVFWJPSA-N')"
amikacin,levofloxacin,LKCWBDHBTVXHDL-RMDFUYIESA-N,GSDSWSVVBLHKDQ-JTQLQIEISA-N,"('GSDSWSVVBLHKDQ-JTQLQIEISA-N', 'LKCWBDHBTVXHDL-RMDFUYIESA-N')"
procaine,levofloxacin,MFDFERRIHVXMIY-UHFFFAOYSA-N,GSDSWSVVBLHKDQ-JTQLQIEISA-N,"('GSDSWSVVBLHKDQ-JTQLQIEISA-N', 'MFDFERRIHVXMIY-UHFFFAOYSA-N')"
levofloxacin,azithromycin,GSDSWSVVBLHKDQ-JTQLQIEISA-N,MQTOSJVFKKJCRP-BICOPXKESA-N,"('GSDSWSVVBLHKDQ-JTQLQIEISA-N', 'MQTOSJVFKKJCRP-BICOPXKESA-N')"
vanillin,levofloxacin,MWOOGOJBHIARFG-UHFFFAOYSA-N,GSDSWSVVBLHKDQ-JTQLQIEISA-N,"('GSDSWSVVBLHKDQ-JTQLQIEISA-N', 'MWOOGOJBHIARFG-UHFFFAOYSA-N')"
ciprofloxacin,levofloxacin,MYSWGUAQZAJSOK-UHFFFAOYSA-N,GSDSWSVVBLHKDQ-JTQLQIEISA-N,"('GSDSWSVVBLHKDQ-JTQLQIEISA-N', 'MYSWGUAQZAJSOK-UHFFFAOYSA-N')"
levofloxacin,mitomycin c,GSDSWSVVBLHKDQ-JTQLQIEISA-N,NWIBSHFKIJFRCO-WUDYKRTCSA-N,"('GSDSWSVVBLHKDQ-JTQLQIEISA-N', 'NWIBSHFKIJFRCO-WUDYKRTCSA-N')"
levofloxacin,nitrofurantoin,GSDSWSVVBLHKDQ-JTQLQIEISA-N,NXFQHRVNIOXGAQ-YCRREMRBSA-N,"('GSDSWSVVBLHKDQ-JTQLQIEISA-N', 'NXFQHRVNIOXGAQ-YCRREMRBSA-N')"
levofloxacin,lincomycin,GSDSWSVVBLHKDQ-JTQLQIEISA-N,OJMMVQQUTAEWLP-KIDUDLJLSA-N,"('GSDSWSVVBLHKDQ-JTQLQIEISA-N', 'OJMMVQQUTAEWLP-KIDUDLJLSA-N')"
levofloxacin,bleomycin,GSDSWSVVBLHKDQ-JTQLQIEISA-N,OYVAGSVQBOHSSS-WXFSZRTFSA-O,"('GSDSWSVVBLHKDQ-JTQLQIEISA-N', 'OYVAGSVQBOHSSS-WXFSZRTFSA-O')"
levofloxacin,ciclopirox,GSDSWSVVBLHKDQ-JTQLQIEISA-N,SCKYRAXSEDYPSA-UHFFFAOYSA-N,"('GSDSWSVVBLHKDQ-JTQLQIEISA-N', 'SCKYRAXSEDYPSA-UHFFFAOYSA-N')"
cefsulodin,levofloxacin,SYLKGLMBLAAGSC-QLVMHMETSA-N,GSDSWSVVBLHKDQ-JTQLQIEISA-N,"('GSDSWSVVBLHKDQ-JTQLQIEISA-N', 'SYLKGLMBLAAGSC-QLVMHMETSA-N')"
diacerein,levofloxacin,TYNLGDBUJLVSMA-UHFFFAOYSA-N,GSDSWSVVBLHKDQ-JTQLQIEISA-N,"('GSDSWSVVBLHKDQ-JTQLQIEISA-N', 'TYNLGDBUJLVSMA-UHFFFAOYSA-N')"
levofloxacin,linezolid,GSDSWSVVBLHKDQ-JTQLQIEISA-N,TYZROVQLWOKYKF-ZDUSSCGKSA-N,"('GSDSWSVVBLHKDQ-JTQLQIEISA-N', 'TYZROVQLWOKYKF-ZDUSSCGKSA-N')"
levofloxacin,curcumin,GSDSWSVVBLHKDQ-JTQLQIEISA-N,VFLDPWHFBUODDF-FCXRPNKRSA-N,"('GSDSWSVVBLHKDQ-JTQLQIEISA-N', 'VFLDPWHFBUODDF-FCXRPNKRSA-N')"
benzalkonium,levofloxacin,VVZBFOKBSDGVGZ-UHFFFAOYSA-N,GSDSWSVVBLHKDQ-JTQLQIEISA-N,"('GSDSWSVVBLHKDQ-JTQLQIEISA-N', 'VVZBFOKBSDGVGZ-UHFFFAOYSA-N')"
chloramphenicol,levofloxacin,WIIZWVCIJKGZOK-RKDXNWHRSA-N,GSDSWSVVBLHKDQ-JTQLQIEISA-N,"('GSDSWSVVBLHKDQ-JTQLQIEISA-N', 'WIIZWVCIJKGZOK-RKDXNWHRSA-N')"
levofloxacin,aztreonam,GSDSWSVVBLHKDQ-JTQLQIEISA-N,WZPBZJONDBGPKJ-VEHQQRBSSA-N,"('GSDSWSVVBLHKDQ-JTQLQIEISA-N', 'WZPBZJONDBGPKJ-VEHQQRBSSA-N')"
levofloxacin,metformin,GSDSWSVVBLHKDQ-JTQLQIEISA-N,XZWYZXLIPXDOLR-UHFFFAOYSA-N,"('GSDSWSVVBLHKDQ-JTQLQIEISA-N', 'XZWYZXLIPXDOLR-UHFFFAOYSA-N')"
levofloxacin,berberine,GSDSWSVVBLHKDQ-JTQLQIEISA-N,YBHILYKTIRIUTE-UHFFFAOYSA-N,"('GSDSWSVVBLHKDQ-JTQLQIEISA-N', 'YBHILYKTIRIUTE-UHFFFAOYSA-N')"
levofloxacin,tolfenamic,GSDSWSVVBLHKDQ-JTQLQIEISA-N,YEZNLOUZAIOMLT-UHFFFAOYSA-N,"('GSDSWSVVBLHKDQ-JTQLQIEISA-N', 'YEZNLOUZAIOMLT-UHFFFAOYSA-N')"
levofloxacin,novobiocin,GSDSWSVVBLHKDQ-JTQLQIEISA-N,YJQPYGGHQPGBLI-KGSXXDOSSA-N,"('GSDSWSVVBLHKDQ-JTQLQIEISA-N', 'YJQPYGGHQPGBLI-KGSXXDOSSA-N')"
levofloxacin,colistin,GSDSWSVVBLHKDQ-JTQLQIEISA-N,YKQOSKADJPQZHB-RGYSVOEGSA-N,"('GSDSWSVVBLHKDQ-JTQLQIEISA-N', 'YKQOSKADJPQZHB-RGYSVOEGSA-N')"
fosfomycin,levofloxacin,YMDXZJFXQJVXBF-STHAYSLISA-N,GSDSWSVVBLHKDQ-JTQLQIEISA-N,"('GSDSWSVVBLHKDQ-JTQLQIEISA-N', 'YMDXZJFXQJVXBF-STHAYSLISA-N')"
levofloxacin,pyocyanin,GSDSWSVVBLHKDQ-JTQLQIEISA-N,YNCMLFHHXWETLD-UHFFFAOYSA-N,"('GSDSWSVVBLHKDQ-JTQLQIEISA-N', 'YNCMLFHHXWETLD-UHFFFAOYSA-N')"
levofloxacin,streptozotocin,GSDSWSVVBLHKDQ-JTQLQIEISA-N,ZSJLQEPLLKMAKR-GKHCUFPYSA-N,"('GSDSWSVVBLHKDQ-JTQLQIEISA-N', 'ZSJLQEPLLKMAKR-GKHCUFPYSA-N')"
ibuprofen,trimethoprim,HEFNNWSXXWATRW-UHFFFAOYSA-N,IEDVJHCEMCRBQM-UHFFFAOYSA-N,"('HEFNNWSXXWATRW-UHFFFAOYSA-N', 'IEDVJHCEMCRBQM-UHFFFAOYSA-N')"
clindamycin,ibuprofen,KDLRVYVGXIQJDK-AWPVFWJPSA-N,HEFNNWSXXWATRW-UHFFFAOYSA-N,"('HEFNNWSXXWATRW-UHFFFAOYSA-N', 'KDLRVYVGXIQJDK-AWPVFWJPSA-N')"
diflunisal,fusidic acid,HUPFGZXOMWLGNK-UHFFFAOYSA-N,IECPWNUMDGFDKC-MZJAQBGESA-N,"('HUPFGZXOMWLGNK-UHFFFAOYSA-N', 'IECPWNUMDGFDKC-MZJAQBGESA-N')"
amoxicillin,diflunisal,LSQZJLSUYDQPKJ-NJBDSQKTSA-N,HUPFGZXOMWLGNK-UHFFFAOYSA-N,"('HUPFGZXOMWLGNK-UHFFFAOYSA-N', 'LSQZJLSUYDQPKJ-NJBDSQKTSA-N')"
azithromycin,diflunisal,MQTOSJVFKKJCRP-BICOPXKESA-N,HUPFGZXOMWLGNK-UHFFFAOYSA-N,"('HUPFGZXOMWLGNK-UHFFFAOYSA-N', 'MQTOSJVFKKJCRP-BICOPXKESA-N')"
cefepime,fusidic acid,HVFLCNVBZFFHBT-ZKDACBOMSA-N,IECPWNUMDGFDKC-MZJAQBGESA-N,"('HVFLCNVBZFFHBT-ZKDACBOMSA-N', 'IECPWNUMDGFDKC-MZJAQBGESA-N')"
cefepime,trimethoprim,HVFLCNVBZFFHBT-ZKDACBOMSA-N,IEDVJHCEMCRBQM-UHFFFAOYSA-N,"('HVFLCNVBZFFHBT-ZKDACBOMSA-N', 'IEDVJHCEMCRBQM-UHFFFAOYSA-N')"
cefepime,sulfamethoxazol,HVFLCNVBZFFHBT-ZKDACBOMSA-N,JLKIGFTWXXRPMT-UHFFFAOYSA-N,"('HVFLCNVBZFFHBT-ZKDACBOMSA-N', 'JLKIGFTWXXRPMT-UHFFFAOYSA-N')"
cefepime,rifampicin,HVFLCNVBZFFHBT-ZKDACBOMSA-N,JQXXHWHPUNPDRT-WLSIYKJHSA-N,"('HVFLCNVBZFFHBT-ZKDACBOMSA-N', 'JQXXHWHPUNPDRT-WLSIYKJHSA-N')"
cefepime,clindamycin,HVFLCNVBZFFHBT-ZKDACBOMSA-N,KDLRVYVGXIQJDK-AWPVFWJPSA-N,"('HVFLCNVBZFFHBT-ZKDACBOMSA-N', 'KDLRVYVGXIQJDK-AWPVFWJPSA-N')"
cefepime,telithromycin,HVFLCNVBZFFHBT-ZKDACBOMSA-N,LJVAJPDWBABPEJ-PNUFFHFMSA-N,"('HVFLCNVBZFFHBT-ZKDACBOMSA-N', 'LJVAJPDWBABPEJ-PNUFFHFMSA-N')"
amoxicillin,cefepime,LSQZJLSUYDQPKJ-NJBDSQKTSA-N,HVFLCNVBZFFHBT-ZKDACBOMSA-N,"('HVFLCNVBZFFHBT-ZKDACBOMSA-N', 'LSQZJLSUYDQPKJ-NJBDSQKTSA-N')"
cefepime,procaine,HVFLCNVBZFFHBT-ZKDACBOMSA-N,MFDFERRIHVXMIY-UHFFFAOYSA-N,"('HVFLCNVBZFFHBT-ZKDACBOMSA-N', 'MFDFERRIHVXMIY-UHFFFAOYSA-N')"
cefepime,vancomycin,HVFLCNVBZFFHBT-ZKDACBOMSA-N,MYPYJXKWCTUITO-LYRMYLQWSA-N,"('HVFLCNVBZFFHBT-ZKDACBOMSA-N', 'MYPYJXKWCTUITO-LYRMYLQWSA-N')"
cefepime,ciprofloxacin,HVFLCNVBZFFHBT-ZKDACBOMSA-N,MYSWGUAQZAJSOK-UHFFFAOYSA-N,"('HVFLCNVBZFFHBT-ZKDACBOMSA-N', 'MYSWGUAQZAJSOK-UHFFFAOYSA-N')"
cefepime,mitomycin c,HVFLCNVBZFFHBT-ZKDACBOMSA-N,NWIBSHFKIJFRCO-WUDYKRTCSA-N,"('HVFLCNVBZFFHBT-ZKDACBOMSA-N', 'NWIBSHFKIJFRCO-WUDYKRTCSA-N')"
cefepime,nitrofurantoin,HVFLCNVBZFFHBT-ZKDACBOMSA-N,NXFQHRVNIOXGAQ-YCRREMRBSA-N,"('HVFLCNVBZFFHBT-ZKDACBOMSA-N', 'NXFQHRVNIOXGAQ-YCRREMRBSA-N')"
cefepime,lincomycin,HVFLCNVBZFFHBT-ZKDACBOMSA-N,OJMMVQQUTAEWLP-KIDUDLJLSA-N,"('HVFLCNVBZFFHBT-ZKDACBOMSA-N', 'OJMMVQQUTAEWLP-KIDUDLJLSA-N')"
cefepime,linezolid,HVFLCNVBZFFHBT-ZKDACBOMSA-N,TYZROVQLWOKYKF-ZDUSSCGKSA-N,"('HVFLCNVBZFFHBT-ZKDACBOMSA-N', 'TYZROVQLWOKYKF-ZDUSSCGKSA-N')"
cefepime,erythromycin,HVFLCNVBZFFHBT-ZKDACBOMSA-N,ULGZDMOVFRHVEP-RWJQBGPGSA-N,"('HVFLCNVBZFFHBT-ZKDACBOMSA-N', 'ULGZDMOVFRHVEP-RWJQBGPGSA-N')"
cefepime,spectinomycin,HVFLCNVBZFFHBT-ZKDACBOMSA-N,UNFWWIHTNXNPBV-WXKVUWSESA-N,"('HVFLCNVBZFFHBT-ZKDACBOMSA-N', 'UNFWWIHTNXNPBV-WXKVUWSESA-N')"
cefepime,oxacillin,HVFLCNVBZFFHBT-ZKDACBOMSA-N,UWYHMGVUTGAWSP-JKIFEVAISA-N,"('HVFLCNVBZFFHBT-ZKDACBOMSA-N', 'UWYHMGVUTGAWSP-JKIFEVAISA-N')"
cefepime,chloramphenicol,HVFLCNVBZFFHBT-ZKDACBOMSA-N,WIIZWVCIJKGZOK-RKDXNWHRSA-N,"('HVFLCNVBZFFHBT-ZKDACBOMSA-N', 'WIIZWVCIJKGZOK-RKDXNWHRSA-N')"
cefepime,egcg,HVFLCNVBZFFHBT-ZKDACBOMSA-N,WMBWREPUVVBILR-WIYYLYMNSA-N,"('HVFLCNVBZFFHBT-ZKDACBOMSA-N', 'WMBWREPUVVBILR-WIYYLYMNSA-N')"
cefepime,tedizolid,HVFLCNVBZFFHBT-ZKDACBOMSA-N,XFALPSLJIHVRKE-GFCCVEGCSA-N,"('HVFLCNVBZFFHBT-ZKDACBOMSA-N', 'XFALPSLJIHVRKE-GFCCVEGCSA-N')"
cefepime,fosfomycin,HVFLCNVBZFFHBT-ZKDACBOMSA-N,YMDXZJFXQJVXBF-STHAYSLISA-N,"('HVFLCNVBZFFHBT-ZKDACBOMSA-N', 'YMDXZJFXQJVXBF-STHAYSLISA-N')"
cefepime,streptozotocin,HVFLCNVBZFFHBT-ZKDACBOMSA-N,ZSJLQEPLLKMAKR-GKHCUFPYSA-N,"('HVFLCNVBZFFHBT-ZKDACBOMSA-N', 'ZSJLQEPLLKMAKR-GKHCUFPYSA-N')"
cefepime,imipenem,HVFLCNVBZFFHBT-ZKDACBOMSA-N,ZSKVGTPCRGIANV-ZXFLCMHBSA-N,"('HVFLCNVBZFFHBT-ZKDACBOMSA-N', 'ZSKVGTPCRGIANV-ZXFLCMHBSA-N')"
fusidic acid,trimethoprim,IECPWNUMDGFDKC-MZJAQBGESA-N,IEDVJHCEMCRBQM-UHFFFAOYSA-N,"('IECPWNUMDGFDKC-MZJAQBGESA-N', 'IEDVJHCEMCRBQM-UHFFFAOYSA-N')"
fusidic acid,piperacillin,IECPWNUMDGFDKC-MZJAQBGESA-N,IVBHGBMCVLDMKU-GXNBUGAJSA-N,"('IECPWNUMDGFDKC-MZJAQBGESA-N', 'IVBHGBMCVLDMKU-GXNBUGAJSA-N')"
cefuroxime,fusidic acid,JFPVXVDWJQMJEE-IZRZKJBUSA-N,IECPWNUMDGFDKC-MZJAQBGESA-N,"('IECPWNUMDGFDKC-MZJAQBGESA-N', 'JFPVXVDWJQMJEE-IZRZKJBUSA-N')"
fusidic acid,amikacin,IECPWNUMDGFDKC-MZJAQBGESA-N,LKCWBDHBTVXHDL-RMDFUYIESA-N,"('IECPWNUMDGFDKC-MZJAQBGESA-N', 'LKCWBDHBTVXHDL-RMDFUYIESA-N')"
fusidic acid,procaine,IECPWNUMDGFDKC-MZJAQBGESA-N,MFDFERRIHVXMIY-UHFFFAOYSA-N,"('IECPWNUMDGFDKC-MZJAQBGESA-N', 'MFDFERRIHVXMIY-UHFFFAOYSA-N')"
azithromycin,fusidic acid,MQTOSJVFKKJCRP-BICOPXKESA-N,IECPWNUMDGFDKC-MZJAQBGESA-N,"('IECPWNUMDGFDKC-MZJAQBGESA-N', 'MQTOSJVFKKJCRP-BICOPXKESA-N')"
fusidic acid,vanillin,IECPWNUMDGFDKC-MZJAQBGESA-N,MWOOGOJBHIARFG-UHFFFAOYSA-N,"('IECPWNUMDGFDKC-MZJAQBGESA-N', 'MWOOGOJBHIARFG-UHFFFAOYSA-N')"
ciprofloxacin,fusidic acid,MYSWGUAQZAJSOK-UHFFFAOYSA-N,IECPWNUMDGFDKC-MZJAQBGESA-N,"('IECPWNUMDGFDKC-MZJAQBGESA-N', 'MYSWGUAQZAJSOK-UHFFFAOYSA-N')"
fusidic acid,tobramycin,IECPWNUMDGFDKC-MZJAQBGESA-N,NLVFBUXFDBBNBW-PBSUHMDJSA-N,"('IECPWNUMDGFDKC-MZJAQBGESA-N', 'NLVFBUXFDBBNBW-PBSUHMDJSA-N')"
fusidic acid,mitomycin c,IECPWNUMDGFDKC-MZJAQBGESA-N,NWIBSHFKIJFRCO-WUDYKRTCSA-N,"('IECPWNUMDGFDKC-MZJAQBGESA-N', 'NWIBSHFKIJFRCO-WUDYKRTCSA-N')"
fusidic acid,nitrofurantoin,IECPWNUMDGFDKC-MZJAQBGESA-N,NXFQHRVNIOXGAQ-YCRREMRBSA-N,"('IECPWNUMDGFDKC-MZJAQBGESA-N', 'NXFQHRVNIOXGAQ-YCRREMRBSA-N')"
fusidic acid,puromycin,IECPWNUMDGFDKC-MZJAQBGESA-N,RXWNCPJZOCPEPQ-NVWDDTSBSA-N,"('IECPWNUMDGFDKC-MZJAQBGESA-N', 'RXWNCPJZOCPEPQ-NVWDDTSBSA-N')"
celecoxib,fusidic acid,RZEKVGVHFLEQIL-UHFFFAOYSA-N,IECPWNUMDGFDKC-MZJAQBGESA-N,"('IECPWNUMDGFDKC-MZJAQBGESA-N', 'RZEKVGVHFLEQIL-UHFFFAOYSA-N')"
cccp,fusidic acid,UGTJLJZQQFGTJD-UHFFFAOYSA-N,IECPWNUMDGFDKC-MZJAQBGESA-N,"('IECPWNUMDGFDKC-MZJAQBGESA-N', 'UGTJLJZQQFGTJD-UHFFFAOYSA-N')"
fusidic acid,oxacillin,IECPWNUMDGFDKC-MZJAQBGESA-N,UWYHMGVUTGAWSP-JKIFEVAISA-N,"('IECPWNUMDGFDKC-MZJAQBGESA-N', 'UWYHMGVUTGAWSP-JKIFEVAISA-N')"
fusidic acid,metronidazole,IECPWNUMDGFDKC-MZJAQBGESA-N,VAOCPAMSLUNLGC-UHFFFAOYSA-N,"('IECPWNUMDGFDKC-MZJAQBGESA-N', 'VAOCPAMSLUNLGC-UHFFFAOYSA-N')"
fusidic acid,curcumin,IECPWNUMDGFDKC-MZJAQBGESA-N,VFLDPWHFBUODDF-FCXRPNKRSA-N,"('IECPWNUMDGFDKC-MZJAQBGESA-N', 'VFLDPWHFBUODDF-FCXRPNKRSA-N')"
fusidic acid,benzalkonium,IECPWNUMDGFDKC-MZJAQBGESA-N,VVZBFOKBSDGVGZ-UHFFFAOYSA-N,"('IECPWNUMDGFDKC-MZJAQBGESA-N', 'VVZBFOKBSDGVGZ-UHFFFAOYSA-N')"
chloramphenicol,fusidic acid,WIIZWVCIJKGZOK-RKDXNWHRSA-N,IECPWNUMDGFDKC-MZJAQBGESA-N,"('IECPWNUMDGFDKC-MZJAQBGESA-N', 'WIIZWVCIJKGZOK-RKDXNWHRSA-N')"
fusidic acid,egcg,IECPWNUMDGFDKC-MZJAQBGESA-N,WMBWREPUVVBILR-WIYYLYMNSA-N,"('IECPWNUMDGFDKC-MZJAQBGESA-N', 'WMBWREPUVVBILR-WIYYLYMNSA-N')"
polymyxin b,fusidic acid,WQVJHHACXVLGBL-BPJDFBQWSA-N,IECPWNUMDGFDKC-MZJAQBGESA-N,"('IECPWNUMDGFDKC-MZJAQBGESA-N', 'WQVJHHACXVLGBL-BPJDFBQWSA-N')"
fusidic acid,triclosan,IECPWNUMDGFDKC-MZJAQBGESA-N,XEFQLINVKFYRCS-UHFFFAOYSA-N,"('IECPWNUMDGFDKC-MZJAQBGESA-N', 'XEFQLINVKFYRCS-UHFFFAOYSA-N')"
fusidic acid,tedizolid,IECPWNUMDGFDKC-MZJAQBGESA-N,XFALPSLJIHVRKE-GFCCVEGCSA-N,"('IECPWNUMDGFDKC-MZJAQBGESA-N', 'XFALPSLJIHVRKE-GFCCVEGCSA-N')"
fusidic acid,metformin,IECPWNUMDGFDKC-MZJAQBGESA-N,XZWYZXLIPXDOLR-UHFFFAOYSA-N,"('IECPWNUMDGFDKC-MZJAQBGESA-N', 'XZWYZXLIPXDOLR-UHFFFAOYSA-N')"
fusidic acid,tolfenamic,IECPWNUMDGFDKC-MZJAQBGESA-N,YEZNLOUZAIOMLT-UHFFFAOYSA-N,"('IECPWNUMDGFDKC-MZJAQBGESA-N', 'YEZNLOUZAIOMLT-UHFFFAOYSA-N')"
novobiocin,fusidic acid,YJQPYGGHQPGBLI-KGSXXDOSSA-N,IECPWNUMDGFDKC-MZJAQBGESA-N,"('IECPWNUMDGFDKC-MZJAQBGESA-N', 'YJQPYGGHQPGBLI-KGSXXDOSSA-N')"
fusidic acid,colistin,IECPWNUMDGFDKC-MZJAQBGESA-N,YKQOSKADJPQZHB-RGYSVOEGSA-N,"('IECPWNUMDGFDKC-MZJAQBGESA-N', 'YKQOSKADJPQZHB-RGYSVOEGSA-N')"
fosfomycin,fusidic acid,YMDXZJFXQJVXBF-STHAYSLISA-N,IECPWNUMDGFDKC-MZJAQBGESA-N,"('IECPWNUMDGFDKC-MZJAQBGESA-N', 'YMDXZJFXQJVXBF-STHAYSLISA-N')"
trimethoprim,piperacillin,IEDVJHCEMCRBQM-UHFFFAOYSA-N,IVBHGBMCVLDMKU-GXNBUGAJSA-N,"('IEDVJHCEMCRBQM-UHFFFAOYSA-N', 'IVBHGBMCVLDMKU-GXNBUGAJSA-N')"
cefuroxime,trimethoprim,JFPVXVDWJQMJEE-IZRZKJBUSA-N,IEDVJHCEMCRBQM-UHFFFAOYSA-N,"('IEDVJHCEMCRBQM-UHFFFAOYSA-N', 'JFPVXVDWJQMJEE-IZRZKJBUSA-N')"
trimethoprim,penicillin g,IEDVJHCEMCRBQM-UHFFFAOYSA-N,JGSARLDLIJGVTE-MBNYWOFBSA-N,"('IEDVJHCEMCRBQM-UHFFFAOYSA-N', 'JGSARLDLIJGVTE-MBNYWOFBSA-N')"
sulfamethoxazol,trimethoprim,JLKIGFTWXXRPMT-UHFFFAOYSA-N,IEDVJHCEMCRBQM-UHFFFAOYSA-N,"('IEDVJHCEMCRBQM-UHFFFAOYSA-N', 'JLKIGFTWXXRPMT-UHFFFAOYSA-N')"
rifampicin,trimethoprim,JQXXHWHPUNPDRT-WLSIYKJHSA-N,IEDVJHCEMCRBQM-UHFFFAOYSA-N,"('IEDVJHCEMCRBQM-UHFFFAOYSA-N', 'JQXXHWHPUNPDRT-WLSIYKJHSA-N')"
clindamycin,trimethoprim,KDLRVYVGXIQJDK-AWPVFWJPSA-N,IEDVJHCEMCRBQM-UHFFFAOYSA-N,"('IEDVJHCEMCRBQM-UHFFFAOYSA-N', 'KDLRVYVGXIQJDK-AWPVFWJPSA-N')"
telithromycin,trimethoprim,LJVAJPDWBABPEJ-PNUFFHFMSA-N,IEDVJHCEMCRBQM-UHFFFAOYSA-N,"('IEDVJHCEMCRBQM-UHFFFAOYSA-N', 'LJVAJPDWBABPEJ-PNUFFHFMSA-N')"
amikacin,trimethoprim,LKCWBDHBTVXHDL-RMDFUYIESA-N,IEDVJHCEMCRBQM-UHFFFAOYSA-N,"('IEDVJHCEMCRBQM-UHFFFAOYSA-N', 'LKCWBDHBTVXHDL-RMDFUYIESA-N')"
amoxicillin,trimethoprim,LSQZJLSUYDQPKJ-NJBDSQKTSA-N,IEDVJHCEMCRBQM-UHFFFAOYSA-N,"('IEDVJHCEMCRBQM-UHFFFAOYSA-N', 'LSQZJLSUYDQPKJ-NJBDSQKTSA-N')"
trimethoprim,a22,IEDVJHCEMCRBQM-UHFFFAOYSA-N,LZTCFLDZLBOLDW-UHFFFAOYSA-N,"('IEDVJHCEMCRBQM-UHFFFAOYSA-N', 'LZTCFLDZLBOLDW-UHFFFAOYSA-N')"
procaine,trimethoprim,MFDFERRIHVXMIY-UHFFFAOYSA-N,IEDVJHCEMCRBQM-UHFFFAOYSA-N,"('IEDVJHCEMCRBQM-UHFFFAOYSA-N', 'MFDFERRIHVXMIY-UHFFFAOYSA-N')"
pseudomonic acid,trimethoprim,MINDHVHHQZYEEK-HBBNESRFSA-N,IEDVJHCEMCRBQM-UHFFFAOYSA-N,"('IEDVJHCEMCRBQM-UHFFFAOYSA-N', 'MINDHVHHQZYEEK-HBBNESRFSA-N')"
azithromycin,trimethoprim,MQTOSJVFKKJCRP-BICOPXKESA-N,IEDVJHCEMCRBQM-UHFFFAOYSA-N,"('IEDVJHCEMCRBQM-UHFFFAOYSA-N', 'MQTOSJVFKKJCRP-BICOPXKESA-N')"
trimethoprim,vanillin,IEDVJHCEMCRBQM-UHFFFAOYSA-N,MWOOGOJBHIARFG-UHFFFAOYSA-N,"('IEDVJHCEMCRBQM-UHFFFAOYSA-N', 'MWOOGOJBHIARFG-UHFFFAOYSA-N')"
ciprofloxacin,trimethoprim,MYSWGUAQZAJSOK-UHFFFAOYSA-N,IEDVJHCEMCRBQM-UHFFFAOYSA-N,"('IEDVJHCEMCRBQM-UHFFFAOYSA-N', 'MYSWGUAQZAJSOK-UHFFFAOYSA-N')"
mitomycin c,trimethoprim,NWIBSHFKIJFRCO-WUDYKRTCSA-N,IEDVJHCEMCRBQM-UHFFFAOYSA-N,"('IEDVJHCEMCRBQM-UHFFFAOYSA-N', 'NWIBSHFKIJFRCO-WUDYKRTCSA-N')"
nitrofurantoin,trimethoprim,NXFQHRVNIOXGAQ-YCRREMRBSA-N,IEDVJHCEMCRBQM-UHFFFAOYSA-N,"('IEDVJHCEMCRBQM-UHFFFAOYSA-N', 'NXFQHRVNIOXGAQ-YCRREMRBSA-N')"
ticagrelor,trimethoprim,OEKWJQXRCDYSHL-FNOIDJSQSA-N,IEDVJHCEMCRBQM-UHFFFAOYSA-N,"('IEDVJHCEMCRBQM-UHFFFAOYSA-N', 'OEKWJQXRCDYSHL-FNOIDJSQSA-N')"
lincomycin,trimethoprim,OJMMVQQUTAEWLP-KIDUDLJLSA-N,IEDVJHCEMCRBQM-UHFFFAOYSA-N,"('IEDVJHCEMCRBQM-UHFFFAOYSA-N', 'OJMMVQQUTAEWLP-KIDUDLJLSA-N')"
cefaclor,trimethoprim,QYIYFLOTGYLRGG-GPCCPHFNSA-N,IEDVJHCEMCRBQM-UHFFFAOYSA-N,"('IEDVJHCEMCRBQM-UHFFFAOYSA-N', 'QYIYFLOTGYLRGG-GPCCPHFNSA-N')"
puromycin,trimethoprim,RXWNCPJZOCPEPQ-NVWDDTSBSA-N,IEDVJHCEMCRBQM-UHFFFAOYSA-N,"('IEDVJHCEMCRBQM-UHFFFAOYSA-N', 'RXWNCPJZOCPEPQ-NVWDDTSBSA-N')"
cefsulodin,trimethoprim,SYLKGLMBLAAGSC-QLVMHMETSA-N,IEDVJHCEMCRBQM-UHFFFAOYSA-N,"('IEDVJHCEMCRBQM-UHFFFAOYSA-N', 'SYLKGLMBLAAGSC-QLVMHMETSA-N')"
diacerein,trimethoprim,TYNLGDBUJLVSMA-UHFFFAOYSA-N,IEDVJHCEMCRBQM-UHFFFAOYSA-N,"('IEDVJHCEMCRBQM-UHFFFAOYSA-N', 'TYNLGDBUJLVSMA-UHFFFAOYSA-N')"
linezolid,trimethoprim,TYZROVQLWOKYKF-ZDUSSCGKSA-N,IEDVJHCEMCRBQM-UHFFFAOYSA-N,"('IEDVJHCEMCRBQM-UHFFFAOYSA-N', 'TYZROVQLWOKYKF-ZDUSSCGKSA-N')"
streptomycin,trimethoprim,UCSJYZPVAKXKNQ-HZYVHMACSA-N,IEDVJHCEMCRBQM-UHFFFAOYSA-N,"('IEDVJHCEMCRBQM-UHFFFAOYSA-N', 'UCSJYZPVAKXKNQ-HZYVHMACSA-N')"
cccp,trimethoprim,UGTJLJZQQFGTJD-UHFFFAOYSA-N,IEDVJHCEMCRBQM-UHFFFAOYSA-N,"('IEDVJHCEMCRBQM-UHFFFAOYSA-N', 'UGTJLJZQQFGTJD-UHFFFAOYSA-N')"
erythromycin,trimethoprim,ULGZDMOVFRHVEP-RWJQBGPGSA-N,IEDVJHCEMCRBQM-UHFFFAOYSA-N,"('IEDVJHCEMCRBQM-UHFFFAOYSA-N', 'ULGZDMOVFRHVEP-RWJQBGPGSA-N')"
spectinomycin,trimethoprim,UNFWWIHTNXNPBV-WXKVUWSESA-N,IEDVJHCEMCRBQM-UHFFFAOYSA-N,"('IEDVJHCEMCRBQM-UHFFFAOYSA-N', 'UNFWWIHTNXNPBV-WXKVUWSESA-N')"
oxacillin,trimethoprim,UWYHMGVUTGAWSP-JKIFEVAISA-N,IEDVJHCEMCRBQM-UHFFFAOYSA-N,"('IEDVJHCEMCRBQM-UHFFFAOYSA-N', 'UWYHMGVUTGAWSP-JKIFEVAISA-N')"
metronidazole,trimethoprim,VAOCPAMSLUNLGC-UHFFFAOYSA-N,IEDVJHCEMCRBQM-UHFFFAOYSA-N,"('IEDVJHCEMCRBQM-UHFFFAOYSA-N', 'VAOCPAMSLUNLGC-UHFFFAOYSA-N')"
trimethoprim,curcumin,IEDVJHCEMCRBQM-UHFFFAOYSA-N,VFLDPWHFBUODDF-FCXRPNKRSA-N,"('IEDVJHCEMCRBQM-UHFFFAOYSA-N', 'VFLDPWHFBUODDF-FCXRPNKRSA-N')"
estradiol,trimethoprim,VOXZDWNPVJITMN-ZBRFXRBCSA-N,IEDVJHCEMCRBQM-UHFFFAOYSA-N,"('IEDVJHCEMCRBQM-UHFFFAOYSA-N', 'VOXZDWNPVJITMN-ZBRFXRBCSA-N')"
benzalkonium,trimethoprim,VVZBFOKBSDGVGZ-UHFFFAOYSA-N,IEDVJHCEMCRBQM-UHFFFAOYSA-N,"('IEDVJHCEMCRBQM-UHFFFAOYSA-N', 'VVZBFOKBSDGVGZ-UHFFFAOYSA-N')"
trimethoprim,clofazimine,IEDVJHCEMCRBQM-UHFFFAOYSA-N,WDQPAMHFFCXSNU-UHFFFAOYSA-N,"('IEDVJHCEMCRBQM-UHFFFAOYSA-N', 'WDQPAMHFFCXSNU-UHFFFAOYSA-N')"
chloramphenicol,trimethoprim,WIIZWVCIJKGZOK-RKDXNWHRSA-N,IEDVJHCEMCRBQM-UHFFFAOYSA-N,"('IEDVJHCEMCRBQM-UHFFFAOYSA-N', 'WIIZWVCIJKGZOK-RKDXNWHRSA-N')"
trimethoprim,egcg,IEDVJHCEMCRBQM-UHFFFAOYSA-N,WMBWREPUVVBILR-WIYYLYMNSA-N,"('IEDVJHCEMCRBQM-UHFFFAOYSA-N', 'WMBWREPUVVBILR-WIYYLYMNSA-N')"
trimethoprim,sulfamonomethoxine,IEDVJHCEMCRBQM-UHFFFAOYSA-N,WMPXPUYPYQKQCX-UHFFFAOYSA-N,"('IEDVJHCEMCRBQM-UHFFFAOYSA-N', 'WMPXPUYPYQKQCX-UHFFFAOYSA-N')"
polymyxin b,trimethoprim,WQVJHHACXVLGBL-BPJDFBQWSA-N,IEDVJHCEMCRBQM-UHFFFAOYSA-N,"('IEDVJHCEMCRBQM-UHFFFAOYSA-N', 'WQVJHHACXVLGBL-BPJDFBQWSA-N')"
trimethoprim,aztreonam,IEDVJHCEMCRBQM-UHFFFAOYSA-N,WZPBZJONDBGPKJ-VEHQQRBSSA-N,"('IEDVJHCEMCRBQM-UHFFFAOYSA-N', 'WZPBZJONDBGPKJ-VEHQQRBSSA-N')"
triclosan,trimethoprim,XEFQLINVKFYRCS-UHFFFAOYSA-N,IEDVJHCEMCRBQM-UHFFFAOYSA-N,"('IEDVJHCEMCRBQM-UHFFFAOYSA-N', 'XEFQLINVKFYRCS-UHFFFAOYSA-N')"
tedizolid,trimethoprim,XFALPSLJIHVRKE-GFCCVEGCSA-N,IEDVJHCEMCRBQM-UHFFFAOYSA-N,"('IEDVJHCEMCRBQM-UHFFFAOYSA-N', 'XFALPSLJIHVRKE-GFCCVEGCSA-N')"
trimethoprim,metformin,IEDVJHCEMCRBQM-UHFFFAOYSA-N,XZWYZXLIPXDOLR-UHFFFAOYSA-N,"('IEDVJHCEMCRBQM-UHFFFAOYSA-N', 'XZWYZXLIPXDOLR-UHFFFAOYSA-N')"
trimethoprim,berberine,IEDVJHCEMCRBQM-UHFFFAOYSA-N,YBHILYKTIRIUTE-UHFFFAOYSA-N,"('IEDVJHCEMCRBQM-UHFFFAOYSA-N', 'YBHILYKTIRIUTE-UHFFFAOYSA-N')"
tolfenamic,trimethoprim,YEZNLOUZAIOMLT-UHFFFAOYSA-N,IEDVJHCEMCRBQM-UHFFFAOYSA-N,"('IEDVJHCEMCRBQM-UHFFFAOYSA-N', 'YEZNLOUZAIOMLT-UHFFFAOYSA-N')"
novobiocin,trimethoprim,YJQPYGGHQPGBLI-KGSXXDOSSA-N,IEDVJHCEMCRBQM-UHFFFAOYSA-N,"('IEDVJHCEMCRBQM-UHFFFAOYSA-N', 'YJQPYGGHQPGBLI-KGSXXDOSSA-N')"
trimethoprim,colistin,IEDVJHCEMCRBQM-UHFFFAOYSA-N,YKQOSKADJPQZHB-RGYSVOEGSA-N,"('IEDVJHCEMCRBQM-UHFFFAOYSA-N', 'YKQOSKADJPQZHB-RGYSVOEGSA-N')"
fosfomycin,trimethoprim,YMDXZJFXQJVXBF-STHAYSLISA-N,IEDVJHCEMCRBQM-UHFFFAOYSA-N,"('IEDVJHCEMCRBQM-UHFFFAOYSA-N', 'YMDXZJFXQJVXBF-STHAYSLISA-N')"
trimethoprim,pyocyanin,IEDVJHCEMCRBQM-UHFFFAOYSA-N,YNCMLFHHXWETLD-UHFFFAOYSA-N,"('IEDVJHCEMCRBQM-UHFFFAOYSA-N', 'YNCMLFHHXWETLD-UHFFFAOYSA-N')"
cephalexin,trimethoprim,ZAIPMKNFIOOWCQ-UEKVPHQBSA-N,IEDVJHCEMCRBQM-UHFFFAOYSA-N,"('IEDVJHCEMCRBQM-UHFFFAOYSA-N', 'ZAIPMKNFIOOWCQ-UEKVPHQBSA-N')"
trimethoprim,streptozotocin,IEDVJHCEMCRBQM-UHFFFAOYSA-N,ZSJLQEPLLKMAKR-GKHCUFPYSA-N,"('IEDVJHCEMCRBQM-UHFFFAOYSA-N', 'ZSJLQEPLLKMAKR-GKHCUFPYSA-N')"
trimethoprim,imipenem,IEDVJHCEMCRBQM-UHFFFAOYSA-N,ZSKVGTPCRGIANV-ZXFLCMHBSA-N,"('IEDVJHCEMCRBQM-UHFFFAOYSA-N', 'ZSKVGTPCRGIANV-ZXFLCMHBSA-N')"
piperacillin,penicillin g,IVBHGBMCVLDMKU-GXNBUGAJSA-N,JGSARLDLIJGVTE-MBNYWOFBSA-N,"('IVBHGBMCVLDMKU-GXNBUGAJSA-N', 'JGSARLDLIJGVTE-MBNYWOFBSA-N')"
amikacin,piperacillin,LKCWBDHBTVXHDL-RMDFUYIESA-N,IVBHGBMCVLDMKU-GXNBUGAJSA-N,"('IVBHGBMCVLDMKU-GXNBUGAJSA-N', 'LKCWBDHBTVXHDL-RMDFUYIESA-N')"
amoxicillin,piperacillin,LSQZJLSUYDQPKJ-NJBDSQKTSA-N,IVBHGBMCVLDMKU-GXNBUGAJSA-N,"('IVBHGBMCVLDMKU-GXNBUGAJSA-N', 'LSQZJLSUYDQPKJ-NJBDSQKTSA-N')"
piperacillin,a22,IVBHGBMCVLDMKU-GXNBUGAJSA-N,LZTCFLDZLBOLDW-UHFFFAOYSA-N,"('IVBHGBMCVLDMKU-GXNBUGAJSA-N', 'LZTCFLDZLBOLDW-UHFFFAOYSA-N')"
procaine,piperacillin,MFDFERRIHVXMIY-UHFFFAOYSA-N,IVBHGBMCVLDMKU-GXNBUGAJSA-N,"('IVBHGBMCVLDMKU-GXNBUGAJSA-N', 'MFDFERRIHVXMIY-UHFFFAOYSA-N')"
vanillin,piperacillin,MWOOGOJBHIARFG-UHFFFAOYSA-N,IVBHGBMCVLDMKU-GXNBUGAJSA-N,"('IVBHGBMCVLDMKU-GXNBUGAJSA-N', 'MWOOGOJBHIARFG-UHFFFAOYSA-N')"
ciprofloxacin,piperacillin,MYSWGUAQZAJSOK-UHFFFAOYSA-N,IVBHGBMCVLDMKU-GXNBUGAJSA-N,"('IVBHGBMCVLDMKU-GXNBUGAJSA-N', 'MYSWGUAQZAJSOK-UHFFFAOYSA-N')"
piperacillin,tobramycin,IVBHGBMCVLDMKU-GXNBUGAJSA-N,NLVFBUXFDBBNBW-PBSUHMDJSA-N,"('IVBHGBMCVLDMKU-GXNBUGAJSA-N', 'NLVFBUXFDBBNBW-PBSUHMDJSA-N')"
piperacillin,mitomycin c,IVBHGBMCVLDMKU-GXNBUGAJSA-N,NWIBSHFKIJFRCO-WUDYKRTCSA-N,"('IVBHGBMCVLDMKU-GXNBUGAJSA-N', 'NWIBSHFKIJFRCO-WUDYKRTCSA-N')"
piperacillin,nitrofurantoin,IVBHGBMCVLDMKU-GXNBUGAJSA-N,NXFQHRVNIOXGAQ-YCRREMRBSA-N,"('IVBHGBMCVLDMKU-GXNBUGAJSA-N', 'NXFQHRVNIOXGAQ-YCRREMRBSA-N')"
cefaclor,piperacillin,QYIYFLOTGYLRGG-GPCCPHFNSA-N,IVBHGBMCVLDMKU-GXNBUGAJSA-N,"('IVBHGBMCVLDMKU-GXNBUGAJSA-N', 'QYIYFLOTGYLRGG-GPCCPHFNSA-N')"
cefsulodin,piperacillin,SYLKGLMBLAAGSC-QLVMHMETSA-N,IVBHGBMCVLDMKU-GXNBUGAJSA-N,"('IVBHGBMCVLDMKU-GXNBUGAJSA-N', 'SYLKGLMBLAAGSC-QLVMHMETSA-N')"
erythromycin,piperacillin,ULGZDMOVFRHVEP-RWJQBGPGSA-N,IVBHGBMCVLDMKU-GXNBUGAJSA-N,"('IVBHGBMCVLDMKU-GXNBUGAJSA-N', 'ULGZDMOVFRHVEP-RWJQBGPGSA-N')"
oxacillin,piperacillin,UWYHMGVUTGAWSP-JKIFEVAISA-N,IVBHGBMCVLDMKU-GXNBUGAJSA-N,"('IVBHGBMCVLDMKU-GXNBUGAJSA-N', 'UWYHMGVUTGAWSP-JKIFEVAISA-N')"
piperacillin,clofazimine,IVBHGBMCVLDMKU-GXNBUGAJSA-N,WDQPAMHFFCXSNU-UHFFFAOYSA-N,"('IVBHGBMCVLDMKU-GXNBUGAJSA-N', 'WDQPAMHFFCXSNU-UHFFFAOYSA-N')"
chloramphenicol,piperacillin,WIIZWVCIJKGZOK-RKDXNWHRSA-N,IVBHGBMCVLDMKU-GXNBUGAJSA-N,"('IVBHGBMCVLDMKU-GXNBUGAJSA-N', 'WIIZWVCIJKGZOK-RKDXNWHRSA-N')"
piperacillin,aztreonam,IVBHGBMCVLDMKU-GXNBUGAJSA-N,WZPBZJONDBGPKJ-VEHQQRBSSA-N,"('IVBHGBMCVLDMKU-GXNBUGAJSA-N', 'WZPBZJONDBGPKJ-VEHQQRBSSA-N')"
piperacillin,metformin,IVBHGBMCVLDMKU-GXNBUGAJSA-N,XZWYZXLIPXDOLR-UHFFFAOYSA-N,"('IVBHGBMCVLDMKU-GXNBUGAJSA-N', 'XZWYZXLIPXDOLR-UHFFFAOYSA-N')"
fosfomycin,piperacillin,YMDXZJFXQJVXBF-STHAYSLISA-N,IVBHGBMCVLDMKU-GXNBUGAJSA-N,"('IVBHGBMCVLDMKU-GXNBUGAJSA-N', 'YMDXZJFXQJVXBF-STHAYSLISA-N')"
piperacillin,pyocyanin,IVBHGBMCVLDMKU-GXNBUGAJSA-N,YNCMLFHHXWETLD-UHFFFAOYSA-N,"('IVBHGBMCVLDMKU-GXNBUGAJSA-N', 'YNCMLFHHXWETLD-UHFFFAOYSA-N')"
piperacillin,cephalexin,IVBHGBMCVLDMKU-GXNBUGAJSA-N,ZAIPMKNFIOOWCQ-UEKVPHQBSA-N,"('IVBHGBMCVLDMKU-GXNBUGAJSA-N', 'ZAIPMKNFIOOWCQ-UEKVPHQBSA-N')"
piperacillin,imipenem,IVBHGBMCVLDMKU-GXNBUGAJSA-N,ZSKVGTPCRGIANV-ZXFLCMHBSA-N,"('IVBHGBMCVLDMKU-GXNBUGAJSA-N', 'ZSKVGTPCRGIANV-ZXFLCMHBSA-N')"
cefuroxime,sulfamethoxazol,JFPVXVDWJQMJEE-IZRZKJBUSA-N,JLKIGFTWXXRPMT-UHFFFAOYSA-N,"('JFPVXVDWJQMJEE-IZRZKJBUSA-N', 'JLKIGFTWXXRPMT-UHFFFAOYSA-N')"
cefuroxime,telithromycin,JFPVXVDWJQMJEE-IZRZKJBUSA-N,LJVAJPDWBABPEJ-PNUFFHFMSA-N,"('JFPVXVDWJQMJEE-IZRZKJBUSA-N', 'LJVAJPDWBABPEJ-PNUFFHFMSA-N')"
amoxicillin,cefuroxime,LSQZJLSUYDQPKJ-NJBDSQKTSA-N,JFPVXVDWJQMJEE-IZRZKJBUSA-N,"('JFPVXVDWJQMJEE-IZRZKJBUSA-N', 'LSQZJLSUYDQPKJ-NJBDSQKTSA-N')"
cefuroxime,ciprofloxacin,JFPVXVDWJQMJEE-IZRZKJBUSA-N,MYSWGUAQZAJSOK-UHFFFAOYSA-N,"('JFPVXVDWJQMJEE-IZRZKJBUSA-N', 'MYSWGUAQZAJSOK-UHFFFAOYSA-N')"
cefuroxime,mitomycin c,JFPVXVDWJQMJEE-IZRZKJBUSA-N,NWIBSHFKIJFRCO-WUDYKRTCSA-N,"('JFPVXVDWJQMJEE-IZRZKJBUSA-N', 'NWIBSHFKIJFRCO-WUDYKRTCSA-N')"
cefuroxime,ticagrelor,JFPVXVDWJQMJEE-IZRZKJBUSA-N,OEKWJQXRCDYSHL-FNOIDJSQSA-N,"('JFPVXVDWJQMJEE-IZRZKJBUSA-N', 'OEKWJQXRCDYSHL-FNOIDJSQSA-N')"
cefuroxime,lincomycin,JFPVXVDWJQMJEE-IZRZKJBUSA-N,OJMMVQQUTAEWLP-KIDUDLJLSA-N,"('JFPVXVDWJQMJEE-IZRZKJBUSA-N', 'OJMMVQQUTAEWLP-KIDUDLJLSA-N')"
cefuroxime,puromycin,JFPVXVDWJQMJEE-IZRZKJBUSA-N,RXWNCPJZOCPEPQ-NVWDDTSBSA-N,"('JFPVXVDWJQMJEE-IZRZKJBUSA-N', 'RXWNCPJZOCPEPQ-NVWDDTSBSA-N')"
cefuroxime,linezolid,JFPVXVDWJQMJEE-IZRZKJBUSA-N,TYZROVQLWOKYKF-ZDUSSCGKSA-N,"('JFPVXVDWJQMJEE-IZRZKJBUSA-N', 'TYZROVQLWOKYKF-ZDUSSCGKSA-N')"
cccp,cefuroxime,UGTJLJZQQFGTJD-UHFFFAOYSA-N,JFPVXVDWJQMJEE-IZRZKJBUSA-N,"('JFPVXVDWJQMJEE-IZRZKJBUSA-N', 'UGTJLJZQQFGTJD-UHFFFAOYSA-N')"
benzalkonium,cefuroxime,VVZBFOKBSDGVGZ-UHFFFAOYSA-N,JFPVXVDWJQMJEE-IZRZKJBUSA-N,"('JFPVXVDWJQMJEE-IZRZKJBUSA-N', 'VVZBFOKBSDGVGZ-UHFFFAOYSA-N')"
cefuroxime,chloramphenicol,JFPVXVDWJQMJEE-IZRZKJBUSA-N,WIIZWVCIJKGZOK-RKDXNWHRSA-N,"('JFPVXVDWJQMJEE-IZRZKJBUSA-N', 'WIIZWVCIJKGZOK-RKDXNWHRSA-N')"
cefuroxime,egcg,JFPVXVDWJQMJEE-IZRZKJBUSA-N,WMBWREPUVVBILR-WIYYLYMNSA-N,"('JFPVXVDWJQMJEE-IZRZKJBUSA-N', 'WMBWREPUVVBILR-WIYYLYMNSA-N')"
cefuroxime,tedizolid,JFPVXVDWJQMJEE-IZRZKJBUSA-N,XFALPSLJIHVRKE-GFCCVEGCSA-N,"('JFPVXVDWJQMJEE-IZRZKJBUSA-N', 'XFALPSLJIHVRKE-GFCCVEGCSA-N')"
penicillin g,sulfamethoxazol,JGSARLDLIJGVTE-MBNYWOFBSA-N,JLKIGFTWXXRPMT-UHFFFAOYSA-N,"('JGSARLDLIJGVTE-MBNYWOFBSA-N', 'JLKIGFTWXXRPMT-UHFFFAOYSA-N')"
amoxicillin,penicillin g,LSQZJLSUYDQPKJ-NJBDSQKTSA-N,JGSARLDLIJGVTE-MBNYWOFBSA-N,"('JGSARLDLIJGVTE-MBNYWOFBSA-N', 'LSQZJLSUYDQPKJ-NJBDSQKTSA-N')"
a22,penicillin g,LZTCFLDZLBOLDW-UHFFFAOYSA-N,JGSARLDLIJGVTE-MBNYWOFBSA-N,"('JGSARLDLIJGVTE-MBNYWOFBSA-N', 'LZTCFLDZLBOLDW-UHFFFAOYSA-N')"
azithromycin,penicillin g,MQTOSJVFKKJCRP-BICOPXKESA-N,JGSARLDLIJGVTE-MBNYWOFBSA-N,"('JGSARLDLIJGVTE-MBNYWOFBSA-N', 'MQTOSJVFKKJCRP-BICOPXKESA-N')"
ciprofloxacin,penicillin g,MYSWGUAQZAJSOK-UHFFFAOYSA-N,JGSARLDLIJGVTE-MBNYWOFBSA-N,"('JGSARLDLIJGVTE-MBNYWOFBSA-N', 'MYSWGUAQZAJSOK-UHFFFAOYSA-N')"
penicillin g,mitomycin c,JGSARLDLIJGVTE-MBNYWOFBSA-N,NWIBSHFKIJFRCO-WUDYKRTCSA-N,"('JGSARLDLIJGVTE-MBNYWOFBSA-N', 'NWIBSHFKIJFRCO-WUDYKRTCSA-N')"
nitrofurantoin,penicillin g,NXFQHRVNIOXGAQ-YCRREMRBSA-N,JGSARLDLIJGVTE-MBNYWOFBSA-N,"('JGSARLDLIJGVTE-MBNYWOFBSA-N', 'NXFQHRVNIOXGAQ-YCRREMRBSA-N')"
lincomycin,penicillin g,OJMMVQQUTAEWLP-KIDUDLJLSA-N,JGSARLDLIJGVTE-MBNYWOFBSA-N,"('JGSARLDLIJGVTE-MBNYWOFBSA-N', 'OJMMVQQUTAEWLP-KIDUDLJLSA-N')"
cefaclor,penicillin g,QYIYFLOTGYLRGG-GPCCPHFNSA-N,JGSARLDLIJGVTE-MBNYWOFBSA-N,"('JGSARLDLIJGVTE-MBNYWOFBSA-N', 'QYIYFLOTGYLRGG-GPCCPHFNSA-N')"
penicillin g,puromycin,JGSARLDLIJGVTE-MBNYWOFBSA-N,RXWNCPJZOCPEPQ-NVWDDTSBSA-N,"('JGSARLDLIJGVTE-MBNYWOFBSA-N', 'RXWNCPJZOCPEPQ-NVWDDTSBSA-N')"
cefsulodin,penicillin g,SYLKGLMBLAAGSC-QLVMHMETSA-N,JGSARLDLIJGVTE-MBNYWOFBSA-N,"('JGSARLDLIJGVTE-MBNYWOFBSA-N', 'SYLKGLMBLAAGSC-QLVMHMETSA-N')"
erythromycin,penicillin g,ULGZDMOVFRHVEP-RWJQBGPGSA-N,JGSARLDLIJGVTE-MBNYWOFBSA-N,"('JGSARLDLIJGVTE-MBNYWOFBSA-N', 'ULGZDMOVFRHVEP-RWJQBGPGSA-N')"
oxacillin,penicillin g,UWYHMGVUTGAWSP-JKIFEVAISA-N,JGSARLDLIJGVTE-MBNYWOFBSA-N,"('JGSARLDLIJGVTE-MBNYWOFBSA-N', 'UWYHMGVUTGAWSP-JKIFEVAISA-N')"
metronidazole,penicillin g,VAOCPAMSLUNLGC-UHFFFAOYSA-N,JGSARLDLIJGVTE-MBNYWOFBSA-N,"('JGSARLDLIJGVTE-MBNYWOFBSA-N', 'VAOCPAMSLUNLGC-UHFFFAOYSA-N')"
estradiol,penicillin g,VOXZDWNPVJITMN-ZBRFXRBCSA-N,JGSARLDLIJGVTE-MBNYWOFBSA-N,"('JGSARLDLIJGVTE-MBNYWOFBSA-N', 'VOXZDWNPVJITMN-ZBRFXRBCSA-N')"
benzalkonium,penicillin g,VVZBFOKBSDGVGZ-UHFFFAOYSA-N,JGSARLDLIJGVTE-MBNYWOFBSA-N,"('JGSARLDLIJGVTE-MBNYWOFBSA-N', 'VVZBFOKBSDGVGZ-UHFFFAOYSA-N')"
chloramphenicol,penicillin g,WIIZWVCIJKGZOK-RKDXNWHRSA-N,JGSARLDLIJGVTE-MBNYWOFBSA-N,"('JGSARLDLIJGVTE-MBNYWOFBSA-N', 'WIIZWVCIJKGZOK-RKDXNWHRSA-N')"
egcg,penicillin g,WMBWREPUVVBILR-WIYYLYMNSA-N,JGSARLDLIJGVTE-MBNYWOFBSA-N,"('JGSARLDLIJGVTE-MBNYWOFBSA-N', 'WMBWREPUVVBILR-WIYYLYMNSA-N')"
aztreonam,penicillin g,WZPBZJONDBGPKJ-VEHQQRBSSA-N,JGSARLDLIJGVTE-MBNYWOFBSA-N,"('JGSARLDLIJGVTE-MBNYWOFBSA-N', 'WZPBZJONDBGPKJ-VEHQQRBSSA-N')"
fosfomycin,penicillin g,YMDXZJFXQJVXBF-STHAYSLISA-N,JGSARLDLIJGVTE-MBNYWOFBSA-N,"('JGSARLDLIJGVTE-MBNYWOFBSA-N', 'YMDXZJFXQJVXBF-STHAYSLISA-N')"
penicillin g,pyocyanin,JGSARLDLIJGVTE-MBNYWOFBSA-N,YNCMLFHHXWETLD-UHFFFAOYSA-N,"('JGSARLDLIJGVTE-MBNYWOFBSA-N', 'YNCMLFHHXWETLD-UHFFFAOYSA-N')"
cephalexin,penicillin g,ZAIPMKNFIOOWCQ-UEKVPHQBSA-N,JGSARLDLIJGVTE-MBNYWOFBSA-N,"('JGSARLDLIJGVTE-MBNYWOFBSA-N', 'ZAIPMKNFIOOWCQ-UEKVPHQBSA-N')"
azithromycin,sulfamethoxazol,MQTOSJVFKKJCRP-BICOPXKESA-N,JLKIGFTWXXRPMT-UHFFFAOYSA-N,"('JLKIGFTWXXRPMT-UHFFFAOYSA-N', 'MQTOSJVFKKJCRP-BICOPXKESA-N')"
sulfamethoxazol,ticagrelor,JLKIGFTWXXRPMT-UHFFFAOYSA-N,OEKWJQXRCDYSHL-FNOIDJSQSA-N,"('JLKIGFTWXXRPMT-UHFFFAOYSA-N', 'OEKWJQXRCDYSHL-FNOIDJSQSA-N')"
lincomycin,sulfamethoxazol,OJMMVQQUTAEWLP-KIDUDLJLSA-N,JLKIGFTWXXRPMT-UHFFFAOYSA-N,"('JLKIGFTWXXRPMT-UHFFFAOYSA-N', 'OJMMVQQUTAEWLP-KIDUDLJLSA-N')"
spectinomycin,sulfamethoxazol,UNFWWIHTNXNPBV-WXKVUWSESA-N,JLKIGFTWXXRPMT-UHFFFAOYSA-N,"('JLKIGFTWXXRPMT-UHFFFAOYSA-N', 'UNFWWIHTNXNPBV-WXKVUWSESA-N')"
metronidazole,sulfamethoxazol,VAOCPAMSLUNLGC-UHFFFAOYSA-N,JLKIGFTWXXRPMT-UHFFFAOYSA-N,"('JLKIGFTWXXRPMT-UHFFFAOYSA-N', 'VAOCPAMSLUNLGC-UHFFFAOYSA-N')"
benzalkonium,sulfamethoxazol,VVZBFOKBSDGVGZ-UHFFFAOYSA-N,JLKIGFTWXXRPMT-UHFFFAOYSA-N,"('JLKIGFTWXXRPMT-UHFFFAOYSA-N', 'VVZBFOKBSDGVGZ-UHFFFAOYSA-N')"
sulfamethoxazol,tedizolid,JLKIGFTWXXRPMT-UHFFFAOYSA-N,XFALPSLJIHVRKE-GFCCVEGCSA-N,"('JLKIGFTWXXRPMT-UHFFFAOYSA-N', 'XFALPSLJIHVRKE-GFCCVEGCSA-N')"
fosfomycin,sulfamethoxazol,YMDXZJFXQJVXBF-STHAYSLISA-N,JLKIGFTWXXRPMT-UHFFFAOYSA-N,"('JLKIGFTWXXRPMT-UHFFFAOYSA-N', 'YMDXZJFXQJVXBF-STHAYSLISA-N')"
clindamycin,rifampicin,KDLRVYVGXIQJDK-AWPVFWJPSA-N,JQXXHWHPUNPDRT-WLSIYKJHSA-N,"('JQXXHWHPUNPDRT-WLSIYKJHSA-N', 'KDLRVYVGXIQJDK-AWPVFWJPSA-N')"
rifampicin,telithromycin,JQXXHWHPUNPDRT-WLSIYKJHSA-N,LJVAJPDWBABPEJ-PNUFFHFMSA-N,"('JQXXHWHPUNPDRT-WLSIYKJHSA-N', 'LJVAJPDWBABPEJ-PNUFFHFMSA-N')"
amikacin,rifampicin,LKCWBDHBTVXHDL-RMDFUYIESA-N,JQXXHWHPUNPDRT-WLSIYKJHSA-N,"('JQXXHWHPUNPDRT-WLSIYKJHSA-N', 'LKCWBDHBTVXHDL-RMDFUYIESA-N')"
amoxicillin,rifampicin,LSQZJLSUYDQPKJ-NJBDSQKTSA-N,JQXXHWHPUNPDRT-WLSIYKJHSA-N,"('JQXXHWHPUNPDRT-WLSIYKJHSA-N', 'LSQZJLSUYDQPKJ-NJBDSQKTSA-N')"
a22,rifampicin,LZTCFLDZLBOLDW-UHFFFAOYSA-N,JQXXHWHPUNPDRT-WLSIYKJHSA-N,"('JQXXHWHPUNPDRT-WLSIYKJHSA-N', 'LZTCFLDZLBOLDW-UHFFFAOYSA-N')"
procaine,rifampicin,MFDFERRIHVXMIY-UHFFFAOYSA-N,JQXXHWHPUNPDRT-WLSIYKJHSA-N,"('JQXXHWHPUNPDRT-WLSIYKJHSA-N', 'MFDFERRIHVXMIY-UHFFFAOYSA-N')"
rifampicin,azithromycin,JQXXHWHPUNPDRT-WLSIYKJHSA-N,MQTOSJVFKKJCRP-BICOPXKESA-N,"('JQXXHWHPUNPDRT-WLSIYKJHSA-N', 'MQTOSJVFKKJCRP-BICOPXKESA-N')"
vanillin,rifampicin,MWOOGOJBHIARFG-UHFFFAOYSA-N,JQXXHWHPUNPDRT-WLSIYKJHSA-N,"('JQXXHWHPUNPDRT-WLSIYKJHSA-N', 'MWOOGOJBHIARFG-UHFFFAOYSA-N')"
ciprofloxacin,rifampicin,MYSWGUAQZAJSOK-UHFFFAOYSA-N,JQXXHWHPUNPDRT-WLSIYKJHSA-N,"('JQXXHWHPUNPDRT-WLSIYKJHSA-N', 'MYSWGUAQZAJSOK-UHFFFAOYSA-N')"
tobramycin,rifampicin,NLVFBUXFDBBNBW-PBSUHMDJSA-N,JQXXHWHPUNPDRT-WLSIYKJHSA-N,"('JQXXHWHPUNPDRT-WLSIYKJHSA-N', 'NLVFBUXFDBBNBW-PBSUHMDJSA-N')"
mitomycin c,rifampicin,NWIBSHFKIJFRCO-WUDYKRTCSA-N,JQXXHWHPUNPDRT-WLSIYKJHSA-N,"('JQXXHWHPUNPDRT-WLSIYKJHSA-N', 'NWIBSHFKIJFRCO-WUDYKRTCSA-N')"
nitrofurantoin,rifampicin,NXFQHRVNIOXGAQ-YCRREMRBSA-N,JQXXHWHPUNPDRT-WLSIYKJHSA-N,"('JQXXHWHPUNPDRT-WLSIYKJHSA-N', 'NXFQHRVNIOXGAQ-YCRREMRBSA-N')"
rifampicin,ticagrelor,JQXXHWHPUNPDRT-WLSIYKJHSA-N,OEKWJQXRCDYSHL-FNOIDJSQSA-N,"('JQXXHWHPUNPDRT-WLSIYKJHSA-N', 'OEKWJQXRCDYSHL-FNOIDJSQSA-N')"
rifampicin,bleomycin,JQXXHWHPUNPDRT-WLSIYKJHSA-N,OYVAGSVQBOHSSS-WXFSZRTFSA-O,"('JQXXHWHPUNPDRT-WLSIYKJHSA-N', 'OYVAGSVQBOHSSS-WXFSZRTFSA-O')"
rifampicin,puromycin,JQXXHWHPUNPDRT-WLSIYKJHSA-N,RXWNCPJZOCPEPQ-NVWDDTSBSA-N,"('JQXXHWHPUNPDRT-WLSIYKJHSA-N', 'RXWNCPJZOCPEPQ-NVWDDTSBSA-N')"
rifampicin,caffeine,JQXXHWHPUNPDRT-WLSIYKJHSA-N,RYYVLZVUVIJVGH-UHFFFAOYSA-N,"('JQXXHWHPUNPDRT-WLSIYKJHSA-N', 'RYYVLZVUVIJVGH-UHFFFAOYSA-N')"
cefsulodin,rifampicin,SYLKGLMBLAAGSC-QLVMHMETSA-N,JQXXHWHPUNPDRT-WLSIYKJHSA-N,"('JQXXHWHPUNPDRT-WLSIYKJHSA-N', 'SYLKGLMBLAAGSC-QLVMHMETSA-N')"
rifampicin,streptomycin,JQXXHWHPUNPDRT-WLSIYKJHSA-N,UCSJYZPVAKXKNQ-HZYVHMACSA-N,"('JQXXHWHPUNPDRT-WLSIYKJHSA-N', 'UCSJYZPVAKXKNQ-HZYVHMACSA-N')"
cccp,rifampicin,UGTJLJZQQFGTJD-UHFFFAOYSA-N,JQXXHWHPUNPDRT-WLSIYKJHSA-N,"('JQXXHWHPUNPDRT-WLSIYKJHSA-N', 'UGTJLJZQQFGTJD-UHFFFAOYSA-N')"
erythromycin,rifampicin,ULGZDMOVFRHVEP-RWJQBGPGSA-N,JQXXHWHPUNPDRT-WLSIYKJHSA-N,"('JQXXHWHPUNPDRT-WLSIYKJHSA-N', 'ULGZDMOVFRHVEP-RWJQBGPGSA-N')"
rifampicin,spectinomycin,JQXXHWHPUNPDRT-WLSIYKJHSA-N,UNFWWIHTNXNPBV-WXKVUWSESA-N,"('JQXXHWHPUNPDRT-WLSIYKJHSA-N', 'UNFWWIHTNXNPBV-WXKVUWSESA-N')"
rifampicin,curcumin,JQXXHWHPUNPDRT-WLSIYKJHSA-N,VFLDPWHFBUODDF-FCXRPNKRSA-N,"('JQXXHWHPUNPDRT-WLSIYKJHSA-N', 'VFLDPWHFBUODDF-FCXRPNKRSA-N')"
oritavancin,rifampicin,VHFGEBVPHAGQPI-LXKZPTCJSA-N,JQXXHWHPUNPDRT-WLSIYKJHSA-N,"('JQXXHWHPUNPDRT-WLSIYKJHSA-N', 'VHFGEBVPHAGQPI-LXKZPTCJSA-N')"
chloramphenicol,rifampicin,WIIZWVCIJKGZOK-RKDXNWHRSA-N,JQXXHWHPUNPDRT-WLSIYKJHSA-N,"('JQXXHWHPUNPDRT-WLSIYKJHSA-N', 'WIIZWVCIJKGZOK-RKDXNWHRSA-N')"
egcg,rifampicin,WMBWREPUVVBILR-WIYYLYMNSA-N,JQXXHWHPUNPDRT-WLSIYKJHSA-N,"('JQXXHWHPUNPDRT-WLSIYKJHSA-N', 'WMBWREPUVVBILR-WIYYLYMNSA-N')"
sulfamonomethoxine,rifampicin,WMPXPUYPYQKQCX-UHFFFAOYSA-N,JQXXHWHPUNPDRT-WLSIYKJHSA-N,"('JQXXHWHPUNPDRT-WLSIYKJHSA-N', 'WMPXPUYPYQKQCX-UHFFFAOYSA-N')"
polymyxin b,rifampicin,WQVJHHACXVLGBL-BPJDFBQWSA-N,JQXXHWHPUNPDRT-WLSIYKJHSA-N,"('JQXXHWHPUNPDRT-WLSIYKJHSA-N', 'WQVJHHACXVLGBL-BPJDFBQWSA-N')"
minocycline,rifampicin,WTJXVDPDEQKTCV-VQAITOIOSA-N,JQXXHWHPUNPDRT-WLSIYKJHSA-N,"('JQXXHWHPUNPDRT-WLSIYKJHSA-N', 'WTJXVDPDEQKTCV-VQAITOIOSA-N')"
rifampicin,aztreonam,JQXXHWHPUNPDRT-WLSIYKJHSA-N,WZPBZJONDBGPKJ-VEHQQRBSSA-N,"('JQXXHWHPUNPDRT-WLSIYKJHSA-N', 'WZPBZJONDBGPKJ-VEHQQRBSSA-N')"
rifampicin,metformin,JQXXHWHPUNPDRT-WLSIYKJHSA-N,XZWYZXLIPXDOLR-UHFFFAOYSA-N,"('JQXXHWHPUNPDRT-WLSIYKJHSA-N', 'XZWYZXLIPXDOLR-UHFFFAOYSA-N')"
novobiocin,rifampicin,YJQPYGGHQPGBLI-KGSXXDOSSA-N,JQXXHWHPUNPDRT-WLSIYKJHSA-N,"('JQXXHWHPUNPDRT-WLSIYKJHSA-N', 'YJQPYGGHQPGBLI-KGSXXDOSSA-N')"
rifampicin,colistin,JQXXHWHPUNPDRT-WLSIYKJHSA-N,YKQOSKADJPQZHB-RGYSVOEGSA-N,"('JQXXHWHPUNPDRT-WLSIYKJHSA-N', 'YKQOSKADJPQZHB-RGYSVOEGSA-N')"
fosfomycin,rifampicin,YMDXZJFXQJVXBF-STHAYSLISA-N,JQXXHWHPUNPDRT-WLSIYKJHSA-N,"('JQXXHWHPUNPDRT-WLSIYKJHSA-N', 'YMDXZJFXQJVXBF-STHAYSLISA-N')"
rifampicin,streptozotocin,JQXXHWHPUNPDRT-WLSIYKJHSA-N,ZSJLQEPLLKMAKR-GKHCUFPYSA-N,"('JQXXHWHPUNPDRT-WLSIYKJHSA-N', 'ZSJLQEPLLKMAKR-GKHCUFPYSA-N')"
rifampicin,imipenem,JQXXHWHPUNPDRT-WLSIYKJHSA-N,ZSKVGTPCRGIANV-ZXFLCMHBSA-N,"('JQXXHWHPUNPDRT-WLSIYKJHSA-N', 'ZSKVGTPCRGIANV-ZXFLCMHBSA-N')"
clindamycin,telithromycin,KDLRVYVGXIQJDK-AWPVFWJPSA-N,LJVAJPDWBABPEJ-PNUFFHFMSA-N,"('KDLRVYVGXIQJDK-AWPVFWJPSA-N', 'LJVAJPDWBABPEJ-PNUFFHFMSA-N')"
amikacin,clindamycin,LKCWBDHBTVXHDL-RMDFUYIESA-N,KDLRVYVGXIQJDK-AWPVFWJPSA-N,"('KDLRVYVGXIQJDK-AWPVFWJPSA-N', 'LKCWBDHBTVXHDL-RMDFUYIESA-N')"
amoxicillin,clindamycin,LSQZJLSUYDQPKJ-NJBDSQKTSA-N,KDLRVYVGXIQJDK-AWPVFWJPSA-N,"('KDLRVYVGXIQJDK-AWPVFWJPSA-N', 'LSQZJLSUYDQPKJ-NJBDSQKTSA-N')"
clindamycin,thymol,KDLRVYVGXIQJDK-AWPVFWJPSA-N,MGSRCZKZVOBKFT-UHFFFAOYSA-N,"('KDLRVYVGXIQJDK-AWPVFWJPSA-N', 'MGSRCZKZVOBKFT-UHFFFAOYSA-N')"
clindamycin,pseudomonic acid,KDLRVYVGXIQJDK-AWPVFWJPSA-N,MINDHVHHQZYEEK-HBBNESRFSA-N,"('KDLRVYVGXIQJDK-AWPVFWJPSA-N', 'MINDHVHHQZYEEK-HBBNESRFSA-N')"
ciprofloxacin,clindamycin,MYSWGUAQZAJSOK-UHFFFAOYSA-N,KDLRVYVGXIQJDK-AWPVFWJPSA-N,"('KDLRVYVGXIQJDK-AWPVFWJPSA-N', 'MYSWGUAQZAJSOK-UHFFFAOYSA-N')"
clindamycin,tobramycin,KDLRVYVGXIQJDK-AWPVFWJPSA-N,NLVFBUXFDBBNBW-PBSUHMDJSA-N,"('KDLRVYVGXIQJDK-AWPVFWJPSA-N', 'NLVFBUXFDBBNBW-PBSUHMDJSA-N')"
clindamycin,mitomycin c,KDLRVYVGXIQJDK-AWPVFWJPSA-N,NWIBSHFKIJFRCO-WUDYKRTCSA-N,"('KDLRVYVGXIQJDK-AWPVFWJPSA-N', 'NWIBSHFKIJFRCO-WUDYKRTCSA-N')"
clindamycin,nitrofurantoin,KDLRVYVGXIQJDK-AWPVFWJPSA-N,NXFQHRVNIOXGAQ-YCRREMRBSA-N,"('KDLRVYVGXIQJDK-AWPVFWJPSA-N', 'NXFQHRVNIOXGAQ-YCRREMRBSA-N')"
clindamycin,lincomycin,KDLRVYVGXIQJDK-AWPVFWJPSA-N,OJMMVQQUTAEWLP-KIDUDLJLSA-N,"('KDLRVYVGXIQJDK-AWPVFWJPSA-N', 'OJMMVQQUTAEWLP-KIDUDLJLSA-N')"
clindamycin,bleomycin,KDLRVYVGXIQJDK-AWPVFWJPSA-N,OYVAGSVQBOHSSS-WXFSZRTFSA-O,"('KDLRVYVGXIQJDK-AWPVFWJPSA-N', 'OYVAGSVQBOHSSS-WXFSZRTFSA-O')"
caffeine,clindamycin,RYYVLZVUVIJVGH-UHFFFAOYSA-N,KDLRVYVGXIQJDK-AWPVFWJPSA-N,"('KDLRVYVGXIQJDK-AWPVFWJPSA-N', 'RYYVLZVUVIJVGH-UHFFFAOYSA-N')"
clindamycin,linezolid,KDLRVYVGXIQJDK-AWPVFWJPSA-N,TYZROVQLWOKYKF-ZDUSSCGKSA-N,"('KDLRVYVGXIQJDK-AWPVFWJPSA-N', 'TYZROVQLWOKYKF-ZDUSSCGKSA-N')"
cccp,clindamycin,UGTJLJZQQFGTJD-UHFFFAOYSA-N,KDLRVYVGXIQJDK-AWPVFWJPSA-N,"('KDLRVYVGXIQJDK-AWPVFWJPSA-N', 'UGTJLJZQQFGTJD-UHFFFAOYSA-N')"
clindamycin,erythromycin,KDLRVYVGXIQJDK-AWPVFWJPSA-N,ULGZDMOVFRHVEP-RWJQBGPGSA-N,"('KDLRVYVGXIQJDK-AWPVFWJPSA-N', 'ULGZDMOVFRHVEP-RWJQBGPGSA-N')"
spectinomycin,clindamycin,UNFWWIHTNXNPBV-WXKVUWSESA-N,KDLRVYVGXIQJDK-AWPVFWJPSA-N,"('KDLRVYVGXIQJDK-AWPVFWJPSA-N', 'UNFWWIHTNXNPBV-WXKVUWSESA-N')"
clindamycin,oxacillin,KDLRVYVGXIQJDK-AWPVFWJPSA-N,UWYHMGVUTGAWSP-JKIFEVAISA-N,"('KDLRVYVGXIQJDK-AWPVFWJPSA-N', 'UWYHMGVUTGAWSP-JKIFEVAISA-N')"
clindamycin,metronidazole,KDLRVYVGXIQJDK-AWPVFWJPSA-N,VAOCPAMSLUNLGC-UHFFFAOYSA-N,"('KDLRVYVGXIQJDK-AWPVFWJPSA-N', 'VAOCPAMSLUNLGC-UHFFFAOYSA-N')"
benzalkonium,clindamycin,VVZBFOKBSDGVGZ-UHFFFAOYSA-N,KDLRVYVGXIQJDK-AWPVFWJPSA-N,"('KDLRVYVGXIQJDK-AWPVFWJPSA-N', 'VVZBFOKBSDGVGZ-UHFFFAOYSA-N')"
chloramphenicol,clindamycin,WIIZWVCIJKGZOK-RKDXNWHRSA-N,KDLRVYVGXIQJDK-AWPVFWJPSA-N,"('KDLRVYVGXIQJDK-AWPVFWJPSA-N', 'WIIZWVCIJKGZOK-RKDXNWHRSA-N')"
clindamycin,egcg,KDLRVYVGXIQJDK-AWPVFWJPSA-N,WMBWREPUVVBILR-WIYYLYMNSA-N,"('KDLRVYVGXIQJDK-AWPVFWJPSA-N', 'WMBWREPUVVBILR-WIYYLYMNSA-N')"
polymyxin b,clindamycin,WQVJHHACXVLGBL-BPJDFBQWSA-N,KDLRVYVGXIQJDK-AWPVFWJPSA-N,"('KDLRVYVGXIQJDK-AWPVFWJPSA-N', 'WQVJHHACXVLGBL-BPJDFBQWSA-N')"
clindamycin,aztreonam,KDLRVYVGXIQJDK-AWPVFWJPSA-N,WZPBZJONDBGPKJ-VEHQQRBSSA-N,"('KDLRVYVGXIQJDK-AWPVFWJPSA-N', 'WZPBZJONDBGPKJ-VEHQQRBSSA-N')"
clindamycin,tedizolid,KDLRVYVGXIQJDK-AWPVFWJPSA-N,XFALPSLJIHVRKE-GFCCVEGCSA-N,"('KDLRVYVGXIQJDK-AWPVFWJPSA-N', 'XFALPSLJIHVRKE-GFCCVEGCSA-N')"
clindamycin,tolfenamic,KDLRVYVGXIQJDK-AWPVFWJPSA-N,YEZNLOUZAIOMLT-UHFFFAOYSA-N,"('KDLRVYVGXIQJDK-AWPVFWJPSA-N', 'YEZNLOUZAIOMLT-UHFFFAOYSA-N')"
clindamycin,novobiocin,KDLRVYVGXIQJDK-AWPVFWJPSA-N,YJQPYGGHQPGBLI-KGSXXDOSSA-N,"('KDLRVYVGXIQJDK-AWPVFWJPSA-N', 'YJQPYGGHQPGBLI-KGSXXDOSSA-N')"
clindamycin,fosfomycin,KDLRVYVGXIQJDK-AWPVFWJPSA-N,YMDXZJFXQJVXBF-STHAYSLISA-N,"('KDLRVYVGXIQJDK-AWPVFWJPSA-N', 'YMDXZJFXQJVXBF-STHAYSLISA-N')"
clindamycin,pyocyanin,KDLRVYVGXIQJDK-AWPVFWJPSA-N,YNCMLFHHXWETLD-UHFFFAOYSA-N,"('KDLRVYVGXIQJDK-AWPVFWJPSA-N', 'YNCMLFHHXWETLD-UHFFFAOYSA-N')"
cephalexin,clindamycin,ZAIPMKNFIOOWCQ-UEKVPHQBSA-N,KDLRVYVGXIQJDK-AWPVFWJPSA-N,"('KDLRVYVGXIQJDK-AWPVFWJPSA-N', 'ZAIPMKNFIOOWCQ-UEKVPHQBSA-N')"
mitomycin c,omeprazole,NWIBSHFKIJFRCO-WUDYKRTCSA-N,KWORUUGOSLYAGD-UHFFFAOYSA-N,"('KWORUUGOSLYAGD-UHFFFAOYSA-N', 'NWIBSHFKIJFRCO-WUDYKRTCSA-N')"
linezolid,omeprazole,TYZROVQLWOKYKF-ZDUSSCGKSA-N,KWORUUGOSLYAGD-UHFFFAOYSA-N,"('KWORUUGOSLYAGD-UHFFFAOYSA-N', 'TYZROVQLWOKYKF-ZDUSSCGKSA-N')"
telithromycin,thymol,LJVAJPDWBABPEJ-PNUFFHFMSA-N,MGSRCZKZVOBKFT-UHFFFAOYSA-N,"('LJVAJPDWBABPEJ-PNUFFHFMSA-N', 'MGSRCZKZVOBKFT-UHFFFAOYSA-N')"
ciprofloxacin,telithromycin,MYSWGUAQZAJSOK-UHFFFAOYSA-N,LJVAJPDWBABPEJ-PNUFFHFMSA-N,"('LJVAJPDWBABPEJ-PNUFFHFMSA-N', 'MYSWGUAQZAJSOK-UHFFFAOYSA-N')"
mitomycin c,telithromycin,NWIBSHFKIJFRCO-WUDYKRTCSA-N,LJVAJPDWBABPEJ-PNUFFHFMSA-N,"('LJVAJPDWBABPEJ-PNUFFHFMSA-N', 'NWIBSHFKIJFRCO-WUDYKRTCSA-N')"
nitrofurantoin,telithromycin,NXFQHRVNIOXGAQ-YCRREMRBSA-N,LJVAJPDWBABPEJ-PNUFFHFMSA-N,"('LJVAJPDWBABPEJ-PNUFFHFMSA-N', 'NXFQHRVNIOXGAQ-YCRREMRBSA-N')"
caffeine,telithromycin,RYYVLZVUVIJVGH-UHFFFAOYSA-N,LJVAJPDWBABPEJ-PNUFFHFMSA-N,"('LJVAJPDWBABPEJ-PNUFFHFMSA-N', 'RYYVLZVUVIJVGH-UHFFFAOYSA-N')"
celecoxib,telithromycin,RZEKVGVHFLEQIL-UHFFFAOYSA-N,LJVAJPDWBABPEJ-PNUFFHFMSA-N,"('LJVAJPDWBABPEJ-PNUFFHFMSA-N', 'RZEKVGVHFLEQIL-UHFFFAOYSA-N')"
linezolid,telithromycin,TYZROVQLWOKYKF-ZDUSSCGKSA-N,LJVAJPDWBABPEJ-PNUFFHFMSA-N,"('LJVAJPDWBABPEJ-PNUFFHFMSA-N', 'TYZROVQLWOKYKF-ZDUSSCGKSA-N')"
spectinomycin,telithromycin,UNFWWIHTNXNPBV-WXKVUWSESA-N,LJVAJPDWBABPEJ-PNUFFHFMSA-N,"('LJVAJPDWBABPEJ-PNUFFHFMSA-N', 'UNFWWIHTNXNPBV-WXKVUWSESA-N')"
metronidazole,telithromycin,VAOCPAMSLUNLGC-UHFFFAOYSA-N,LJVAJPDWBABPEJ-PNUFFHFMSA-N,"('LJVAJPDWBABPEJ-PNUFFHFMSA-N', 'VAOCPAMSLUNLGC-UHFFFAOYSA-N')"
benzalkonium,telithromycin,VVZBFOKBSDGVGZ-UHFFFAOYSA-N,LJVAJPDWBABPEJ-PNUFFHFMSA-N,"('LJVAJPDWBABPEJ-PNUFFHFMSA-N', 'VVZBFOKBSDGVGZ-UHFFFAOYSA-N')"
amoxicillin,amikacin,LSQZJLSUYDQPKJ-NJBDSQKTSA-N,LKCWBDHBTVXHDL-RMDFUYIESA-N,"('LKCWBDHBTVXHDL-RMDFUYIESA-N', 'LSQZJLSUYDQPKJ-NJBDSQKTSA-N')"
amikacin,a22,LKCWBDHBTVXHDL-RMDFUYIESA-N,LZTCFLDZLBOLDW-UHFFFAOYSA-N,"('LKCWBDHBTVXHDL-RMDFUYIESA-N', 'LZTCFLDZLBOLDW-UHFFFAOYSA-N')"
amikacin,procaine,LKCWBDHBTVXHDL-RMDFUYIESA-N,MFDFERRIHVXMIY-UHFFFAOYSA-N,"('LKCWBDHBTVXHDL-RMDFUYIESA-N', 'MFDFERRIHVXMIY-UHFFFAOYSA-N')"
amikacin,azithromycin,LKCWBDHBTVXHDL-RMDFUYIESA-N,MQTOSJVFKKJCRP-BICOPXKESA-N,"('LKCWBDHBTVXHDL-RMDFUYIESA-N', 'MQTOSJVFKKJCRP-BICOPXKESA-N')"
amikacin,vanillin,LKCWBDHBTVXHDL-RMDFUYIESA-N,MWOOGOJBHIARFG-UHFFFAOYSA-N,"('LKCWBDHBTVXHDL-RMDFUYIESA-N', 'MWOOGOJBHIARFG-UHFFFAOYSA-N')"
ciprofloxacin,amikacin,MYSWGUAQZAJSOK-UHFFFAOYSA-N,LKCWBDHBTVXHDL-RMDFUYIESA-N,"('LKCWBDHBTVXHDL-RMDFUYIESA-N', 'MYSWGUAQZAJSOK-UHFFFAOYSA-N')"
amikacin,tobramycin,LKCWBDHBTVXHDL-RMDFUYIESA-N,NLVFBUXFDBBNBW-PBSUHMDJSA-N,"('LKCWBDHBTVXHDL-RMDFUYIESA-N', 'NLVFBUXFDBBNBW-PBSUHMDJSA-N')"
amikacin,mitomycin c,LKCWBDHBTVXHDL-RMDFUYIESA-N,NWIBSHFKIJFRCO-WUDYKRTCSA-N,"('LKCWBDHBTVXHDL-RMDFUYIESA-N', 'NWIBSHFKIJFRCO-WUDYKRTCSA-N')"
amikacin,nitrofurantoin,LKCWBDHBTVXHDL-RMDFUYIESA-N,NXFQHRVNIOXGAQ-YCRREMRBSA-N,"('LKCWBDHBTVXHDL-RMDFUYIESA-N', 'NXFQHRVNIOXGAQ-YCRREMRBSA-N')"
amikacin,bleomycin,LKCWBDHBTVXHDL-RMDFUYIESA-N,OYVAGSVQBOHSSS-WXFSZRTFSA-O,"('LKCWBDHBTVXHDL-RMDFUYIESA-N', 'OYVAGSVQBOHSSS-WXFSZRTFSA-O')"
amikacin,cefaclor,LKCWBDHBTVXHDL-RMDFUYIESA-N,QYIYFLOTGYLRGG-GPCCPHFNSA-N,"('LKCWBDHBTVXHDL-RMDFUYIESA-N', 'QYIYFLOTGYLRGG-GPCCPHFNSA-N')"
amikacin,puromycin,LKCWBDHBTVXHDL-RMDFUYIESA-N,RXWNCPJZOCPEPQ-NVWDDTSBSA-N,"('LKCWBDHBTVXHDL-RMDFUYIESA-N', 'RXWNCPJZOCPEPQ-NVWDDTSBSA-N')"
amikacin,ciclopirox,LKCWBDHBTVXHDL-RMDFUYIESA-N,SCKYRAXSEDYPSA-UHFFFAOYSA-N,"('LKCWBDHBTVXHDL-RMDFUYIESA-N', 'SCKYRAXSEDYPSA-UHFFFAOYSA-N')"
amikacin,cefsulodin,LKCWBDHBTVXHDL-RMDFUYIESA-N,SYLKGLMBLAAGSC-QLVMHMETSA-N,"('LKCWBDHBTVXHDL-RMDFUYIESA-N', 'SYLKGLMBLAAGSC-QLVMHMETSA-N')"
amikacin,erythromycin,LKCWBDHBTVXHDL-RMDFUYIESA-N,ULGZDMOVFRHVEP-RWJQBGPGSA-N,"('LKCWBDHBTVXHDL-RMDFUYIESA-N', 'ULGZDMOVFRHVEP-RWJQBGPGSA-N')"
spectinomycin,amikacin,UNFWWIHTNXNPBV-WXKVUWSESA-N,LKCWBDHBTVXHDL-RMDFUYIESA-N,"('LKCWBDHBTVXHDL-RMDFUYIESA-N', 'UNFWWIHTNXNPBV-WXKVUWSESA-N')"
amikacin,metronidazole,LKCWBDHBTVXHDL-RMDFUYIESA-N,VAOCPAMSLUNLGC-UHFFFAOYSA-N,"('LKCWBDHBTVXHDL-RMDFUYIESA-N', 'VAOCPAMSLUNLGC-UHFFFAOYSA-N')"
amikacin,curcumin,LKCWBDHBTVXHDL-RMDFUYIESA-N,VFLDPWHFBUODDF-FCXRPNKRSA-N,"('LKCWBDHBTVXHDL-RMDFUYIESA-N', 'VFLDPWHFBUODDF-FCXRPNKRSA-N')"
amikacin,benzalkonium,LKCWBDHBTVXHDL-RMDFUYIESA-N,VVZBFOKBSDGVGZ-UHFFFAOYSA-N,"('LKCWBDHBTVXHDL-RMDFUYIESA-N', 'VVZBFOKBSDGVGZ-UHFFFAOYSA-N')"
chloramphenicol,amikacin,WIIZWVCIJKGZOK-RKDXNWHRSA-N,LKCWBDHBTVXHDL-RMDFUYIESA-N,"('LKCWBDHBTVXHDL-RMDFUYIESA-N', 'WIIZWVCIJKGZOK-RKDXNWHRSA-N')"
amikacin,egcg,LKCWBDHBTVXHDL-RMDFUYIESA-N,WMBWREPUVVBILR-WIYYLYMNSA-N,"('LKCWBDHBTVXHDL-RMDFUYIESA-N', 'WMBWREPUVVBILR-WIYYLYMNSA-N')"
polymyxin b,amikacin,WQVJHHACXVLGBL-BPJDFBQWSA-N,LKCWBDHBTVXHDL-RMDFUYIESA-N,"('LKCWBDHBTVXHDL-RMDFUYIESA-N', 'WQVJHHACXVLGBL-BPJDFBQWSA-N')"
amikacin,minocycline,LKCWBDHBTVXHDL-RMDFUYIESA-N,WTJXVDPDEQKTCV-VQAITOIOSA-N,"('LKCWBDHBTVXHDL-RMDFUYIESA-N', 'WTJXVDPDEQKTCV-VQAITOIOSA-N')"
amikacin,aztreonam,LKCWBDHBTVXHDL-RMDFUYIESA-N,WZPBZJONDBGPKJ-VEHQQRBSSA-N,"('LKCWBDHBTVXHDL-RMDFUYIESA-N', 'WZPBZJONDBGPKJ-VEHQQRBSSA-N')"
amikacin,metformin,LKCWBDHBTVXHDL-RMDFUYIESA-N,XZWYZXLIPXDOLR-UHFFFAOYSA-N,"('LKCWBDHBTVXHDL-RMDFUYIESA-N', 'XZWYZXLIPXDOLR-UHFFFAOYSA-N')"
amikacin,berberine,LKCWBDHBTVXHDL-RMDFUYIESA-N,YBHILYKTIRIUTE-UHFFFAOYSA-N,"('LKCWBDHBTVXHDL-RMDFUYIESA-N', 'YBHILYKTIRIUTE-UHFFFAOYSA-N')"
novobiocin,amikacin,YJQPYGGHQPGBLI-KGSXXDOSSA-N,LKCWBDHBTVXHDL-RMDFUYIESA-N,"('LKCWBDHBTVXHDL-RMDFUYIESA-N', 'YJQPYGGHQPGBLI-KGSXXDOSSA-N')"
amikacin,colistin,LKCWBDHBTVXHDL-RMDFUYIESA-N,YKQOSKADJPQZHB-RGYSVOEGSA-N,"('LKCWBDHBTVXHDL-RMDFUYIESA-N', 'YKQOSKADJPQZHB-RGYSVOEGSA-N')"
fosfomycin,amikacin,YMDXZJFXQJVXBF-STHAYSLISA-N,LKCWBDHBTVXHDL-RMDFUYIESA-N,"('LKCWBDHBTVXHDL-RMDFUYIESA-N', 'YMDXZJFXQJVXBF-STHAYSLISA-N')"
amikacin,pyocyanin,LKCWBDHBTVXHDL-RMDFUYIESA-N,YNCMLFHHXWETLD-UHFFFAOYSA-N,"('LKCWBDHBTVXHDL-RMDFUYIESA-N', 'YNCMLFHHXWETLD-UHFFFAOYSA-N')"
amikacin,streptozotocin,LKCWBDHBTVXHDL-RMDFUYIESA-N,ZSJLQEPLLKMAKR-GKHCUFPYSA-N,"('LKCWBDHBTVXHDL-RMDFUYIESA-N', 'ZSJLQEPLLKMAKR-GKHCUFPYSA-N')"
amikacin,imipenem,LKCWBDHBTVXHDL-RMDFUYIESA-N,ZSKVGTPCRGIANV-ZXFLCMHBSA-N,"('LKCWBDHBTVXHDL-RMDFUYIESA-N', 'ZSKVGTPCRGIANV-ZXFLCMHBSA-N')"
amoxicillin,a22,LSQZJLSUYDQPKJ-NJBDSQKTSA-N,LZTCFLDZLBOLDW-UHFFFAOYSA-N,"('LSQZJLSUYDQPKJ-NJBDSQKTSA-N', 'LZTCFLDZLBOLDW-UHFFFAOYSA-N')"
amoxicillin,procaine,LSQZJLSUYDQPKJ-NJBDSQKTSA-N,MFDFERRIHVXMIY-UHFFFAOYSA-N,"('LSQZJLSUYDQPKJ-NJBDSQKTSA-N', 'MFDFERRIHVXMIY-UHFFFAOYSA-N')"
amoxicillin,azithromycin,LSQZJLSUYDQPKJ-NJBDSQKTSA-N,MQTOSJVFKKJCRP-BICOPXKESA-N,"('LSQZJLSUYDQPKJ-NJBDSQKTSA-N', 'MQTOSJVFKKJCRP-BICOPXKESA-N')"
amoxicillin,vanillin,LSQZJLSUYDQPKJ-NJBDSQKTSA-N,MWOOGOJBHIARFG-UHFFFAOYSA-N,"('LSQZJLSUYDQPKJ-NJBDSQKTSA-N', 'MWOOGOJBHIARFG-UHFFFAOYSA-N')"
amoxicillin,ciprofloxacin,LSQZJLSUYDQPKJ-NJBDSQKTSA-N,MYSWGUAQZAJSOK-UHFFFAOYSA-N,"('LSQZJLSUYDQPKJ-NJBDSQKTSA-N', 'MYSWGUAQZAJSOK-UHFFFAOYSA-N')"
amoxicillin,tamoxifene,LSQZJLSUYDQPKJ-NJBDSQKTSA-N,NKANXQFJJICGDU-QPLCGJKRSA-N,"('LSQZJLSUYDQPKJ-NJBDSQKTSA-N', 'NKANXQFJJICGDU-QPLCGJKRSA-N')"
amoxicillin,tobramycin,LSQZJLSUYDQPKJ-NJBDSQKTSA-N,NLVFBUXFDBBNBW-PBSUHMDJSA-N,"('LSQZJLSUYDQPKJ-NJBDSQKTSA-N', 'NLVFBUXFDBBNBW-PBSUHMDJSA-N')"
amoxicillin,mitomycin c,LSQZJLSUYDQPKJ-NJBDSQKTSA-N,NWIBSHFKIJFRCO-WUDYKRTCSA-N,"('LSQZJLSUYDQPKJ-NJBDSQKTSA-N', 'NWIBSHFKIJFRCO-WUDYKRTCSA-N')"
amoxicillin,nitrofurantoin,LSQZJLSUYDQPKJ-NJBDSQKTSA-N,NXFQHRVNIOXGAQ-YCRREMRBSA-N,"('LSQZJLSUYDQPKJ-NJBDSQKTSA-N', 'NXFQHRVNIOXGAQ-YCRREMRBSA-N')"
amoxicillin,lincomycin,LSQZJLSUYDQPKJ-NJBDSQKTSA-N,OJMMVQQUTAEWLP-KIDUDLJLSA-N,"('LSQZJLSUYDQPKJ-NJBDSQKTSA-N', 'OJMMVQQUTAEWLP-KIDUDLJLSA-N')"
amoxicillin,cefaclor,LSQZJLSUYDQPKJ-NJBDSQKTSA-N,QYIYFLOTGYLRGG-GPCCPHFNSA-N,"('LSQZJLSUYDQPKJ-NJBDSQKTSA-N', 'QYIYFLOTGYLRGG-GPCCPHFNSA-N')"
amoxicillin,puromycin,LSQZJLSUYDQPKJ-NJBDSQKTSA-N,RXWNCPJZOCPEPQ-NVWDDTSBSA-N,"('LSQZJLSUYDQPKJ-NJBDSQKTSA-N', 'RXWNCPJZOCPEPQ-NVWDDTSBSA-N')"
amoxicillin,caffeine,LSQZJLSUYDQPKJ-NJBDSQKTSA-N,RYYVLZVUVIJVGH-UHFFFAOYSA-N,"('LSQZJLSUYDQPKJ-NJBDSQKTSA-N', 'RYYVLZVUVIJVGH-UHFFFAOYSA-N')"
amoxicillin,celecoxib,LSQZJLSUYDQPKJ-NJBDSQKTSA-N,RZEKVGVHFLEQIL-UHFFFAOYSA-N,"('LSQZJLSUYDQPKJ-NJBDSQKTSA-N', 'RZEKVGVHFLEQIL-UHFFFAOYSA-N')"
amoxicillin,ciclopirox,LSQZJLSUYDQPKJ-NJBDSQKTSA-N,SCKYRAXSEDYPSA-UHFFFAOYSA-N,"('LSQZJLSUYDQPKJ-NJBDSQKTSA-N', 'SCKYRAXSEDYPSA-UHFFFAOYSA-N')"
amoxicillin,cefsulodin,LSQZJLSUYDQPKJ-NJBDSQKTSA-N,SYLKGLMBLAAGSC-QLVMHMETSA-N,"('LSQZJLSUYDQPKJ-NJBDSQKTSA-N', 'SYLKGLMBLAAGSC-QLVMHMETSA-N')"
amoxicillin,diacerein,LSQZJLSUYDQPKJ-NJBDSQKTSA-N,TYNLGDBUJLVSMA-UHFFFAOYSA-N,"('LSQZJLSUYDQPKJ-NJBDSQKTSA-N', 'TYNLGDBUJLVSMA-UHFFFAOYSA-N')"
amoxicillin,linezolid,LSQZJLSUYDQPKJ-NJBDSQKTSA-N,TYZROVQLWOKYKF-ZDUSSCGKSA-N,"('LSQZJLSUYDQPKJ-NJBDSQKTSA-N', 'TYZROVQLWOKYKF-ZDUSSCGKSA-N')"
amoxicillin,cccp,LSQZJLSUYDQPKJ-NJBDSQKTSA-N,UGTJLJZQQFGTJD-UHFFFAOYSA-N,"('LSQZJLSUYDQPKJ-NJBDSQKTSA-N', 'UGTJLJZQQFGTJD-UHFFFAOYSA-N')"
amoxicillin,erythromycin,LSQZJLSUYDQPKJ-NJBDSQKTSA-N,ULGZDMOVFRHVEP-RWJQBGPGSA-N,"('LSQZJLSUYDQPKJ-NJBDSQKTSA-N', 'ULGZDMOVFRHVEP-RWJQBGPGSA-N')"
amoxicillin,spectinomycin,LSQZJLSUYDQPKJ-NJBDSQKTSA-N,UNFWWIHTNXNPBV-WXKVUWSESA-N,"('LSQZJLSUYDQPKJ-NJBDSQKTSA-N', 'UNFWWIHTNXNPBV-WXKVUWSESA-N')"
amoxicillin,oxacillin,LSQZJLSUYDQPKJ-NJBDSQKTSA-N,UWYHMGVUTGAWSP-JKIFEVAISA-N,"('LSQZJLSUYDQPKJ-NJBDSQKTSA-N', 'UWYHMGVUTGAWSP-JKIFEVAISA-N')"
amoxicillin,curcumin,LSQZJLSUYDQPKJ-NJBDSQKTSA-N,VFLDPWHFBUODDF-FCXRPNKRSA-N,"('LSQZJLSUYDQPKJ-NJBDSQKTSA-N', 'VFLDPWHFBUODDF-FCXRPNKRSA-N')"
amoxicillin,benzalkonium,LSQZJLSUYDQPKJ-NJBDSQKTSA-N,VVZBFOKBSDGVGZ-UHFFFAOYSA-N,"('LSQZJLSUYDQPKJ-NJBDSQKTSA-N', 'VVZBFOKBSDGVGZ-UHFFFAOYSA-N')"
amoxicillin,chloramphenicol,LSQZJLSUYDQPKJ-NJBDSQKTSA-N,WIIZWVCIJKGZOK-RKDXNWHRSA-N,"('LSQZJLSUYDQPKJ-NJBDSQKTSA-N', 'WIIZWVCIJKGZOK-RKDXNWHRSA-N')"
amoxicillin,polymyxin b,LSQZJLSUYDQPKJ-NJBDSQKTSA-N,WQVJHHACXVLGBL-BPJDFBQWSA-N,"('LSQZJLSUYDQPKJ-NJBDSQKTSA-N', 'WQVJHHACXVLGBL-BPJDFBQWSA-N')"
amoxicillin,aztreonam,LSQZJLSUYDQPKJ-NJBDSQKTSA-N,WZPBZJONDBGPKJ-VEHQQRBSSA-N,"('LSQZJLSUYDQPKJ-NJBDSQKTSA-N', 'WZPBZJONDBGPKJ-VEHQQRBSSA-N')"
amoxicillin,metformin,LSQZJLSUYDQPKJ-NJBDSQKTSA-N,XZWYZXLIPXDOLR-UHFFFAOYSA-N,"('LSQZJLSUYDQPKJ-NJBDSQKTSA-N', 'XZWYZXLIPXDOLR-UHFFFAOYSA-N')"
amoxicillin,berberine,LSQZJLSUYDQPKJ-NJBDSQKTSA-N,YBHILYKTIRIUTE-UHFFFAOYSA-N,"('LSQZJLSUYDQPKJ-NJBDSQKTSA-N', 'YBHILYKTIRIUTE-UHFFFAOYSA-N')"
amoxicillin,novobiocin,LSQZJLSUYDQPKJ-NJBDSQKTSA-N,YJQPYGGHQPGBLI-KGSXXDOSSA-N,"('LSQZJLSUYDQPKJ-NJBDSQKTSA-N', 'YJQPYGGHQPGBLI-KGSXXDOSSA-N')"
amoxicillin,colistin,LSQZJLSUYDQPKJ-NJBDSQKTSA-N,YKQOSKADJPQZHB-RGYSVOEGSA-N,"('LSQZJLSUYDQPKJ-NJBDSQKTSA-N', 'YKQOSKADJPQZHB-RGYSVOEGSA-N')"
amoxicillin,fosfomycin,LSQZJLSUYDQPKJ-NJBDSQKTSA-N,YMDXZJFXQJVXBF-STHAYSLISA-N,"('LSQZJLSUYDQPKJ-NJBDSQKTSA-N', 'YMDXZJFXQJVXBF-STHAYSLISA-N')"
amoxicillin,pyocyanin,LSQZJLSUYDQPKJ-NJBDSQKTSA-N,YNCMLFHHXWETLD-UHFFFAOYSA-N,"('LSQZJLSUYDQPKJ-NJBDSQKTSA-N', 'YNCMLFHHXWETLD-UHFFFAOYSA-N')"
amoxicillin,imipenem,LSQZJLSUYDQPKJ-NJBDSQKTSA-N,ZSKVGTPCRGIANV-ZXFLCMHBSA-N,"('LSQZJLSUYDQPKJ-NJBDSQKTSA-N', 'ZSKVGTPCRGIANV-ZXFLCMHBSA-N')"
procaine,a22,MFDFERRIHVXMIY-UHFFFAOYSA-N,LZTCFLDZLBOLDW-UHFFFAOYSA-N,"('LZTCFLDZLBOLDW-UHFFFAOYSA-N', 'MFDFERRIHVXMIY-UHFFFAOYSA-N')"
vanillin,a22,MWOOGOJBHIARFG-UHFFFAOYSA-N,LZTCFLDZLBOLDW-UHFFFAOYSA-N,"('LZTCFLDZLBOLDW-UHFFFAOYSA-N', 'MWOOGOJBHIARFG-UHFFFAOYSA-N')"
a22,mitomycin c,LZTCFLDZLBOLDW-UHFFFAOYSA-N,NWIBSHFKIJFRCO-WUDYKRTCSA-N,"('LZTCFLDZLBOLDW-UHFFFAOYSA-N', 'NWIBSHFKIJFRCO-WUDYKRTCSA-N')"
nitrofurantoin,a22,NXFQHRVNIOXGAQ-YCRREMRBSA-N,LZTCFLDZLBOLDW-UHFFFAOYSA-N,"('LZTCFLDZLBOLDW-UHFFFAOYSA-N', 'NXFQHRVNIOXGAQ-YCRREMRBSA-N')"
a22,bleomycin,LZTCFLDZLBOLDW-UHFFFAOYSA-N,OYVAGSVQBOHSSS-WXFSZRTFSA-O,"('LZTCFLDZLBOLDW-UHFFFAOYSA-N', 'OYVAGSVQBOHSSS-WXFSZRTFSA-O')"
cefaclor,a22,QYIYFLOTGYLRGG-GPCCPHFNSA-N,LZTCFLDZLBOLDW-UHFFFAOYSA-N,"('LZTCFLDZLBOLDW-UHFFFAOYSA-N', 'QYIYFLOTGYLRGG-GPCCPHFNSA-N')"
a22,puromycin,LZTCFLDZLBOLDW-UHFFFAOYSA-N,RXWNCPJZOCPEPQ-NVWDDTSBSA-N,"('LZTCFLDZLBOLDW-UHFFFAOYSA-N', 'RXWNCPJZOCPEPQ-NVWDDTSBSA-N')"
cefsulodin,a22,SYLKGLMBLAAGSC-QLVMHMETSA-N,LZTCFLDZLBOLDW-UHFFFAOYSA-N,"('LZTCFLDZLBOLDW-UHFFFAOYSA-N', 'SYLKGLMBLAAGSC-QLVMHMETSA-N')"
oxacillin,a22,UWYHMGVUTGAWSP-JKIFEVAISA-N,LZTCFLDZLBOLDW-UHFFFAOYSA-N,"('LZTCFLDZLBOLDW-UHFFFAOYSA-N', 'UWYHMGVUTGAWSP-JKIFEVAISA-N')"
a22,curcumin,LZTCFLDZLBOLDW-UHFFFAOYSA-N,VFLDPWHFBUODDF-FCXRPNKRSA-N,"('LZTCFLDZLBOLDW-UHFFFAOYSA-N', 'VFLDPWHFBUODDF-FCXRPNKRSA-N')"
chloramphenicol,a22,WIIZWVCIJKGZOK-RKDXNWHRSA-N,LZTCFLDZLBOLDW-UHFFFAOYSA-N,"('LZTCFLDZLBOLDW-UHFFFAOYSA-N', 'WIIZWVCIJKGZOK-RKDXNWHRSA-N')"
a22,egcg,LZTCFLDZLBOLDW-UHFFFAOYSA-N,WMBWREPUVVBILR-WIYYLYMNSA-N,"('LZTCFLDZLBOLDW-UHFFFAOYSA-N', 'WMBWREPUVVBILR-WIYYLYMNSA-N')"
sulfamonomethoxine,a22,WMPXPUYPYQKQCX-UHFFFAOYSA-N,LZTCFLDZLBOLDW-UHFFFAOYSA-N,"('LZTCFLDZLBOLDW-UHFFFAOYSA-N', 'WMPXPUYPYQKQCX-UHFFFAOYSA-N')"
a22,minocycline,LZTCFLDZLBOLDW-UHFFFAOYSA-N,WTJXVDPDEQKTCV-VQAITOIOSA-N,"('LZTCFLDZLBOLDW-UHFFFAOYSA-N', 'WTJXVDPDEQKTCV-VQAITOIOSA-N')"
a22,aztreonam,LZTCFLDZLBOLDW-UHFFFAOYSA-N,WZPBZJONDBGPKJ-VEHQQRBSSA-N,"('LZTCFLDZLBOLDW-UHFFFAOYSA-N', 'WZPBZJONDBGPKJ-VEHQQRBSSA-N')"
a22,metformin,LZTCFLDZLBOLDW-UHFFFAOYSA-N,XZWYZXLIPXDOLR-UHFFFAOYSA-N,"('LZTCFLDZLBOLDW-UHFFFAOYSA-N', 'XZWYZXLIPXDOLR-UHFFFAOYSA-N')"
a22,berberine,LZTCFLDZLBOLDW-UHFFFAOYSA-N,YBHILYKTIRIUTE-UHFFFAOYSA-N,"('LZTCFLDZLBOLDW-UHFFFAOYSA-N', 'YBHILYKTIRIUTE-UHFFFAOYSA-N')"
novobiocin,a22,YJQPYGGHQPGBLI-KGSXXDOSSA-N,LZTCFLDZLBOLDW-UHFFFAOYSA-N,"('LZTCFLDZLBOLDW-UHFFFAOYSA-N', 'YJQPYGGHQPGBLI-KGSXXDOSSA-N')"
a22,colistin,LZTCFLDZLBOLDW-UHFFFAOYSA-N,YKQOSKADJPQZHB-RGYSVOEGSA-N,"('LZTCFLDZLBOLDW-UHFFFAOYSA-N', 'YKQOSKADJPQZHB-RGYSVOEGSA-N')"
fosfomycin,a22,YMDXZJFXQJVXBF-STHAYSLISA-N,LZTCFLDZLBOLDW-UHFFFAOYSA-N,"('LZTCFLDZLBOLDW-UHFFFAOYSA-N', 'YMDXZJFXQJVXBF-STHAYSLISA-N')"
a22,pyocyanin,LZTCFLDZLBOLDW-UHFFFAOYSA-N,YNCMLFHHXWETLD-UHFFFAOYSA-N,"('LZTCFLDZLBOLDW-UHFFFAOYSA-N', 'YNCMLFHHXWETLD-UHFFFAOYSA-N')"
a22,imipenem,LZTCFLDZLBOLDW-UHFFFAOYSA-N,ZSKVGTPCRGIANV-ZXFLCMHBSA-N,"('LZTCFLDZLBOLDW-UHFFFAOYSA-N', 'ZSKVGTPCRGIANV-ZXFLCMHBSA-N')"
procaine,pseudomonic acid,MFDFERRIHVXMIY-UHFFFAOYSA-N,MINDHVHHQZYEEK-HBBNESRFSA-N,"('MFDFERRIHVXMIY-UHFFFAOYSA-N', 'MINDHVHHQZYEEK-HBBNESRFSA-N')"
procaine,azithromycin,MFDFERRIHVXMIY-UHFFFAOYSA-N,MQTOSJVFKKJCRP-BICOPXKESA-N,"('MFDFERRIHVXMIY-UHFFFAOYSA-N', 'MQTOSJVFKKJCRP-BICOPXKESA-N')"
ciprofloxacin,procaine,MYSWGUAQZAJSOK-UHFFFAOYSA-N,MFDFERRIHVXMIY-UHFFFAOYSA-N,"('MFDFERRIHVXMIY-UHFFFAOYSA-N', 'MYSWGUAQZAJSOK-UHFFFAOYSA-N')"
procaine,tobramycin,MFDFERRIHVXMIY-UHFFFAOYSA-N,NLVFBUXFDBBNBW-PBSUHMDJSA-N,"('MFDFERRIHVXMIY-UHFFFAOYSA-N', 'NLVFBUXFDBBNBW-PBSUHMDJSA-N')"
procaine,mitomycin c,MFDFERRIHVXMIY-UHFFFAOYSA-N,NWIBSHFKIJFRCO-WUDYKRTCSA-N,"('MFDFERRIHVXMIY-UHFFFAOYSA-N', 'NWIBSHFKIJFRCO-WUDYKRTCSA-N')"
procaine,nitrofurantoin,MFDFERRIHVXMIY-UHFFFAOYSA-N,NXFQHRVNIOXGAQ-YCRREMRBSA-N,"('MFDFERRIHVXMIY-UHFFFAOYSA-N', 'NXFQHRVNIOXGAQ-YCRREMRBSA-N')"
procaine,bleomycin,MFDFERRIHVXMIY-UHFFFAOYSA-N,OYVAGSVQBOHSSS-WXFSZRTFSA-O,"('MFDFERRIHVXMIY-UHFFFAOYSA-N', 'OYVAGSVQBOHSSS-WXFSZRTFSA-O')"
cefaclor,procaine,QYIYFLOTGYLRGG-GPCCPHFNSA-N,MFDFERRIHVXMIY-UHFFFAOYSA-N,"('MFDFERRIHVXMIY-UHFFFAOYSA-N', 'QYIYFLOTGYLRGG-GPCCPHFNSA-N')"
procaine,puromycin,MFDFERRIHVXMIY-UHFFFAOYSA-N,RXWNCPJZOCPEPQ-NVWDDTSBSA-N,"('MFDFERRIHVXMIY-UHFFFAOYSA-N', 'RXWNCPJZOCPEPQ-NVWDDTSBSA-N')"
procaine,ciclopirox,MFDFERRIHVXMIY-UHFFFAOYSA-N,SCKYRAXSEDYPSA-UHFFFAOYSA-N,"('MFDFERRIHVXMIY-UHFFFAOYSA-N', 'SCKYRAXSEDYPSA-UHFFFAOYSA-N')"
erythromycin,procaine,ULGZDMOVFRHVEP-RWJQBGPGSA-N,MFDFERRIHVXMIY-UHFFFAOYSA-N,"('MFDFERRIHVXMIY-UHFFFAOYSA-N', 'ULGZDMOVFRHVEP-RWJQBGPGSA-N')"
spectinomycin,procaine,UNFWWIHTNXNPBV-WXKVUWSESA-N,MFDFERRIHVXMIY-UHFFFAOYSA-N,"('MFDFERRIHVXMIY-UHFFFAOYSA-N', 'UNFWWIHTNXNPBV-WXKVUWSESA-N')"
procaine,curcumin,MFDFERRIHVXMIY-UHFFFAOYSA-N,VFLDPWHFBUODDF-FCXRPNKRSA-N,"('MFDFERRIHVXMIY-UHFFFAOYSA-N', 'VFLDPWHFBUODDF-FCXRPNKRSA-N')"
oritavancin,procaine,VHFGEBVPHAGQPI-LXKZPTCJSA-N,MFDFERRIHVXMIY-UHFFFAOYSA-N,"('MFDFERRIHVXMIY-UHFFFAOYSA-N', 'VHFGEBVPHAGQPI-LXKZPTCJSA-N')"
benzalkonium,procaine,VVZBFOKBSDGVGZ-UHFFFAOYSA-N,MFDFERRIHVXMIY-UHFFFAOYSA-N,"('MFDFERRIHVXMIY-UHFFFAOYSA-N', 'VVZBFOKBSDGVGZ-UHFFFAOYSA-N')"
chloramphenicol,procaine,WIIZWVCIJKGZOK-RKDXNWHRSA-N,MFDFERRIHVXMIY-UHFFFAOYSA-N,"('MFDFERRIHVXMIY-UHFFFAOYSA-N', 'WIIZWVCIJKGZOK-RKDXNWHRSA-N')"
sulfamonomethoxine,procaine,WMPXPUYPYQKQCX-UHFFFAOYSA-N,MFDFERRIHVXMIY-UHFFFAOYSA-N,"('MFDFERRIHVXMIY-UHFFFAOYSA-N', 'WMPXPUYPYQKQCX-UHFFFAOYSA-N')"
polymyxin b,procaine,WQVJHHACXVLGBL-BPJDFBQWSA-N,MFDFERRIHVXMIY-UHFFFAOYSA-N,"('MFDFERRIHVXMIY-UHFFFAOYSA-N', 'WQVJHHACXVLGBL-BPJDFBQWSA-N')"
procaine,minocycline,MFDFERRIHVXMIY-UHFFFAOYSA-N,WTJXVDPDEQKTCV-VQAITOIOSA-N,"('MFDFERRIHVXMIY-UHFFFAOYSA-N', 'WTJXVDPDEQKTCV-VQAITOIOSA-N')"
procaine,aztreonam,MFDFERRIHVXMIY-UHFFFAOYSA-N,WZPBZJONDBGPKJ-VEHQQRBSSA-N,"('MFDFERRIHVXMIY-UHFFFAOYSA-N', 'WZPBZJONDBGPKJ-VEHQQRBSSA-N')"
procaine,metformin,MFDFERRIHVXMIY-UHFFFAOYSA-N,XZWYZXLIPXDOLR-UHFFFAOYSA-N,"('MFDFERRIHVXMIY-UHFFFAOYSA-N', 'XZWYZXLIPXDOLR-UHFFFAOYSA-N')"
procaine,berberine,MFDFERRIHVXMIY-UHFFFAOYSA-N,YBHILYKTIRIUTE-UHFFFAOYSA-N,"('MFDFERRIHVXMIY-UHFFFAOYSA-N', 'YBHILYKTIRIUTE-UHFFFAOYSA-N')"
novobiocin,procaine,YJQPYGGHQPGBLI-KGSXXDOSSA-N,MFDFERRIHVXMIY-UHFFFAOYSA-N,"('MFDFERRIHVXMIY-UHFFFAOYSA-N', 'YJQPYGGHQPGBLI-KGSXXDOSSA-N')"
fosfomycin,procaine,YMDXZJFXQJVXBF-STHAYSLISA-N,MFDFERRIHVXMIY-UHFFFAOYSA-N,"('MFDFERRIHVXMIY-UHFFFAOYSA-N', 'YMDXZJFXQJVXBF-STHAYSLISA-N')"
procaine,pyocyanin,MFDFERRIHVXMIY-UHFFFAOYSA-N,YNCMLFHHXWETLD-UHFFFAOYSA-N,"('MFDFERRIHVXMIY-UHFFFAOYSA-N', 'YNCMLFHHXWETLD-UHFFFAOYSA-N')"
procaine,imipenem,MFDFERRIHVXMIY-UHFFFAOYSA-N,ZSKVGTPCRGIANV-ZXFLCMHBSA-N,"('MFDFERRIHVXMIY-UHFFFAOYSA-N', 'ZSKVGTPCRGIANV-ZXFLCMHBSA-N')"
mitomycin c,thymol,NWIBSHFKIJFRCO-WUDYKRTCSA-N,MGSRCZKZVOBKFT-UHFFFAOYSA-N,"('MGSRCZKZVOBKFT-UHFFFAOYSA-N', 'NWIBSHFKIJFRCO-WUDYKRTCSA-N')"
lincomycin,thymol,OJMMVQQUTAEWLP-KIDUDLJLSA-N,MGSRCZKZVOBKFT-UHFFFAOYSA-N,"('MGSRCZKZVOBKFT-UHFFFAOYSA-N', 'OJMMVQQUTAEWLP-KIDUDLJLSA-N')"
streptomycin,thymol,UCSJYZPVAKXKNQ-HZYVHMACSA-N,MGSRCZKZVOBKFT-UHFFFAOYSA-N,"('MGSRCZKZVOBKFT-UHFFFAOYSA-N', 'UCSJYZPVAKXKNQ-HZYVHMACSA-N')"
vanillin,pseudomonic acid,MWOOGOJBHIARFG-UHFFFAOYSA-N,MINDHVHHQZYEEK-HBBNESRFSA-N,"('MINDHVHHQZYEEK-HBBNESRFSA-N', 'MWOOGOJBHIARFG-UHFFFAOYSA-N')"
pseudomonic acid,ticagrelor,MINDHVHHQZYEEK-HBBNESRFSA-N,OEKWJQXRCDYSHL-FNOIDJSQSA-N,"('MINDHVHHQZYEEK-HBBNESRFSA-N', 'OEKWJQXRCDYSHL-FNOIDJSQSA-N')"
lincomycin,pseudomonic acid,OJMMVQQUTAEWLP-KIDUDLJLSA-N,MINDHVHHQZYEEK-HBBNESRFSA-N,"('MINDHVHHQZYEEK-HBBNESRFSA-N', 'OJMMVQQUTAEWLP-KIDUDLJLSA-N')"
pseudomonic acid,puromycin,MINDHVHHQZYEEK-HBBNESRFSA-N,RXWNCPJZOCPEPQ-NVWDDTSBSA-N,"('MINDHVHHQZYEEK-HBBNESRFSA-N', 'RXWNCPJZOCPEPQ-NVWDDTSBSA-N')"
pseudomonic acid,streptomycin,MINDHVHHQZYEEK-HBBNESRFSA-N,UCSJYZPVAKXKNQ-HZYVHMACSA-N,"('MINDHVHHQZYEEK-HBBNESRFSA-N', 'UCSJYZPVAKXKNQ-HZYVHMACSA-N')"
cccp,pseudomonic acid,UGTJLJZQQFGTJD-UHFFFAOYSA-N,MINDHVHHQZYEEK-HBBNESRFSA-N,"('MINDHVHHQZYEEK-HBBNESRFSA-N', 'UGTJLJZQQFGTJD-UHFFFAOYSA-N')"
spectinomycin,pseudomonic acid,UNFWWIHTNXNPBV-WXKVUWSESA-N,MINDHVHHQZYEEK-HBBNESRFSA-N,"('MINDHVHHQZYEEK-HBBNESRFSA-N', 'UNFWWIHTNXNPBV-WXKVUWSESA-N')"
oxacillin,pseudomonic acid,UWYHMGVUTGAWSP-JKIFEVAISA-N,MINDHVHHQZYEEK-HBBNESRFSA-N,"('MINDHVHHQZYEEK-HBBNESRFSA-N', 'UWYHMGVUTGAWSP-JKIFEVAISA-N')"
pseudomonic acid,curcumin,MINDHVHHQZYEEK-HBBNESRFSA-N,VFLDPWHFBUODDF-FCXRPNKRSA-N,"('MINDHVHHQZYEEK-HBBNESRFSA-N', 'VFLDPWHFBUODDF-FCXRPNKRSA-N')"
chloramphenicol,pseudomonic acid,WIIZWVCIJKGZOK-RKDXNWHRSA-N,MINDHVHHQZYEEK-HBBNESRFSA-N,"('MINDHVHHQZYEEK-HBBNESRFSA-N', 'WIIZWVCIJKGZOK-RKDXNWHRSA-N')"
polymyxin b,pseudomonic acid,WQVJHHACXVLGBL-BPJDFBQWSA-N,MINDHVHHQZYEEK-HBBNESRFSA-N,"('MINDHVHHQZYEEK-HBBNESRFSA-N', 'WQVJHHACXVLGBL-BPJDFBQWSA-N')"
pseudomonic acid,tedizolid,MINDHVHHQZYEEK-HBBNESRFSA-N,XFALPSLJIHVRKE-GFCCVEGCSA-N,"('MINDHVHHQZYEEK-HBBNESRFSA-N', 'XFALPSLJIHVRKE-GFCCVEGCSA-N')"
pseudomonic acid,metformin,MINDHVHHQZYEEK-HBBNESRFSA-N,XZWYZXLIPXDOLR-UHFFFAOYSA-N,"('MINDHVHHQZYEEK-HBBNESRFSA-N', 'XZWYZXLIPXDOLR-UHFFFAOYSA-N')"
pseudomonic acid,berberine,MINDHVHHQZYEEK-HBBNESRFSA-N,YBHILYKTIRIUTE-UHFFFAOYSA-N,"('MINDHVHHQZYEEK-HBBNESRFSA-N', 'YBHILYKTIRIUTE-UHFFFAOYSA-N')"
novobiocin,pseudomonic acid,YJQPYGGHQPGBLI-KGSXXDOSSA-N,MINDHVHHQZYEEK-HBBNESRFSA-N,"('MINDHVHHQZYEEK-HBBNESRFSA-N', 'YJQPYGGHQPGBLI-KGSXXDOSSA-N')"
pseudomonic acid,colistin,MINDHVHHQZYEEK-HBBNESRFSA-N,YKQOSKADJPQZHB-RGYSVOEGSA-N,"('MINDHVHHQZYEEK-HBBNESRFSA-N', 'YKQOSKADJPQZHB-RGYSVOEGSA-N')"
fosfomycin,pseudomonic acid,YMDXZJFXQJVXBF-STHAYSLISA-N,MINDHVHHQZYEEK-HBBNESRFSA-N,"('MINDHVHHQZYEEK-HBBNESRFSA-N', 'YMDXZJFXQJVXBF-STHAYSLISA-N')"
pyocyanin,pseudomonic acid,YNCMLFHHXWETLD-UHFFFAOYSA-N,MINDHVHHQZYEEK-HBBNESRFSA-N,"('MINDHVHHQZYEEK-HBBNESRFSA-N', 'YNCMLFHHXWETLD-UHFFFAOYSA-N')"
pseudomonic acid,streptozotocin,MINDHVHHQZYEEK-HBBNESRFSA-N,ZSJLQEPLLKMAKR-GKHCUFPYSA-N,"('MINDHVHHQZYEEK-HBBNESRFSA-N', 'ZSJLQEPLLKMAKR-GKHCUFPYSA-N')"
imipenem,pseudomonic acid,ZSKVGTPCRGIANV-ZXFLCMHBSA-N,MINDHVHHQZYEEK-HBBNESRFSA-N,"('MINDHVHHQZYEEK-HBBNESRFSA-N', 'ZSKVGTPCRGIANV-ZXFLCMHBSA-N')"
azithromycin,ciprofloxacin,MQTOSJVFKKJCRP-BICOPXKESA-N,MYSWGUAQZAJSOK-UHFFFAOYSA-N,"('MQTOSJVFKKJCRP-BICOPXKESA-N', 'MYSWGUAQZAJSOK-UHFFFAOYSA-N')"
tobramycin,azithromycin,NLVFBUXFDBBNBW-PBSUHMDJSA-N,MQTOSJVFKKJCRP-BICOPXKESA-N,"('MQTOSJVFKKJCRP-BICOPXKESA-N', 'NLVFBUXFDBBNBW-PBSUHMDJSA-N')"
mitomycin c,azithromycin,NWIBSHFKIJFRCO-WUDYKRTCSA-N,MQTOSJVFKKJCRP-BICOPXKESA-N,"('MQTOSJVFKKJCRP-BICOPXKESA-N', 'NWIBSHFKIJFRCO-WUDYKRTCSA-N')"
nitrofurantoin,azithromycin,NXFQHRVNIOXGAQ-YCRREMRBSA-N,MQTOSJVFKKJCRP-BICOPXKESA-N,"('MQTOSJVFKKJCRP-BICOPXKESA-N', 'NXFQHRVNIOXGAQ-YCRREMRBSA-N')"
puromycin,azithromycin,RXWNCPJZOCPEPQ-NVWDDTSBSA-N,MQTOSJVFKKJCRP-BICOPXKESA-N,"('MQTOSJVFKKJCRP-BICOPXKESA-N', 'RXWNCPJZOCPEPQ-NVWDDTSBSA-N')"
cefsulodin,azithromycin,SYLKGLMBLAAGSC-QLVMHMETSA-N,MQTOSJVFKKJCRP-BICOPXKESA-N,"('MQTOSJVFKKJCRP-BICOPXKESA-N', 'SYLKGLMBLAAGSC-QLVMHMETSA-N')"
azithromycin,cccp,MQTOSJVFKKJCRP-BICOPXKESA-N,UGTJLJZQQFGTJD-UHFFFAOYSA-N,"('MQTOSJVFKKJCRP-BICOPXKESA-N', 'UGTJLJZQQFGTJD-UHFFFAOYSA-N')"
erythromycin,azithromycin,ULGZDMOVFRHVEP-RWJQBGPGSA-N,MQTOSJVFKKJCRP-BICOPXKESA-N,"('MQTOSJVFKKJCRP-BICOPXKESA-N', 'ULGZDMOVFRHVEP-RWJQBGPGSA-N')"
spectinomycin,azithromycin,UNFWWIHTNXNPBV-WXKVUWSESA-N,MQTOSJVFKKJCRP-BICOPXKESA-N,"('MQTOSJVFKKJCRP-BICOPXKESA-N', 'UNFWWIHTNXNPBV-WXKVUWSESA-N')"
azithromycin,metronidazole,MQTOSJVFKKJCRP-BICOPXKESA-N,VAOCPAMSLUNLGC-UHFFFAOYSA-N,"('MQTOSJVFKKJCRP-BICOPXKESA-N', 'VAOCPAMSLUNLGC-UHFFFAOYSA-N')"
benzalkonium,azithromycin,VVZBFOKBSDGVGZ-UHFFFAOYSA-N,MQTOSJVFKKJCRP-BICOPXKESA-N,"('MQTOSJVFKKJCRP-BICOPXKESA-N', 'VVZBFOKBSDGVGZ-UHFFFAOYSA-N')"
azithromycin,chloramphenicol,MQTOSJVFKKJCRP-BICOPXKESA-N,WIIZWVCIJKGZOK-RKDXNWHRSA-N,"('MQTOSJVFKKJCRP-BICOPXKESA-N', 'WIIZWVCIJKGZOK-RKDXNWHRSA-N')"
azithromycin,egcg,MQTOSJVFKKJCRP-BICOPXKESA-N,WMBWREPUVVBILR-WIYYLYMNSA-N,"('MQTOSJVFKKJCRP-BICOPXKESA-N', 'WMBWREPUVVBILR-WIYYLYMNSA-N')"
minocycline,azithromycin,WTJXVDPDEQKTCV-VQAITOIOSA-N,MQTOSJVFKKJCRP-BICOPXKESA-N,"('MQTOSJVFKKJCRP-BICOPXKESA-N', 'WTJXVDPDEQKTCV-VQAITOIOSA-N')"
aztreonam,azithromycin,WZPBZJONDBGPKJ-VEHQQRBSSA-N,MQTOSJVFKKJCRP-BICOPXKESA-N,"('MQTOSJVFKKJCRP-BICOPXKESA-N', 'WZPBZJONDBGPKJ-VEHQQRBSSA-N')"
azithromycin,triclosan,MQTOSJVFKKJCRP-BICOPXKESA-N,XEFQLINVKFYRCS-UHFFFAOYSA-N,"('MQTOSJVFKKJCRP-BICOPXKESA-N', 'XEFQLINVKFYRCS-UHFFFAOYSA-N')"
azithromycin,tedizolid,MQTOSJVFKKJCRP-BICOPXKESA-N,XFALPSLJIHVRKE-GFCCVEGCSA-N,"('MQTOSJVFKKJCRP-BICOPXKESA-N', 'XFALPSLJIHVRKE-GFCCVEGCSA-N')"
azithromycin,loxapine,MQTOSJVFKKJCRP-BICOPXKESA-N,XJGVXQDUIWGIRW-UHFFFAOYSA-N,"('MQTOSJVFKKJCRP-BICOPXKESA-N', 'XJGVXQDUIWGIRW-UHFFFAOYSA-N')"
azithromycin,tolfenamic,MQTOSJVFKKJCRP-BICOPXKESA-N,YEZNLOUZAIOMLT-UHFFFAOYSA-N,"('MQTOSJVFKKJCRP-BICOPXKESA-N', 'YEZNLOUZAIOMLT-UHFFFAOYSA-N')"
novobiocin,azithromycin,YJQPYGGHQPGBLI-KGSXXDOSSA-N,MQTOSJVFKKJCRP-BICOPXKESA-N,"('MQTOSJVFKKJCRP-BICOPXKESA-N', 'YJQPYGGHQPGBLI-KGSXXDOSSA-N')"
fosfomycin,azithromycin,YMDXZJFXQJVXBF-STHAYSLISA-N,MQTOSJVFKKJCRP-BICOPXKESA-N,"('MQTOSJVFKKJCRP-BICOPXKESA-N', 'YMDXZJFXQJVXBF-STHAYSLISA-N')"
pyocyanin,azithromycin,YNCMLFHHXWETLD-UHFFFAOYSA-N,MQTOSJVFKKJCRP-BICOPXKESA-N,"('MQTOSJVFKKJCRP-BICOPXKESA-N', 'YNCMLFHHXWETLD-UHFFFAOYSA-N')"
ciprofloxacin,vanillin,MYSWGUAQZAJSOK-UHFFFAOYSA-N,MWOOGOJBHIARFG-UHFFFAOYSA-N,"('MWOOGOJBHIARFG-UHFFFAOYSA-N', 'MYSWGUAQZAJSOK-UHFFFAOYSA-N')"
vanillin,bleomycin,MWOOGOJBHIARFG-UHFFFAOYSA-N,OYVAGSVQBOHSSS-WXFSZRTFSA-O,"('MWOOGOJBHIARFG-UHFFFAOYSA-N', 'OYVAGSVQBOHSSS-WXFSZRTFSA-O')"
cefaclor,vanillin,QYIYFLOTGYLRGG-GPCCPHFNSA-N,MWOOGOJBHIARFG-UHFFFAOYSA-N,"('MWOOGOJBHIARFG-UHFFFAOYSA-N', 'QYIYFLOTGYLRGG-GPCCPHFNSA-N')"
vanillin,puromycin,MWOOGOJBHIARFG-UHFFFAOYSA-N,RXWNCPJZOCPEPQ-NVWDDTSBSA-N,"('MWOOGOJBHIARFG-UHFFFAOYSA-N', 'RXWNCPJZOCPEPQ-NVWDDTSBSA-N')"
vanillin,ciclopirox,MWOOGOJBHIARFG-UHFFFAOYSA-N,SCKYRAXSEDYPSA-UHFFFAOYSA-N,"('MWOOGOJBHIARFG-UHFFFAOYSA-N', 'SCKYRAXSEDYPSA-UHFFFAOYSA-N')"
vanillin,cccp,MWOOGOJBHIARFG-UHFFFAOYSA-N,UGTJLJZQQFGTJD-UHFFFAOYSA-N,"('MWOOGOJBHIARFG-UHFFFAOYSA-N', 'UGTJLJZQQFGTJD-UHFFFAOYSA-N')"
spectinomycin,vanillin,UNFWWIHTNXNPBV-WXKVUWSESA-N,MWOOGOJBHIARFG-UHFFFAOYSA-N,"('MWOOGOJBHIARFG-UHFFFAOYSA-N', 'UNFWWIHTNXNPBV-WXKVUWSESA-N')"
vanillin,curcumin,MWOOGOJBHIARFG-UHFFFAOYSA-N,VFLDPWHFBUODDF-FCXRPNKRSA-N,"('MWOOGOJBHIARFG-UHFFFAOYSA-N', 'VFLDPWHFBUODDF-FCXRPNKRSA-N')"
chloramphenicol,vanillin,WIIZWVCIJKGZOK-RKDXNWHRSA-N,MWOOGOJBHIARFG-UHFFFAOYSA-N,"('MWOOGOJBHIARFG-UHFFFAOYSA-N', 'WIIZWVCIJKGZOK-RKDXNWHRSA-N')"
vanillin,egcg,MWOOGOJBHIARFG-UHFFFAOYSA-N,WMBWREPUVVBILR-WIYYLYMNSA-N,"('MWOOGOJBHIARFG-UHFFFAOYSA-N', 'WMBWREPUVVBILR-WIYYLYMNSA-N')"
vanillin,minocycline,MWOOGOJBHIARFG-UHFFFAOYSA-N,WTJXVDPDEQKTCV-VQAITOIOSA-N,"('MWOOGOJBHIARFG-UHFFFAOYSA-N', 'WTJXVDPDEQKTCV-VQAITOIOSA-N')"
vanillin,aztreonam,MWOOGOJBHIARFG-UHFFFAOYSA-N,WZPBZJONDBGPKJ-VEHQQRBSSA-N,"('MWOOGOJBHIARFG-UHFFFAOYSA-N', 'WZPBZJONDBGPKJ-VEHQQRBSSA-N')"
novobiocin,vanillin,YJQPYGGHQPGBLI-KGSXXDOSSA-N,MWOOGOJBHIARFG-UHFFFAOYSA-N,"('MWOOGOJBHIARFG-UHFFFAOYSA-N', 'YJQPYGGHQPGBLI-KGSXXDOSSA-N')"
fosfomycin,vanillin,YMDXZJFXQJVXBF-STHAYSLISA-N,MWOOGOJBHIARFG-UHFFFAOYSA-N,"('MWOOGOJBHIARFG-UHFFFAOYSA-N', 'YMDXZJFXQJVXBF-STHAYSLISA-N')"
vanillin,pyocyanin,MWOOGOJBHIARFG-UHFFFAOYSA-N,YNCMLFHHXWETLD-UHFFFAOYSA-N,"('MWOOGOJBHIARFG-UHFFFAOYSA-N', 'YNCMLFHHXWETLD-UHFFFAOYSA-N')"
vanillin,streptozotocin,MWOOGOJBHIARFG-UHFFFAOYSA-N,ZSJLQEPLLKMAKR-GKHCUFPYSA-N,"('MWOOGOJBHIARFG-UHFFFAOYSA-N', 'ZSJLQEPLLKMAKR-GKHCUFPYSA-N')"
ticagrelor,vancomycin,OEKWJQXRCDYSHL-FNOIDJSQSA-N,MYPYJXKWCTUITO-LYRMYLQWSA-N,"('MYPYJXKWCTUITO-LYRMYLQWSA-N', 'OEKWJQXRCDYSHL-FNOIDJSQSA-N')"
lincomycin,vancomycin,OJMMVQQUTAEWLP-KIDUDLJLSA-N,MYPYJXKWCTUITO-LYRMYLQWSA-N,"('MYPYJXKWCTUITO-LYRMYLQWSA-N', 'OJMMVQQUTAEWLP-KIDUDLJLSA-N')"
linezolid,vancomycin,TYZROVQLWOKYKF-ZDUSSCGKSA-N,MYPYJXKWCTUITO-LYRMYLQWSA-N,"('MYPYJXKWCTUITO-LYRMYLQWSA-N', 'TYZROVQLWOKYKF-ZDUSSCGKSA-N')"
oxacillin,vancomycin,UWYHMGVUTGAWSP-JKIFEVAISA-N,MYPYJXKWCTUITO-LYRMYLQWSA-N,"('MYPYJXKWCTUITO-LYRMYLQWSA-N', 'UWYHMGVUTGAWSP-JKIFEVAISA-N')"
benzalkonium,vancomycin,VVZBFOKBSDGVGZ-UHFFFAOYSA-N,MYPYJXKWCTUITO-LYRMYLQWSA-N,"('MYPYJXKWCTUITO-LYRMYLQWSA-N', 'VVZBFOKBSDGVGZ-UHFFFAOYSA-N')"
cephalexin,vancomycin,ZAIPMKNFIOOWCQ-UEKVPHQBSA-N,MYPYJXKWCTUITO-LYRMYLQWSA-N,"('MYPYJXKWCTUITO-LYRMYLQWSA-N', 'ZAIPMKNFIOOWCQ-UEKVPHQBSA-N')"
ciprofloxacin,tobramycin,MYSWGUAQZAJSOK-UHFFFAOYSA-N,NLVFBUXFDBBNBW-PBSUHMDJSA-N,"('MYSWGUAQZAJSOK-UHFFFAOYSA-N', 'NLVFBUXFDBBNBW-PBSUHMDJSA-N')"
ciprofloxacin,nitrofurantoin,MYSWGUAQZAJSOK-UHFFFAOYSA-N,NXFQHRVNIOXGAQ-YCRREMRBSA-N,"('MYSWGUAQZAJSOK-UHFFFAOYSA-N', 'NXFQHRVNIOXGAQ-YCRREMRBSA-N')"
ciprofloxacin,ticagrelor,MYSWGUAQZAJSOK-UHFFFAOYSA-N,OEKWJQXRCDYSHL-FNOIDJSQSA-N,"('MYSWGUAQZAJSOK-UHFFFAOYSA-N', 'OEKWJQXRCDYSHL-FNOIDJSQSA-N')"
ciprofloxacin,lincomycin,MYSWGUAQZAJSOK-UHFFFAOYSA-N,OJMMVQQUTAEWLP-KIDUDLJLSA-N,"('MYSWGUAQZAJSOK-UHFFFAOYSA-N', 'OJMMVQQUTAEWLP-KIDUDLJLSA-N')"
ciprofloxacin,bleomycin,MYSWGUAQZAJSOK-UHFFFAOYSA-N,OYVAGSVQBOHSSS-WXFSZRTFSA-O,"('MYSWGUAQZAJSOK-UHFFFAOYSA-N', 'OYVAGSVQBOHSSS-WXFSZRTFSA-O')"
ciprofloxacin,puromycin,MYSWGUAQZAJSOK-UHFFFAOYSA-N,RXWNCPJZOCPEPQ-NVWDDTSBSA-N,"('MYSWGUAQZAJSOK-UHFFFAOYSA-N', 'RXWNCPJZOCPEPQ-NVWDDTSBSA-N')"
ciprofloxacin,caffeine,MYSWGUAQZAJSOK-UHFFFAOYSA-N,RYYVLZVUVIJVGH-UHFFFAOYSA-N,"('MYSWGUAQZAJSOK-UHFFFAOYSA-N', 'RYYVLZVUVIJVGH-UHFFFAOYSA-N')"
ciprofloxacin,linezolid,MYSWGUAQZAJSOK-UHFFFAOYSA-N,TYZROVQLWOKYKF-ZDUSSCGKSA-N,"('MYSWGUAQZAJSOK-UHFFFAOYSA-N', 'TYZROVQLWOKYKF-ZDUSSCGKSA-N')"
ciprofloxacin,erythromycin,MYSWGUAQZAJSOK-UHFFFAOYSA-N,ULGZDMOVFRHVEP-RWJQBGPGSA-N,"('MYSWGUAQZAJSOK-UHFFFAOYSA-N', 'ULGZDMOVFRHVEP-RWJQBGPGSA-N')"
ciprofloxacin,spectinomycin,MYSWGUAQZAJSOK-UHFFFAOYSA-N,UNFWWIHTNXNPBV-WXKVUWSESA-N,"('MYSWGUAQZAJSOK-UHFFFAOYSA-N', 'UNFWWIHTNXNPBV-WXKVUWSESA-N')"
ciprofloxacin,curcumin,MYSWGUAQZAJSOK-UHFFFAOYSA-N,VFLDPWHFBUODDF-FCXRPNKRSA-N,"('MYSWGUAQZAJSOK-UHFFFAOYSA-N', 'VFLDPWHFBUODDF-FCXRPNKRSA-N')"
ciprofloxacin,benzalkonium,MYSWGUAQZAJSOK-UHFFFAOYSA-N,VVZBFOKBSDGVGZ-UHFFFAOYSA-N,"('MYSWGUAQZAJSOK-UHFFFAOYSA-N', 'VVZBFOKBSDGVGZ-UHFFFAOYSA-N')"
ciprofloxacin,clofazimine,MYSWGUAQZAJSOK-UHFFFAOYSA-N,WDQPAMHFFCXSNU-UHFFFAOYSA-N,"('MYSWGUAQZAJSOK-UHFFFAOYSA-N', 'WDQPAMHFFCXSNU-UHFFFAOYSA-N')"
chloramphenicol,ciprofloxacin,WIIZWVCIJKGZOK-RKDXNWHRSA-N,MYSWGUAQZAJSOK-UHFFFAOYSA-N,"('MYSWGUAQZAJSOK-UHFFFAOYSA-N', 'WIIZWVCIJKGZOK-RKDXNWHRSA-N')"
ciprofloxacin,egcg,MYSWGUAQZAJSOK-UHFFFAOYSA-N,WMBWREPUVVBILR-WIYYLYMNSA-N,"('MYSWGUAQZAJSOK-UHFFFAOYSA-N', 'WMBWREPUVVBILR-WIYYLYMNSA-N')"
ciprofloxacin,polymyxin b,MYSWGUAQZAJSOK-UHFFFAOYSA-N,WQVJHHACXVLGBL-BPJDFBQWSA-N,"('MYSWGUAQZAJSOK-UHFFFAOYSA-N', 'WQVJHHACXVLGBL-BPJDFBQWSA-N')"
ciprofloxacin,minocycline,MYSWGUAQZAJSOK-UHFFFAOYSA-N,WTJXVDPDEQKTCV-VQAITOIOSA-N,"('MYSWGUAQZAJSOK-UHFFFAOYSA-N', 'WTJXVDPDEQKTCV-VQAITOIOSA-N')"
ciprofloxacin,triclosan,MYSWGUAQZAJSOK-UHFFFAOYSA-N,XEFQLINVKFYRCS-UHFFFAOYSA-N,"('MYSWGUAQZAJSOK-UHFFFAOYSA-N', 'XEFQLINVKFYRCS-UHFFFAOYSA-N')"
ciprofloxacin,tedizolid,MYSWGUAQZAJSOK-UHFFFAOYSA-N,XFALPSLJIHVRKE-GFCCVEGCSA-N,"('MYSWGUAQZAJSOK-UHFFFAOYSA-N', 'XFALPSLJIHVRKE-GFCCVEGCSA-N')"
ciprofloxacin,gefitinib,MYSWGUAQZAJSOK-UHFFFAOYSA-N,XGALLCVXEZPNRQ-UHFFFAOYSA-N,"('MYSWGUAQZAJSOK-UHFFFAOYSA-N', 'XGALLCVXEZPNRQ-UHFFFAOYSA-N')"
ciprofloxacin,metformin,MYSWGUAQZAJSOK-UHFFFAOYSA-N,XZWYZXLIPXDOLR-UHFFFAOYSA-N,"('MYSWGUAQZAJSOK-UHFFFAOYSA-N', 'XZWYZXLIPXDOLR-UHFFFAOYSA-N')"
ciprofloxacin,berberine,MYSWGUAQZAJSOK-UHFFFAOYSA-N,YBHILYKTIRIUTE-UHFFFAOYSA-N,"('MYSWGUAQZAJSOK-UHFFFAOYSA-N', 'YBHILYKTIRIUTE-UHFFFAOYSA-N')"
ciprofloxacin,tolfenamic,MYSWGUAQZAJSOK-UHFFFAOYSA-N,YEZNLOUZAIOMLT-UHFFFAOYSA-N,"('MYSWGUAQZAJSOK-UHFFFAOYSA-N', 'YEZNLOUZAIOMLT-UHFFFAOYSA-N')"
ciprofloxacin,novobiocin,MYSWGUAQZAJSOK-UHFFFAOYSA-N,YJQPYGGHQPGBLI-KGSXXDOSSA-N,"('MYSWGUAQZAJSOK-UHFFFAOYSA-N', 'YJQPYGGHQPGBLI-KGSXXDOSSA-N')"
ciprofloxacin,colistin,MYSWGUAQZAJSOK-UHFFFAOYSA-N,YKQOSKADJPQZHB-RGYSVOEGSA-N,"('MYSWGUAQZAJSOK-UHFFFAOYSA-N', 'YKQOSKADJPQZHB-RGYSVOEGSA-N')"
ciprofloxacin,fosfomycin,MYSWGUAQZAJSOK-UHFFFAOYSA-N,YMDXZJFXQJVXBF-STHAYSLISA-N,"('MYSWGUAQZAJSOK-UHFFFAOYSA-N', 'YMDXZJFXQJVXBF-STHAYSLISA-N')"
ciprofloxacin,pyocyanin,MYSWGUAQZAJSOK-UHFFFAOYSA-N,YNCMLFHHXWETLD-UHFFFAOYSA-N,"('MYSWGUAQZAJSOK-UHFFFAOYSA-N', 'YNCMLFHHXWETLD-UHFFFAOYSA-N')"
ciprofloxacin,cephalexin,MYSWGUAQZAJSOK-UHFFFAOYSA-N,ZAIPMKNFIOOWCQ-UEKVPHQBSA-N,"('MYSWGUAQZAJSOK-UHFFFAOYSA-N', 'ZAIPMKNFIOOWCQ-UEKVPHQBSA-N')"
ciprofloxacin,streptozotocin,MYSWGUAQZAJSOK-UHFFFAOYSA-N,ZSJLQEPLLKMAKR-GKHCUFPYSA-N,"('MYSWGUAQZAJSOK-UHFFFAOYSA-N', 'ZSJLQEPLLKMAKR-GKHCUFPYSA-N')"
streptomycin,tamoxifene,UCSJYZPVAKXKNQ-HZYVHMACSA-N,NKANXQFJJICGDU-QPLCGJKRSA-N,"('NKANXQFJJICGDU-QPLCGJKRSA-N', 'UCSJYZPVAKXKNQ-HZYVHMACSA-N')"
nitrofurantoin,tobramycin,NXFQHRVNIOXGAQ-YCRREMRBSA-N,NLVFBUXFDBBNBW-PBSUHMDJSA-N,"('NLVFBUXFDBBNBW-PBSUHMDJSA-N', 'NXFQHRVNIOXGAQ-YCRREMRBSA-N')"
cefaclor,tobramycin,QYIYFLOTGYLRGG-GPCCPHFNSA-N,NLVFBUXFDBBNBW-PBSUHMDJSA-N,"('NLVFBUXFDBBNBW-PBSUHMDJSA-N', 'QYIYFLOTGYLRGG-GPCCPHFNSA-N')"
tobramycin,puromycin,NLVFBUXFDBBNBW-PBSUHMDJSA-N,RXWNCPJZOCPEPQ-NVWDDTSBSA-N,"('NLVFBUXFDBBNBW-PBSUHMDJSA-N', 'RXWNCPJZOCPEPQ-NVWDDTSBSA-N')"
cefsulodin,tobramycin,SYLKGLMBLAAGSC-QLVMHMETSA-N,NLVFBUXFDBBNBW-PBSUHMDJSA-N,"('NLVFBUXFDBBNBW-PBSUHMDJSA-N', 'SYLKGLMBLAAGSC-QLVMHMETSA-N')"
erythromycin,tobramycin,ULGZDMOVFRHVEP-RWJQBGPGSA-N,NLVFBUXFDBBNBW-PBSUHMDJSA-N,"('NLVFBUXFDBBNBW-PBSUHMDJSA-N', 'ULGZDMOVFRHVEP-RWJQBGPGSA-N')"
oxacillin,tobramycin,UWYHMGVUTGAWSP-JKIFEVAISA-N,NLVFBUXFDBBNBW-PBSUHMDJSA-N,"('NLVFBUXFDBBNBW-PBSUHMDJSA-N', 'UWYHMGVUTGAWSP-JKIFEVAISA-N')"
tobramycin,metronidazole,NLVFBUXFDBBNBW-PBSUHMDJSA-N,VAOCPAMSLUNLGC-UHFFFAOYSA-N,"('NLVFBUXFDBBNBW-PBSUHMDJSA-N', 'VAOCPAMSLUNLGC-UHFFFAOYSA-N')"
benzalkonium,tobramycin,VVZBFOKBSDGVGZ-UHFFFAOYSA-N,NLVFBUXFDBBNBW-PBSUHMDJSA-N,"('NLVFBUXFDBBNBW-PBSUHMDJSA-N', 'VVZBFOKBSDGVGZ-UHFFFAOYSA-N')"
chloramphenicol,tobramycin,WIIZWVCIJKGZOK-RKDXNWHRSA-N,NLVFBUXFDBBNBW-PBSUHMDJSA-N,"('NLVFBUXFDBBNBW-PBSUHMDJSA-N', 'WIIZWVCIJKGZOK-RKDXNWHRSA-N')"
minocycline,tobramycin,WTJXVDPDEQKTCV-VQAITOIOSA-N,NLVFBUXFDBBNBW-PBSUHMDJSA-N,"('NLVFBUXFDBBNBW-PBSUHMDJSA-N', 'WTJXVDPDEQKTCV-VQAITOIOSA-N')"
tobramycin,aztreonam,NLVFBUXFDBBNBW-PBSUHMDJSA-N,WZPBZJONDBGPKJ-VEHQQRBSSA-N,"('NLVFBUXFDBBNBW-PBSUHMDJSA-N', 'WZPBZJONDBGPKJ-VEHQQRBSSA-N')"
tobramycin,metformin,NLVFBUXFDBBNBW-PBSUHMDJSA-N,XZWYZXLIPXDOLR-UHFFFAOYSA-N,"('NLVFBUXFDBBNBW-PBSUHMDJSA-N', 'XZWYZXLIPXDOLR-UHFFFAOYSA-N')"
novobiocin,tobramycin,YJQPYGGHQPGBLI-KGSXXDOSSA-N,NLVFBUXFDBBNBW-PBSUHMDJSA-N,"('NLVFBUXFDBBNBW-PBSUHMDJSA-N', 'YJQPYGGHQPGBLI-KGSXXDOSSA-N')"
fosfomycin,tobramycin,YMDXZJFXQJVXBF-STHAYSLISA-N,NLVFBUXFDBBNBW-PBSUHMDJSA-N,"('NLVFBUXFDBBNBW-PBSUHMDJSA-N', 'YMDXZJFXQJVXBF-STHAYSLISA-N')"
tobramycin,pyocyanin,NLVFBUXFDBBNBW-PBSUHMDJSA-N,YNCMLFHHXWETLD-UHFFFAOYSA-N,"('NLVFBUXFDBBNBW-PBSUHMDJSA-N', 'YNCMLFHHXWETLD-UHFFFAOYSA-N')"
nitrofurantoin,mitomycin c,NXFQHRVNIOXGAQ-YCRREMRBSA-N,NWIBSHFKIJFRCO-WUDYKRTCSA-N,"('NWIBSHFKIJFRCO-WUDYKRTCSA-N', 'NXFQHRVNIOXGAQ-YCRREMRBSA-N')"
mitomycin c,ticagrelor,NWIBSHFKIJFRCO-WUDYKRTCSA-N,OEKWJQXRCDYSHL-FNOIDJSQSA-N,"('NWIBSHFKIJFRCO-WUDYKRTCSA-N', 'OEKWJQXRCDYSHL-FNOIDJSQSA-N')"
lincomycin,mitomycin c,OJMMVQQUTAEWLP-KIDUDLJLSA-N,NWIBSHFKIJFRCO-WUDYKRTCSA-N,"('NWIBSHFKIJFRCO-WUDYKRTCSA-N', 'OJMMVQQUTAEWLP-KIDUDLJLSA-N')"
bleomycin,mitomycin c,OYVAGSVQBOHSSS-WXFSZRTFSA-O,NWIBSHFKIJFRCO-WUDYKRTCSA-N,"('NWIBSHFKIJFRCO-WUDYKRTCSA-N', 'OYVAGSVQBOHSSS-WXFSZRTFSA-O')"
hexestrol,mitomycin c,PBBGSZCBWVPOOL-HDICACEKSA-N,NWIBSHFKIJFRCO-WUDYKRTCSA-N,"('NWIBSHFKIJFRCO-WUDYKRTCSA-N', 'PBBGSZCBWVPOOL-HDICACEKSA-N')"
cefaclor,mitomycin c,QYIYFLOTGYLRGG-GPCCPHFNSA-N,NWIBSHFKIJFRCO-WUDYKRTCSA-N,"('NWIBSHFKIJFRCO-WUDYKRTCSA-N', 'QYIYFLOTGYLRGG-GPCCPHFNSA-N')"
nonactin,mitomycin c,RMIXHJPMNBXMBU-QIIXEHPYSA-N,NWIBSHFKIJFRCO-WUDYKRTCSA-N,"('NWIBSHFKIJFRCO-WUDYKRTCSA-N', 'RMIXHJPMNBXMBU-QIIXEHPYSA-N')"
puromycin,mitomycin c,RXWNCPJZOCPEPQ-NVWDDTSBSA-N,NWIBSHFKIJFRCO-WUDYKRTCSA-N,"('NWIBSHFKIJFRCO-WUDYKRTCSA-N', 'RXWNCPJZOCPEPQ-NVWDDTSBSA-N')"
caffeine,mitomycin c,RYYVLZVUVIJVGH-UHFFFAOYSA-N,NWIBSHFKIJFRCO-WUDYKRTCSA-N,"('NWIBSHFKIJFRCO-WUDYKRTCSA-N', 'RYYVLZVUVIJVGH-UHFFFAOYSA-N')"
cefsulodin,mitomycin c,SYLKGLMBLAAGSC-QLVMHMETSA-N,NWIBSHFKIJFRCO-WUDYKRTCSA-N,"('NWIBSHFKIJFRCO-WUDYKRTCSA-N', 'SYLKGLMBLAAGSC-QLVMHMETSA-N')"
linezolid,mitomycin c,TYZROVQLWOKYKF-ZDUSSCGKSA-N,NWIBSHFKIJFRCO-WUDYKRTCSA-N,"('NWIBSHFKIJFRCO-WUDYKRTCSA-N', 'TYZROVQLWOKYKF-ZDUSSCGKSA-N')"
mitomycin c,streptomycin,NWIBSHFKIJFRCO-WUDYKRTCSA-N,UCSJYZPVAKXKNQ-HZYVHMACSA-N,"('NWIBSHFKIJFRCO-WUDYKRTCSA-N', 'UCSJYZPVAKXKNQ-HZYVHMACSA-N')"
cccp,mitomycin c,UGTJLJZQQFGTJD-UHFFFAOYSA-N,NWIBSHFKIJFRCO-WUDYKRTCSA-N,"('NWIBSHFKIJFRCO-WUDYKRTCSA-N', 'UGTJLJZQQFGTJD-UHFFFAOYSA-N')"
erythromycin,mitomycin c,ULGZDMOVFRHVEP-RWJQBGPGSA-N,NWIBSHFKIJFRCO-WUDYKRTCSA-N,"('NWIBSHFKIJFRCO-WUDYKRTCSA-N', 'ULGZDMOVFRHVEP-RWJQBGPGSA-N')"
mitomycin c,spectinomycin,NWIBSHFKIJFRCO-WUDYKRTCSA-N,UNFWWIHTNXNPBV-WXKVUWSESA-N,"('NWIBSHFKIJFRCO-WUDYKRTCSA-N', 'UNFWWIHTNXNPBV-WXKVUWSESA-N')"
oxacillin,mitomycin c,UWYHMGVUTGAWSP-JKIFEVAISA-N,NWIBSHFKIJFRCO-WUDYKRTCSA-N,"('NWIBSHFKIJFRCO-WUDYKRTCSA-N', 'UWYHMGVUTGAWSP-JKIFEVAISA-N')"
metronidazole,mitomycin c,VAOCPAMSLUNLGC-UHFFFAOYSA-N,NWIBSHFKIJFRCO-WUDYKRTCSA-N,"('NWIBSHFKIJFRCO-WUDYKRTCSA-N', 'VAOCPAMSLUNLGC-UHFFFAOYSA-N')"
mitomycin c,curcumin,NWIBSHFKIJFRCO-WUDYKRTCSA-N,VFLDPWHFBUODDF-FCXRPNKRSA-N,"('NWIBSHFKIJFRCO-WUDYKRTCSA-N', 'VFLDPWHFBUODDF-FCXRPNKRSA-N')"
estradiol,mitomycin c,VOXZDWNPVJITMN-ZBRFXRBCSA-N,NWIBSHFKIJFRCO-WUDYKRTCSA-N,"('NWIBSHFKIJFRCO-WUDYKRTCSA-N', 'VOXZDWNPVJITMN-ZBRFXRBCSA-N')"
benzalkonium,mitomycin c,VVZBFOKBSDGVGZ-UHFFFAOYSA-N,NWIBSHFKIJFRCO-WUDYKRTCSA-N,"('NWIBSHFKIJFRCO-WUDYKRTCSA-N', 'VVZBFOKBSDGVGZ-UHFFFAOYSA-N')"
clofazimine,mitomycin c,WDQPAMHFFCXSNU-UHFFFAOYSA-N,NWIBSHFKIJFRCO-WUDYKRTCSA-N,"('NWIBSHFKIJFRCO-WUDYKRTCSA-N', 'WDQPAMHFFCXSNU-UHFFFAOYSA-N')"
chloramphenicol,mitomycin c,WIIZWVCIJKGZOK-RKDXNWHRSA-N,NWIBSHFKIJFRCO-WUDYKRTCSA-N,"('NWIBSHFKIJFRCO-WUDYKRTCSA-N', 'WIIZWVCIJKGZOK-RKDXNWHRSA-N')"
egcg,mitomycin c,WMBWREPUVVBILR-WIYYLYMNSA-N,NWIBSHFKIJFRCO-WUDYKRTCSA-N,"('NWIBSHFKIJFRCO-WUDYKRTCSA-N', 'WMBWREPUVVBILR-WIYYLYMNSA-N')"
sulfamonomethoxine,mitomycin c,WMPXPUYPYQKQCX-UHFFFAOYSA-N,NWIBSHFKIJFRCO-WUDYKRTCSA-N,"('NWIBSHFKIJFRCO-WUDYKRTCSA-N', 'WMPXPUYPYQKQCX-UHFFFAOYSA-N')"
minocycline,mitomycin c,WTJXVDPDEQKTCV-VQAITOIOSA-N,NWIBSHFKIJFRCO-WUDYKRTCSA-N,"('NWIBSHFKIJFRCO-WUDYKRTCSA-N', 'WTJXVDPDEQKTCV-VQAITOIOSA-N')"
aztreonam,mitomycin c,WZPBZJONDBGPKJ-VEHQQRBSSA-N,NWIBSHFKIJFRCO-WUDYKRTCSA-N,"('NWIBSHFKIJFRCO-WUDYKRTCSA-N', 'WZPBZJONDBGPKJ-VEHQQRBSSA-N')"
mitomycin c,tedizolid,NWIBSHFKIJFRCO-WUDYKRTCSA-N,XFALPSLJIHVRKE-GFCCVEGCSA-N,"('NWIBSHFKIJFRCO-WUDYKRTCSA-N', 'XFALPSLJIHVRKE-GFCCVEGCSA-N')"
mitomycin c,berberine,NWIBSHFKIJFRCO-WUDYKRTCSA-N,YBHILYKTIRIUTE-UHFFFAOYSA-N,"('NWIBSHFKIJFRCO-WUDYKRTCSA-N', 'YBHILYKTIRIUTE-UHFFFAOYSA-N')"
mitomycin c,tolfenamic,NWIBSHFKIJFRCO-WUDYKRTCSA-N,YEZNLOUZAIOMLT-UHFFFAOYSA-N,"('NWIBSHFKIJFRCO-WUDYKRTCSA-N', 'YEZNLOUZAIOMLT-UHFFFAOYSA-N')"
mitomycin c,novobiocin,NWIBSHFKIJFRCO-WUDYKRTCSA-N,YJQPYGGHQPGBLI-KGSXXDOSSA-N,"('NWIBSHFKIJFRCO-WUDYKRTCSA-N', 'YJQPYGGHQPGBLI-KGSXXDOSSA-N')"
mitomycin c,colistin,NWIBSHFKIJFRCO-WUDYKRTCSA-N,YKQOSKADJPQZHB-RGYSVOEGSA-N,"('NWIBSHFKIJFRCO-WUDYKRTCSA-N', 'YKQOSKADJPQZHB-RGYSVOEGSA-N')"
fosfomycin,mitomycin c,YMDXZJFXQJVXBF-STHAYSLISA-N,NWIBSHFKIJFRCO-WUDYKRTCSA-N,"('NWIBSHFKIJFRCO-WUDYKRTCSA-N', 'YMDXZJFXQJVXBF-STHAYSLISA-N')"
pyocyanin,mitomycin c,YNCMLFHHXWETLD-UHFFFAOYSA-N,NWIBSHFKIJFRCO-WUDYKRTCSA-N,"('NWIBSHFKIJFRCO-WUDYKRTCSA-N', 'YNCMLFHHXWETLD-UHFFFAOYSA-N')"
cephalexin,mitomycin c,ZAIPMKNFIOOWCQ-UEKVPHQBSA-N,NWIBSHFKIJFRCO-WUDYKRTCSA-N,"('NWIBSHFKIJFRCO-WUDYKRTCSA-N', 'ZAIPMKNFIOOWCQ-UEKVPHQBSA-N')"
imipenem,mitomycin c,ZSKVGTPCRGIANV-ZXFLCMHBSA-N,NWIBSHFKIJFRCO-WUDYKRTCSA-N,"('NWIBSHFKIJFRCO-WUDYKRTCSA-N', 'ZSKVGTPCRGIANV-ZXFLCMHBSA-N')"
nitrofurantoin,ticagrelor,NXFQHRVNIOXGAQ-YCRREMRBSA-N,OEKWJQXRCDYSHL-FNOIDJSQSA-N,"('NXFQHRVNIOXGAQ-YCRREMRBSA-N', 'OEKWJQXRCDYSHL-FNOIDJSQSA-N')"
lincomycin,nitrofurantoin,OJMMVQQUTAEWLP-KIDUDLJLSA-N,NXFQHRVNIOXGAQ-YCRREMRBSA-N,"('NXFQHRVNIOXGAQ-YCRREMRBSA-N', 'OJMMVQQUTAEWLP-KIDUDLJLSA-N')"
nitrofurantoin,bleomycin,NXFQHRVNIOXGAQ-YCRREMRBSA-N,OYVAGSVQBOHSSS-WXFSZRTFSA-O,"('NXFQHRVNIOXGAQ-YCRREMRBSA-N', 'OYVAGSVQBOHSSS-WXFSZRTFSA-O')"
linezolid,nitrofurantoin,TYZROVQLWOKYKF-ZDUSSCGKSA-N,NXFQHRVNIOXGAQ-YCRREMRBSA-N,"('NXFQHRVNIOXGAQ-YCRREMRBSA-N', 'TYZROVQLWOKYKF-ZDUSSCGKSA-N')"
erythromycin,nitrofurantoin,ULGZDMOVFRHVEP-RWJQBGPGSA-N,NXFQHRVNIOXGAQ-YCRREMRBSA-N,"('NXFQHRVNIOXGAQ-YCRREMRBSA-N', 'ULGZDMOVFRHVEP-RWJQBGPGSA-N')"
spectinomycin,nitrofurantoin,UNFWWIHTNXNPBV-WXKVUWSESA-N,NXFQHRVNIOXGAQ-YCRREMRBSA-N,"('NXFQHRVNIOXGAQ-YCRREMRBSA-N', 'UNFWWIHTNXNPBV-WXKVUWSESA-N')"
nitrofurantoin,oxacillin,NXFQHRVNIOXGAQ-YCRREMRBSA-N,UWYHMGVUTGAWSP-JKIFEVAISA-N,"('NXFQHRVNIOXGAQ-YCRREMRBSA-N', 'UWYHMGVUTGAWSP-JKIFEVAISA-N')"
nitrofurantoin,oritavancin,NXFQHRVNIOXGAQ-YCRREMRBSA-N,VHFGEBVPHAGQPI-LXKZPTCJSA-N,"('NXFQHRVNIOXGAQ-YCRREMRBSA-N', 'VHFGEBVPHAGQPI-LXKZPTCJSA-N')"
chloramphenicol,nitrofurantoin,WIIZWVCIJKGZOK-RKDXNWHRSA-N,NXFQHRVNIOXGAQ-YCRREMRBSA-N,"('NXFQHRVNIOXGAQ-YCRREMRBSA-N', 'WIIZWVCIJKGZOK-RKDXNWHRSA-N')"
polymyxin b,nitrofurantoin,WQVJHHACXVLGBL-BPJDFBQWSA-N,NXFQHRVNIOXGAQ-YCRREMRBSA-N,"('NXFQHRVNIOXGAQ-YCRREMRBSA-N', 'WQVJHHACXVLGBL-BPJDFBQWSA-N')"
nitrofurantoin,minocycline,NXFQHRVNIOXGAQ-YCRREMRBSA-N,WTJXVDPDEQKTCV-VQAITOIOSA-N,"('NXFQHRVNIOXGAQ-YCRREMRBSA-N', 'WTJXVDPDEQKTCV-VQAITOIOSA-N')"
nitrofurantoin,aztreonam,NXFQHRVNIOXGAQ-YCRREMRBSA-N,WZPBZJONDBGPKJ-VEHQQRBSSA-N,"('NXFQHRVNIOXGAQ-YCRREMRBSA-N', 'WZPBZJONDBGPKJ-VEHQQRBSSA-N')"
nitrofurantoin,tedizolid,NXFQHRVNIOXGAQ-YCRREMRBSA-N,XFALPSLJIHVRKE-GFCCVEGCSA-N,"('NXFQHRVNIOXGAQ-YCRREMRBSA-N', 'XFALPSLJIHVRKE-GFCCVEGCSA-N')"
nitrofurantoin,metformin,NXFQHRVNIOXGAQ-YCRREMRBSA-N,XZWYZXLIPXDOLR-UHFFFAOYSA-N,"('NXFQHRVNIOXGAQ-YCRREMRBSA-N', 'XZWYZXLIPXDOLR-UHFFFAOYSA-N')"
nitrofurantoin,berberine,NXFQHRVNIOXGAQ-YCRREMRBSA-N,YBHILYKTIRIUTE-UHFFFAOYSA-N,"('NXFQHRVNIOXGAQ-YCRREMRBSA-N', 'YBHILYKTIRIUTE-UHFFFAOYSA-N')"
novobiocin,nitrofurantoin,YJQPYGGHQPGBLI-KGSXXDOSSA-N,NXFQHRVNIOXGAQ-YCRREMRBSA-N,"('NXFQHRVNIOXGAQ-YCRREMRBSA-N', 'YJQPYGGHQPGBLI-KGSXXDOSSA-N')"
fosfomycin,nitrofurantoin,YMDXZJFXQJVXBF-STHAYSLISA-N,NXFQHRVNIOXGAQ-YCRREMRBSA-N,"('NXFQHRVNIOXGAQ-YCRREMRBSA-N', 'YMDXZJFXQJVXBF-STHAYSLISA-N')"
nitrofurantoin,pyocyanin,NXFQHRVNIOXGAQ-YCRREMRBSA-N,YNCMLFHHXWETLD-UHFFFAOYSA-N,"('NXFQHRVNIOXGAQ-YCRREMRBSA-N', 'YNCMLFHHXWETLD-UHFFFAOYSA-N')"
cephalexin,nitrofurantoin,ZAIPMKNFIOOWCQ-UEKVPHQBSA-N,NXFQHRVNIOXGAQ-YCRREMRBSA-N,"('NXFQHRVNIOXGAQ-YCRREMRBSA-N', 'ZAIPMKNFIOOWCQ-UEKVPHQBSA-N')"
nitrofurantoin,streptozotocin,NXFQHRVNIOXGAQ-YCRREMRBSA-N,ZSJLQEPLLKMAKR-GKHCUFPYSA-N,"('NXFQHRVNIOXGAQ-YCRREMRBSA-N', 'ZSJLQEPLLKMAKR-GKHCUFPYSA-N')"
nitrofurantoin,imipenem,NXFQHRVNIOXGAQ-YCRREMRBSA-N,ZSKVGTPCRGIANV-ZXFLCMHBSA-N,"('NXFQHRVNIOXGAQ-YCRREMRBSA-N', 'ZSKVGTPCRGIANV-ZXFLCMHBSA-N')"
lincomycin,ticagrelor,OJMMVQQUTAEWLP-KIDUDLJLSA-N,OEKWJQXRCDYSHL-FNOIDJSQSA-N,"('OEKWJQXRCDYSHL-FNOIDJSQSA-N', 'OJMMVQQUTAEWLP-KIDUDLJLSA-N')"
streptomycin,ticagrelor,UCSJYZPVAKXKNQ-HZYVHMACSA-N,OEKWJQXRCDYSHL-FNOIDJSQSA-N,"('OEKWJQXRCDYSHL-FNOIDJSQSA-N', 'UCSJYZPVAKXKNQ-HZYVHMACSA-N')"
oxacillin,ticagrelor,UWYHMGVUTGAWSP-JKIFEVAISA-N,OEKWJQXRCDYSHL-FNOIDJSQSA-N,"('OEKWJQXRCDYSHL-FNOIDJSQSA-N', 'UWYHMGVUTGAWSP-JKIFEVAISA-N')"
metronidazole,ticagrelor,VAOCPAMSLUNLGC-UHFFFAOYSA-N,OEKWJQXRCDYSHL-FNOIDJSQSA-N,"('OEKWJQXRCDYSHL-FNOIDJSQSA-N', 'VAOCPAMSLUNLGC-UHFFFAOYSA-N')"
benzalkonium,ticagrelor,VVZBFOKBSDGVGZ-UHFFFAOYSA-N,OEKWJQXRCDYSHL-FNOIDJSQSA-N,"('OEKWJQXRCDYSHL-FNOIDJSQSA-N', 'VVZBFOKBSDGVGZ-UHFFFAOYSA-N')"
chloramphenicol,ticagrelor,WIIZWVCIJKGZOK-RKDXNWHRSA-N,OEKWJQXRCDYSHL-FNOIDJSQSA-N,"('OEKWJQXRCDYSHL-FNOIDJSQSA-N', 'WIIZWVCIJKGZOK-RKDXNWHRSA-N')"
ticagrelor,triclosan,OEKWJQXRCDYSHL-FNOIDJSQSA-N,XEFQLINVKFYRCS-UHFFFAOYSA-N,"('OEKWJQXRCDYSHL-FNOIDJSQSA-N', 'XEFQLINVKFYRCS-UHFFFAOYSA-N')"
novobiocin,ticagrelor,YJQPYGGHQPGBLI-KGSXXDOSSA-N,OEKWJQXRCDYSHL-FNOIDJSQSA-N,"('OEKWJQXRCDYSHL-FNOIDJSQSA-N', 'YJQPYGGHQPGBLI-KGSXXDOSSA-N')"
streptozotocin,ticagrelor,ZSJLQEPLLKMAKR-GKHCUFPYSA-N,OEKWJQXRCDYSHL-FNOIDJSQSA-N,"('OEKWJQXRCDYSHL-FNOIDJSQSA-N', 'ZSJLQEPLLKMAKR-GKHCUFPYSA-N')"
caffeine,lincomycin,RYYVLZVUVIJVGH-UHFFFAOYSA-N,OJMMVQQUTAEWLP-KIDUDLJLSA-N,"('OJMMVQQUTAEWLP-KIDUDLJLSA-N', 'RYYVLZVUVIJVGH-UHFFFAOYSA-N')"
celecoxib,lincomycin,RZEKVGVHFLEQIL-UHFFFAOYSA-N,OJMMVQQUTAEWLP-KIDUDLJLSA-N,"('OJMMVQQUTAEWLP-KIDUDLJLSA-N', 'RZEKVGVHFLEQIL-UHFFFAOYSA-N')"
lincomycin,linezolid,OJMMVQQUTAEWLP-KIDUDLJLSA-N,TYZROVQLWOKYKF-ZDUSSCGKSA-N,"('OJMMVQQUTAEWLP-KIDUDLJLSA-N', 'TYZROVQLWOKYKF-ZDUSSCGKSA-N')"
lincomycin,streptomycin,OJMMVQQUTAEWLP-KIDUDLJLSA-N,UCSJYZPVAKXKNQ-HZYVHMACSA-N,"('OJMMVQQUTAEWLP-KIDUDLJLSA-N', 'UCSJYZPVAKXKNQ-HZYVHMACSA-N')"
cccp,lincomycin,UGTJLJZQQFGTJD-UHFFFAOYSA-N,OJMMVQQUTAEWLP-KIDUDLJLSA-N,"('OJMMVQQUTAEWLP-KIDUDLJLSA-N', 'UGTJLJZQQFGTJD-UHFFFAOYSA-N')"
erythromycin,lincomycin,ULGZDMOVFRHVEP-RWJQBGPGSA-N,OJMMVQQUTAEWLP-KIDUDLJLSA-N,"('OJMMVQQUTAEWLP-KIDUDLJLSA-N', 'ULGZDMOVFRHVEP-RWJQBGPGSA-N')"
lincomycin,spectinomycin,OJMMVQQUTAEWLP-KIDUDLJLSA-N,UNFWWIHTNXNPBV-WXKVUWSESA-N,"('OJMMVQQUTAEWLP-KIDUDLJLSA-N', 'UNFWWIHTNXNPBV-WXKVUWSESA-N')"
lincomycin,oxacillin,OJMMVQQUTAEWLP-KIDUDLJLSA-N,UWYHMGVUTGAWSP-JKIFEVAISA-N,"('OJMMVQQUTAEWLP-KIDUDLJLSA-N', 'UWYHMGVUTGAWSP-JKIFEVAISA-N')"
lincomycin,metronidazole,OJMMVQQUTAEWLP-KIDUDLJLSA-N,VAOCPAMSLUNLGC-UHFFFAOYSA-N,"('OJMMVQQUTAEWLP-KIDUDLJLSA-N', 'VAOCPAMSLUNLGC-UHFFFAOYSA-N')"
benzalkonium,lincomycin,VVZBFOKBSDGVGZ-UHFFFAOYSA-N,OJMMVQQUTAEWLP-KIDUDLJLSA-N,"('OJMMVQQUTAEWLP-KIDUDLJLSA-N', 'VVZBFOKBSDGVGZ-UHFFFAOYSA-N')"
chloramphenicol,lincomycin,WIIZWVCIJKGZOK-RKDXNWHRSA-N,OJMMVQQUTAEWLP-KIDUDLJLSA-N,"('OJMMVQQUTAEWLP-KIDUDLJLSA-N', 'WIIZWVCIJKGZOK-RKDXNWHRSA-N')"
lincomycin,triclosan,OJMMVQQUTAEWLP-KIDUDLJLSA-N,XEFQLINVKFYRCS-UHFFFAOYSA-N,"('OJMMVQQUTAEWLP-KIDUDLJLSA-N', 'XEFQLINVKFYRCS-UHFFFAOYSA-N')"
lincomycin,tedizolid,OJMMVQQUTAEWLP-KIDUDLJLSA-N,XFALPSLJIHVRKE-GFCCVEGCSA-N,"('OJMMVQQUTAEWLP-KIDUDLJLSA-N', 'XFALPSLJIHVRKE-GFCCVEGCSA-N')"
lincomycin,metformin,OJMMVQQUTAEWLP-KIDUDLJLSA-N,XZWYZXLIPXDOLR-UHFFFAOYSA-N,"('OJMMVQQUTAEWLP-KIDUDLJLSA-N', 'XZWYZXLIPXDOLR-UHFFFAOYSA-N')"
lincomycin,tolfenamic,OJMMVQQUTAEWLP-KIDUDLJLSA-N,YEZNLOUZAIOMLT-UHFFFAOYSA-N,"('OJMMVQQUTAEWLP-KIDUDLJLSA-N', 'YEZNLOUZAIOMLT-UHFFFAOYSA-N')"
lincomycin,novobiocin,OJMMVQQUTAEWLP-KIDUDLJLSA-N,YJQPYGGHQPGBLI-KGSXXDOSSA-N,"('OJMMVQQUTAEWLP-KIDUDLJLSA-N', 'YJQPYGGHQPGBLI-KGSXXDOSSA-N')"
fosfomycin,lincomycin,YMDXZJFXQJVXBF-STHAYSLISA-N,OJMMVQQUTAEWLP-KIDUDLJLSA-N,"('OJMMVQQUTAEWLP-KIDUDLJLSA-N', 'YMDXZJFXQJVXBF-STHAYSLISA-N')"
lincomycin,pyocyanin,OJMMVQQUTAEWLP-KIDUDLJLSA-N,YNCMLFHHXWETLD-UHFFFAOYSA-N,"('OJMMVQQUTAEWLP-KIDUDLJLSA-N', 'YNCMLFHHXWETLD-UHFFFAOYSA-N')"
cephalexin,lincomycin,ZAIPMKNFIOOWCQ-UEKVPHQBSA-N,OJMMVQQUTAEWLP-KIDUDLJLSA-N,"('OJMMVQQUTAEWLP-KIDUDLJLSA-N', 'ZAIPMKNFIOOWCQ-UEKVPHQBSA-N')"
chlorpromazine,lincomycin,ZPEIMTDSQAKGNT-UHFFFAOYSA-N,OJMMVQQUTAEWLP-KIDUDLJLSA-N,"('OJMMVQQUTAEWLP-KIDUDLJLSA-N', 'ZPEIMTDSQAKGNT-UHFFFAOYSA-N')"
lincomycin,streptozotocin,OJMMVQQUTAEWLP-KIDUDLJLSA-N,ZSJLQEPLLKMAKR-GKHCUFPYSA-N,"('OJMMVQQUTAEWLP-KIDUDLJLSA-N', 'ZSJLQEPLLKMAKR-GKHCUFPYSA-N')"
imipenem,lincomycin,ZSKVGTPCRGIANV-ZXFLCMHBSA-N,OJMMVQQUTAEWLP-KIDUDLJLSA-N,"('OJMMVQQUTAEWLP-KIDUDLJLSA-N', 'ZSKVGTPCRGIANV-ZXFLCMHBSA-N')"
cefaclor,bleomycin,QYIYFLOTGYLRGG-GPCCPHFNSA-N,OYVAGSVQBOHSSS-WXFSZRTFSA-O,"('OYVAGSVQBOHSSS-WXFSZRTFSA-O', 'QYIYFLOTGYLRGG-GPCCPHFNSA-N')"
erythromycin,bleomycin,ULGZDMOVFRHVEP-RWJQBGPGSA-N,OYVAGSVQBOHSSS-WXFSZRTFSA-O,"('OYVAGSVQBOHSSS-WXFSZRTFSA-O', 'ULGZDMOVFRHVEP-RWJQBGPGSA-N')"
spectinomycin,bleomycin,UNFWWIHTNXNPBV-WXKVUWSESA-N,OYVAGSVQBOHSSS-WXFSZRTFSA-O,"('OYVAGSVQBOHSSS-WXFSZRTFSA-O', 'UNFWWIHTNXNPBV-WXKVUWSESA-N')"
sulfamonomethoxine,bleomycin,WMPXPUYPYQKQCX-UHFFFAOYSA-N,OYVAGSVQBOHSSS-WXFSZRTFSA-O,"('OYVAGSVQBOHSSS-WXFSZRTFSA-O', 'WMPXPUYPYQKQCX-UHFFFAOYSA-N')"
aztreonam,bleomycin,WZPBZJONDBGPKJ-VEHQQRBSSA-N,OYVAGSVQBOHSSS-WXFSZRTFSA-O,"('OYVAGSVQBOHSSS-WXFSZRTFSA-O', 'WZPBZJONDBGPKJ-VEHQQRBSSA-N')"
bleomycin,metformin,OYVAGSVQBOHSSS-WXFSZRTFSA-O,XZWYZXLIPXDOLR-UHFFFAOYSA-N,"('OYVAGSVQBOHSSS-WXFSZRTFSA-O', 'XZWYZXLIPXDOLR-UHFFFAOYSA-N')"
novobiocin,bleomycin,YJQPYGGHQPGBLI-KGSXXDOSSA-N,OYVAGSVQBOHSSS-WXFSZRTFSA-O,"('OYVAGSVQBOHSSS-WXFSZRTFSA-O', 'YJQPYGGHQPGBLI-KGSXXDOSSA-N')"
bleomycin,colistin,OYVAGSVQBOHSSS-WXFSZRTFSA-O,YKQOSKADJPQZHB-RGYSVOEGSA-N,"('OYVAGSVQBOHSSS-WXFSZRTFSA-O', 'YKQOSKADJPQZHB-RGYSVOEGSA-N')"
pyocyanin,bleomycin,YNCMLFHHXWETLD-UHFFFAOYSA-N,OYVAGSVQBOHSSS-WXFSZRTFSA-O,"('OYVAGSVQBOHSSS-WXFSZRTFSA-O', 'YNCMLFHHXWETLD-UHFFFAOYSA-N')"
bleomycin,streptozotocin,OYVAGSVQBOHSSS-WXFSZRTFSA-O,ZSJLQEPLLKMAKR-GKHCUFPYSA-N,"('OYVAGSVQBOHSSS-WXFSZRTFSA-O', 'ZSJLQEPLLKMAKR-GKHCUFPYSA-N')"
cefaclor,puromycin,QYIYFLOTGYLRGG-GPCCPHFNSA-N,RXWNCPJZOCPEPQ-NVWDDTSBSA-N,"('QYIYFLOTGYLRGG-GPCCPHFNSA-N', 'RXWNCPJZOCPEPQ-NVWDDTSBSA-N')"
cefaclor,caffeine,QYIYFLOTGYLRGG-GPCCPHFNSA-N,RYYVLZVUVIJVGH-UHFFFAOYSA-N,"('QYIYFLOTGYLRGG-GPCCPHFNSA-N', 'RYYVLZVUVIJVGH-UHFFFAOYSA-N')"
cefaclor,ciclopirox,QYIYFLOTGYLRGG-GPCCPHFNSA-N,SCKYRAXSEDYPSA-UHFFFAOYSA-N,"('QYIYFLOTGYLRGG-GPCCPHFNSA-N', 'SCKYRAXSEDYPSA-UHFFFAOYSA-N')"
cefaclor,cefsulodin,QYIYFLOTGYLRGG-GPCCPHFNSA-N,SYLKGLMBLAAGSC-QLVMHMETSA-N,"('QYIYFLOTGYLRGG-GPCCPHFNSA-N', 'SYLKGLMBLAAGSC-QLVMHMETSA-N')"
cefaclor,erythromycin,QYIYFLOTGYLRGG-GPCCPHFNSA-N,ULGZDMOVFRHVEP-RWJQBGPGSA-N,"('QYIYFLOTGYLRGG-GPCCPHFNSA-N', 'ULGZDMOVFRHVEP-RWJQBGPGSA-N')"
oxacillin,cefaclor,UWYHMGVUTGAWSP-JKIFEVAISA-N,QYIYFLOTGYLRGG-GPCCPHFNSA-N,"('QYIYFLOTGYLRGG-GPCCPHFNSA-N', 'UWYHMGVUTGAWSP-JKIFEVAISA-N')"
polymyxin b,cefaclor,WQVJHHACXVLGBL-BPJDFBQWSA-N,QYIYFLOTGYLRGG-GPCCPHFNSA-N,"('QYIYFLOTGYLRGG-GPCCPHFNSA-N', 'WQVJHHACXVLGBL-BPJDFBQWSA-N')"
cefaclor,aztreonam,QYIYFLOTGYLRGG-GPCCPHFNSA-N,WZPBZJONDBGPKJ-VEHQQRBSSA-N,"('QYIYFLOTGYLRGG-GPCCPHFNSA-N', 'WZPBZJONDBGPKJ-VEHQQRBSSA-N')"
cefaclor,metformin,QYIYFLOTGYLRGG-GPCCPHFNSA-N,XZWYZXLIPXDOLR-UHFFFAOYSA-N,"('QYIYFLOTGYLRGG-GPCCPHFNSA-N', 'XZWYZXLIPXDOLR-UHFFFAOYSA-N')"
novobiocin,cefaclor,YJQPYGGHQPGBLI-KGSXXDOSSA-N,QYIYFLOTGYLRGG-GPCCPHFNSA-N,"('QYIYFLOTGYLRGG-GPCCPHFNSA-N', 'YJQPYGGHQPGBLI-KGSXXDOSSA-N')"
cefaclor,colistin,QYIYFLOTGYLRGG-GPCCPHFNSA-N,YKQOSKADJPQZHB-RGYSVOEGSA-N,"('QYIYFLOTGYLRGG-GPCCPHFNSA-N', 'YKQOSKADJPQZHB-RGYSVOEGSA-N')"
fosfomycin,cefaclor,YMDXZJFXQJVXBF-STHAYSLISA-N,QYIYFLOTGYLRGG-GPCCPHFNSA-N,"('QYIYFLOTGYLRGG-GPCCPHFNSA-N', 'YMDXZJFXQJVXBF-STHAYSLISA-N')"
cefaclor,pyocyanin,QYIYFLOTGYLRGG-GPCCPHFNSA-N,YNCMLFHHXWETLD-UHFFFAOYSA-N,"('QYIYFLOTGYLRGG-GPCCPHFNSA-N', 'YNCMLFHHXWETLD-UHFFFAOYSA-N')"
cefaclor,imipenem,QYIYFLOTGYLRGG-GPCCPHFNSA-N,ZSKVGTPCRGIANV-ZXFLCMHBSA-N,"('QYIYFLOTGYLRGG-GPCCPHFNSA-N', 'ZSKVGTPCRGIANV-ZXFLCMHBSA-N')"
caffeine,puromycin,RYYVLZVUVIJVGH-UHFFFAOYSA-N,RXWNCPJZOCPEPQ-NVWDDTSBSA-N,"('RXWNCPJZOCPEPQ-NVWDDTSBSA-N', 'RYYVLZVUVIJVGH-UHFFFAOYSA-N')"
cefsulodin,puromycin,SYLKGLMBLAAGSC-QLVMHMETSA-N,RXWNCPJZOCPEPQ-NVWDDTSBSA-N,"('RXWNCPJZOCPEPQ-NVWDDTSBSA-N', 'SYLKGLMBLAAGSC-QLVMHMETSA-N')"
linezolid,puromycin,TYZROVQLWOKYKF-ZDUSSCGKSA-N,RXWNCPJZOCPEPQ-NVWDDTSBSA-N,"('RXWNCPJZOCPEPQ-NVWDDTSBSA-N', 'TYZROVQLWOKYKF-ZDUSSCGKSA-N')"
puromycin,streptomycin,RXWNCPJZOCPEPQ-NVWDDTSBSA-N,UCSJYZPVAKXKNQ-HZYVHMACSA-N,"('RXWNCPJZOCPEPQ-NVWDDTSBSA-N', 'UCSJYZPVAKXKNQ-HZYVHMACSA-N')"
erythromycin,puromycin,ULGZDMOVFRHVEP-RWJQBGPGSA-N,RXWNCPJZOCPEPQ-NVWDDTSBSA-N,"('RXWNCPJZOCPEPQ-NVWDDTSBSA-N', 'ULGZDMOVFRHVEP-RWJQBGPGSA-N')"
spectinomycin,puromycin,UNFWWIHTNXNPBV-WXKVUWSESA-N,RXWNCPJZOCPEPQ-NVWDDTSBSA-N,"('RXWNCPJZOCPEPQ-NVWDDTSBSA-N', 'UNFWWIHTNXNPBV-WXKVUWSESA-N')"
oxacillin,puromycin,UWYHMGVUTGAWSP-JKIFEVAISA-N,RXWNCPJZOCPEPQ-NVWDDTSBSA-N,"('RXWNCPJZOCPEPQ-NVWDDTSBSA-N', 'UWYHMGVUTGAWSP-JKIFEVAISA-N')"
benzalkonium,puromycin,VVZBFOKBSDGVGZ-UHFFFAOYSA-N,RXWNCPJZOCPEPQ-NVWDDTSBSA-N,"('RXWNCPJZOCPEPQ-NVWDDTSBSA-N', 'VVZBFOKBSDGVGZ-UHFFFAOYSA-N')"
chloramphenicol,puromycin,WIIZWVCIJKGZOK-RKDXNWHRSA-N,RXWNCPJZOCPEPQ-NVWDDTSBSA-N,"('RXWNCPJZOCPEPQ-NVWDDTSBSA-N', 'WIIZWVCIJKGZOK-RKDXNWHRSA-N')"
aztreonam,puromycin,WZPBZJONDBGPKJ-VEHQQRBSSA-N,RXWNCPJZOCPEPQ-NVWDDTSBSA-N,"('RXWNCPJZOCPEPQ-NVWDDTSBSA-N', 'WZPBZJONDBGPKJ-VEHQQRBSSA-N')"
novobiocin,puromycin,YJQPYGGHQPGBLI-KGSXXDOSSA-N,RXWNCPJZOCPEPQ-NVWDDTSBSA-N,"('RXWNCPJZOCPEPQ-NVWDDTSBSA-N', 'YJQPYGGHQPGBLI-KGSXXDOSSA-N')"
fosfomycin,puromycin,YMDXZJFXQJVXBF-STHAYSLISA-N,RXWNCPJZOCPEPQ-NVWDDTSBSA-N,"('RXWNCPJZOCPEPQ-NVWDDTSBSA-N', 'YMDXZJFXQJVXBF-STHAYSLISA-N')"
puromycin,pyocyanin,RXWNCPJZOCPEPQ-NVWDDTSBSA-N,YNCMLFHHXWETLD-UHFFFAOYSA-N,"('RXWNCPJZOCPEPQ-NVWDDTSBSA-N', 'YNCMLFHHXWETLD-UHFFFAOYSA-N')"
puromycin,imipenem,RXWNCPJZOCPEPQ-NVWDDTSBSA-N,ZSKVGTPCRGIANV-ZXFLCMHBSA-N,"('RXWNCPJZOCPEPQ-NVWDDTSBSA-N', 'ZSKVGTPCRGIANV-ZXFLCMHBSA-N')"
caffeine,linezolid,RYYVLZVUVIJVGH-UHFFFAOYSA-N,TYZROVQLWOKYKF-ZDUSSCGKSA-N,"('RYYVLZVUVIJVGH-UHFFFAOYSA-N', 'TYZROVQLWOKYKF-ZDUSSCGKSA-N')"
benzalkonium,caffeine,VVZBFOKBSDGVGZ-UHFFFAOYSA-N,RYYVLZVUVIJVGH-UHFFFAOYSA-N,"('RYYVLZVUVIJVGH-UHFFFAOYSA-N', 'VVZBFOKBSDGVGZ-UHFFFAOYSA-N')"
chloramphenicol,caffeine,WIIZWVCIJKGZOK-RKDXNWHRSA-N,RYYVLZVUVIJVGH-UHFFFAOYSA-N,"('RYYVLZVUVIJVGH-UHFFFAOYSA-N', 'WIIZWVCIJKGZOK-RKDXNWHRSA-N')"
aztreonam,caffeine,WZPBZJONDBGPKJ-VEHQQRBSSA-N,RYYVLZVUVIJVGH-UHFFFAOYSA-N,"('RYYVLZVUVIJVGH-UHFFFAOYSA-N', 'WZPBZJONDBGPKJ-VEHQQRBSSA-N')"
novobiocin,caffeine,YJQPYGGHQPGBLI-KGSXXDOSSA-N,RYYVLZVUVIJVGH-UHFFFAOYSA-N,"('RYYVLZVUVIJVGH-UHFFFAOYSA-N', 'YJQPYGGHQPGBLI-KGSXXDOSSA-N')"
caffeine,colistin,RYYVLZVUVIJVGH-UHFFFAOYSA-N,YKQOSKADJPQZHB-RGYSVOEGSA-N,"('RYYVLZVUVIJVGH-UHFFFAOYSA-N', 'YKQOSKADJPQZHB-RGYSVOEGSA-N')"
spectinomycin,ciclopirox,UNFWWIHTNXNPBV-WXKVUWSESA-N,SCKYRAXSEDYPSA-UHFFFAOYSA-N,"('SCKYRAXSEDYPSA-UHFFFAOYSA-N', 'UNFWWIHTNXNPBV-WXKVUWSESA-N')"
chloramphenicol,ciclopirox,WIIZWVCIJKGZOK-RKDXNWHRSA-N,SCKYRAXSEDYPSA-UHFFFAOYSA-N,"('SCKYRAXSEDYPSA-UHFFFAOYSA-N', 'WIIZWVCIJKGZOK-RKDXNWHRSA-N')"
egcg,ciclopirox,WMBWREPUVVBILR-WIYYLYMNSA-N,SCKYRAXSEDYPSA-UHFFFAOYSA-N,"('SCKYRAXSEDYPSA-UHFFFAOYSA-N', 'WMBWREPUVVBILR-WIYYLYMNSA-N')"
aztreonam,ciclopirox,WZPBZJONDBGPKJ-VEHQQRBSSA-N,SCKYRAXSEDYPSA-UHFFFAOYSA-N,"('SCKYRAXSEDYPSA-UHFFFAOYSA-N', 'WZPBZJONDBGPKJ-VEHQQRBSSA-N')"
novobiocin,ciclopirox,YJQPYGGHQPGBLI-KGSXXDOSSA-N,SCKYRAXSEDYPSA-UHFFFAOYSA-N,"('SCKYRAXSEDYPSA-UHFFFAOYSA-N', 'YJQPYGGHQPGBLI-KGSXXDOSSA-N')"
colistin,ciclopirox,YKQOSKADJPQZHB-RGYSVOEGSA-N,SCKYRAXSEDYPSA-UHFFFAOYSA-N,"('SCKYRAXSEDYPSA-UHFFFAOYSA-N', 'YKQOSKADJPQZHB-RGYSVOEGSA-N')"
fosfomycin,ciclopirox,YMDXZJFXQJVXBF-STHAYSLISA-N,SCKYRAXSEDYPSA-UHFFFAOYSA-N,"('SCKYRAXSEDYPSA-UHFFFAOYSA-N', 'YMDXZJFXQJVXBF-STHAYSLISA-N')"
cefsulodin,linezolid,SYLKGLMBLAAGSC-QLVMHMETSA-N,TYZROVQLWOKYKF-ZDUSSCGKSA-N,"('SYLKGLMBLAAGSC-QLVMHMETSA-N', 'TYZROVQLWOKYKF-ZDUSSCGKSA-N')"
cefsulodin,metronidazole,SYLKGLMBLAAGSC-QLVMHMETSA-N,VAOCPAMSLUNLGC-UHFFFAOYSA-N,"('SYLKGLMBLAAGSC-QLVMHMETSA-N', 'VAOCPAMSLUNLGC-UHFFFAOYSA-N')"
chloramphenicol,cefsulodin,WIIZWVCIJKGZOK-RKDXNWHRSA-N,SYLKGLMBLAAGSC-QLVMHMETSA-N,"('SYLKGLMBLAAGSC-QLVMHMETSA-N', 'WIIZWVCIJKGZOK-RKDXNWHRSA-N')"
cefsulodin,aztreonam,SYLKGLMBLAAGSC-QLVMHMETSA-N,WZPBZJONDBGPKJ-VEHQQRBSSA-N,"('SYLKGLMBLAAGSC-QLVMHMETSA-N', 'WZPBZJONDBGPKJ-VEHQQRBSSA-N')"
cefsulodin,berberine,SYLKGLMBLAAGSC-QLVMHMETSA-N,YBHILYKTIRIUTE-UHFFFAOYSA-N,"('SYLKGLMBLAAGSC-QLVMHMETSA-N', 'YBHILYKTIRIUTE-UHFFFAOYSA-N')"
novobiocin,cefsulodin,YJQPYGGHQPGBLI-KGSXXDOSSA-N,SYLKGLMBLAAGSC-QLVMHMETSA-N,"('SYLKGLMBLAAGSC-QLVMHMETSA-N', 'YJQPYGGHQPGBLI-KGSXXDOSSA-N')"
fosfomycin,cefsulodin,YMDXZJFXQJVXBF-STHAYSLISA-N,SYLKGLMBLAAGSC-QLVMHMETSA-N,"('SYLKGLMBLAAGSC-QLVMHMETSA-N', 'YMDXZJFXQJVXBF-STHAYSLISA-N')"
cefsulodin,pyocyanin,SYLKGLMBLAAGSC-QLVMHMETSA-N,YNCMLFHHXWETLD-UHFFFAOYSA-N,"('SYLKGLMBLAAGSC-QLVMHMETSA-N', 'YNCMLFHHXWETLD-UHFFFAOYSA-N')"
cefsulodin,cephalexin,SYLKGLMBLAAGSC-QLVMHMETSA-N,ZAIPMKNFIOOWCQ-UEKVPHQBSA-N,"('SYLKGLMBLAAGSC-QLVMHMETSA-N', 'ZAIPMKNFIOOWCQ-UEKVPHQBSA-N')"
cefsulodin,imipenem,SYLKGLMBLAAGSC-QLVMHMETSA-N,ZSKVGTPCRGIANV-ZXFLCMHBSA-N,"('SYLKGLMBLAAGSC-QLVMHMETSA-N', 'ZSKVGTPCRGIANV-ZXFLCMHBSA-N')"
diacerein,linezolid,TYNLGDBUJLVSMA-UHFFFAOYSA-N,TYZROVQLWOKYKF-ZDUSSCGKSA-N,"('TYNLGDBUJLVSMA-UHFFFAOYSA-N', 'TYZROVQLWOKYKF-ZDUSSCGKSA-N')"
chloramphenicol,diacerein,WIIZWVCIJKGZOK-RKDXNWHRSA-N,TYNLGDBUJLVSMA-UHFFFAOYSA-N,"('TYNLGDBUJLVSMA-UHFFFAOYSA-N', 'WIIZWVCIJKGZOK-RKDXNWHRSA-N')"
linezolid,streptomycin,TYZROVQLWOKYKF-ZDUSSCGKSA-N,UCSJYZPVAKXKNQ-HZYVHMACSA-N,"('TYZROVQLWOKYKF-ZDUSSCGKSA-N', 'UCSJYZPVAKXKNQ-HZYVHMACSA-N')"
cccp,linezolid,UGTJLJZQQFGTJD-UHFFFAOYSA-N,TYZROVQLWOKYKF-ZDUSSCGKSA-N,"('TYZROVQLWOKYKF-ZDUSSCGKSA-N', 'UGTJLJZQQFGTJD-UHFFFAOYSA-N')"
linezolid,spectinomycin,TYZROVQLWOKYKF-ZDUSSCGKSA-N,UNFWWIHTNXNPBV-WXKVUWSESA-N,"('TYZROVQLWOKYKF-ZDUSSCGKSA-N', 'UNFWWIHTNXNPBV-WXKVUWSESA-N')"
linezolid,oxacillin,TYZROVQLWOKYKF-ZDUSSCGKSA-N,UWYHMGVUTGAWSP-JKIFEVAISA-N,"('TYZROVQLWOKYKF-ZDUSSCGKSA-N', 'UWYHMGVUTGAWSP-JKIFEVAISA-N')"
linezolid,metronidazole,TYZROVQLWOKYKF-ZDUSSCGKSA-N,VAOCPAMSLUNLGC-UHFFFAOYSA-N,"('TYZROVQLWOKYKF-ZDUSSCGKSA-N', 'VAOCPAMSLUNLGC-UHFFFAOYSA-N')"
benzalkonium,linezolid,VVZBFOKBSDGVGZ-UHFFFAOYSA-N,TYZROVQLWOKYKF-ZDUSSCGKSA-N,"('TYZROVQLWOKYKF-ZDUSSCGKSA-N', 'VVZBFOKBSDGVGZ-UHFFFAOYSA-N')"
chloramphenicol,linezolid,WIIZWVCIJKGZOK-RKDXNWHRSA-N,TYZROVQLWOKYKF-ZDUSSCGKSA-N,"('TYZROVQLWOKYKF-ZDUSSCGKSA-N', 'WIIZWVCIJKGZOK-RKDXNWHRSA-N')"
linezolid,tedizolid,TYZROVQLWOKYKF-ZDUSSCGKSA-N,XFALPSLJIHVRKE-GFCCVEGCSA-N,"('TYZROVQLWOKYKF-ZDUSSCGKSA-N', 'XFALPSLJIHVRKE-GFCCVEGCSA-N')"
linezolid,novobiocin,TYZROVQLWOKYKF-ZDUSSCGKSA-N,YJQPYGGHQPGBLI-KGSXXDOSSA-N,"('TYZROVQLWOKYKF-ZDUSSCGKSA-N', 'YJQPYGGHQPGBLI-KGSXXDOSSA-N')"
fosfomycin,linezolid,YMDXZJFXQJVXBF-STHAYSLISA-N,TYZROVQLWOKYKF-ZDUSSCGKSA-N,"('TYZROVQLWOKYKF-ZDUSSCGKSA-N', 'YMDXZJFXQJVXBF-STHAYSLISA-N')"
linezolid,pyocyanin,TYZROVQLWOKYKF-ZDUSSCGKSA-N,YNCMLFHHXWETLD-UHFFFAOYSA-N,"('TYZROVQLWOKYKF-ZDUSSCGKSA-N', 'YNCMLFHHXWETLD-UHFFFAOYSA-N')"
cephalexin,linezolid,ZAIPMKNFIOOWCQ-UEKVPHQBSA-N,TYZROVQLWOKYKF-ZDUSSCGKSA-N,"('TYZROVQLWOKYKF-ZDUSSCGKSA-N', 'ZAIPMKNFIOOWCQ-UEKVPHQBSA-N')"
chlorpromazine,linezolid,ZPEIMTDSQAKGNT-UHFFFAOYSA-N,TYZROVQLWOKYKF-ZDUSSCGKSA-N,"('TYZROVQLWOKYKF-ZDUSSCGKSA-N', 'ZPEIMTDSQAKGNT-UHFFFAOYSA-N')"
cccp,streptomycin,UGTJLJZQQFGTJD-UHFFFAOYSA-N,UCSJYZPVAKXKNQ-HZYVHMACSA-N,"('UCSJYZPVAKXKNQ-HZYVHMACSA-N', 'UGTJLJZQQFGTJD-UHFFFAOYSA-N')"
erythromycin,streptomycin,ULGZDMOVFRHVEP-RWJQBGPGSA-N,UCSJYZPVAKXKNQ-HZYVHMACSA-N,"('UCSJYZPVAKXKNQ-HZYVHMACSA-N', 'ULGZDMOVFRHVEP-RWJQBGPGSA-N')"
metronidazole,streptomycin,VAOCPAMSLUNLGC-UHFFFAOYSA-N,UCSJYZPVAKXKNQ-HZYVHMACSA-N,"('UCSJYZPVAKXKNQ-HZYVHMACSA-N', 'VAOCPAMSLUNLGC-UHFFFAOYSA-N')"
oritavancin,streptomycin,VHFGEBVPHAGQPI-LXKZPTCJSA-N,UCSJYZPVAKXKNQ-HZYVHMACSA-N,"('UCSJYZPVAKXKNQ-HZYVHMACSA-N', 'VHFGEBVPHAGQPI-LXKZPTCJSA-N')"
benzalkonium,streptomycin,VVZBFOKBSDGVGZ-UHFFFAOYSA-N,UCSJYZPVAKXKNQ-HZYVHMACSA-N,"('UCSJYZPVAKXKNQ-HZYVHMACSA-N', 'VVZBFOKBSDGVGZ-UHFFFAOYSA-N')"
chloramphenicol,streptomycin,WIIZWVCIJKGZOK-RKDXNWHRSA-N,UCSJYZPVAKXKNQ-HZYVHMACSA-N,"('UCSJYZPVAKXKNQ-HZYVHMACSA-N', 'WIIZWVCIJKGZOK-RKDXNWHRSA-N')"
egcg,streptomycin,WMBWREPUVVBILR-WIYYLYMNSA-N,UCSJYZPVAKXKNQ-HZYVHMACSA-N,"('UCSJYZPVAKXKNQ-HZYVHMACSA-N', 'WMBWREPUVVBILR-WIYYLYMNSA-N')"
streptomycin,triclosan,UCSJYZPVAKXKNQ-HZYVHMACSA-N,XEFQLINVKFYRCS-UHFFFAOYSA-N,"('UCSJYZPVAKXKNQ-HZYVHMACSA-N', 'XEFQLINVKFYRCS-UHFFFAOYSA-N')"
streptomycin,tedizolid,UCSJYZPVAKXKNQ-HZYVHMACSA-N,XFALPSLJIHVRKE-GFCCVEGCSA-N,"('UCSJYZPVAKXKNQ-HZYVHMACSA-N', 'XFALPSLJIHVRKE-GFCCVEGCSA-N')"
novobiocin,streptomycin,YJQPYGGHQPGBLI-KGSXXDOSSA-N,UCSJYZPVAKXKNQ-HZYVHMACSA-N,"('UCSJYZPVAKXKNQ-HZYVHMACSA-N', 'YJQPYGGHQPGBLI-KGSXXDOSSA-N')"
fosfomycin,streptomycin,YMDXZJFXQJVXBF-STHAYSLISA-N,UCSJYZPVAKXKNQ-HZYVHMACSA-N,"('UCSJYZPVAKXKNQ-HZYVHMACSA-N', 'YMDXZJFXQJVXBF-STHAYSLISA-N')"
pyocyanin,streptomycin,YNCMLFHHXWETLD-UHFFFAOYSA-N,UCSJYZPVAKXKNQ-HZYVHMACSA-N,"('UCSJYZPVAKXKNQ-HZYVHMACSA-N', 'YNCMLFHHXWETLD-UHFFFAOYSA-N')"
cccp,oxacillin,UGTJLJZQQFGTJD-UHFFFAOYSA-N,UWYHMGVUTGAWSP-JKIFEVAISA-N,"('UGTJLJZQQFGTJD-UHFFFAOYSA-N', 'UWYHMGVUTGAWSP-JKIFEVAISA-N')"
benzalkonium,cccp,VVZBFOKBSDGVGZ-UHFFFAOYSA-N,UGTJLJZQQFGTJD-UHFFFAOYSA-N,"('UGTJLJZQQFGTJD-UHFFFAOYSA-N', 'VVZBFOKBSDGVGZ-UHFFFAOYSA-N')"
benzbromarone,cccp,WHQCHUCQKNIQEC-UHFFFAOYSA-N,UGTJLJZQQFGTJD-UHFFFAOYSA-N,"('UGTJLJZQQFGTJD-UHFFFAOYSA-N', 'WHQCHUCQKNIQEC-UHFFFAOYSA-N')"
chloramphenicol,cccp,WIIZWVCIJKGZOK-RKDXNWHRSA-N,UGTJLJZQQFGTJD-UHFFFAOYSA-N,"('UGTJLJZQQFGTJD-UHFFFAOYSA-N', 'WIIZWVCIJKGZOK-RKDXNWHRSA-N')"
cccp,egcg,UGTJLJZQQFGTJD-UHFFFAOYSA-N,WMBWREPUVVBILR-WIYYLYMNSA-N,"('UGTJLJZQQFGTJD-UHFFFAOYSA-N', 'WMBWREPUVVBILR-WIYYLYMNSA-N')"
polymyxin b,cccp,WQVJHHACXVLGBL-BPJDFBQWSA-N,UGTJLJZQQFGTJD-UHFFFAOYSA-N,"('UGTJLJZQQFGTJD-UHFFFAOYSA-N', 'WQVJHHACXVLGBL-BPJDFBQWSA-N')"
cccp,novobiocin,UGTJLJZQQFGTJD-UHFFFAOYSA-N,YJQPYGGHQPGBLI-KGSXXDOSSA-N,"('UGTJLJZQQFGTJD-UHFFFAOYSA-N', 'YJQPYGGHQPGBLI-KGSXXDOSSA-N')"
cccp,colistin,UGTJLJZQQFGTJD-UHFFFAOYSA-N,YKQOSKADJPQZHB-RGYSVOEGSA-N,"('UGTJLJZQQFGTJD-UHFFFAOYSA-N', 'YKQOSKADJPQZHB-RGYSVOEGSA-N')"
cccp,fosfomycin,UGTJLJZQQFGTJD-UHFFFAOYSA-N,YMDXZJFXQJVXBF-STHAYSLISA-N,"('UGTJLJZQQFGTJD-UHFFFAOYSA-N', 'YMDXZJFXQJVXBF-STHAYSLISA-N')"
cccp,pyocyanin,UGTJLJZQQFGTJD-UHFFFAOYSA-N,YNCMLFHHXWETLD-UHFFFAOYSA-N,"('UGTJLJZQQFGTJD-UHFFFAOYSA-N', 'YNCMLFHHXWETLD-UHFFFAOYSA-N')"
cccp,streptozotocin,UGTJLJZQQFGTJD-UHFFFAOYSA-N,ZSJLQEPLLKMAKR-GKHCUFPYSA-N,"('UGTJLJZQQFGTJD-UHFFFAOYSA-N', 'ZSJLQEPLLKMAKR-GKHCUFPYSA-N')"
spectinomycin,erythromycin,UNFWWIHTNXNPBV-WXKVUWSESA-N,ULGZDMOVFRHVEP-RWJQBGPGSA-N,"('ULGZDMOVFRHVEP-RWJQBGPGSA-N', 'UNFWWIHTNXNPBV-WXKVUWSESA-N')"
benzalkonium,erythromycin,VVZBFOKBSDGVGZ-UHFFFAOYSA-N,ULGZDMOVFRHVEP-RWJQBGPGSA-N,"('ULGZDMOVFRHVEP-RWJQBGPGSA-N', 'VVZBFOKBSDGVGZ-UHFFFAOYSA-N')"
chloramphenicol,erythromycin,WIIZWVCIJKGZOK-RKDXNWHRSA-N,ULGZDMOVFRHVEP-RWJQBGPGSA-N,"('ULGZDMOVFRHVEP-RWJQBGPGSA-N', 'WIIZWVCIJKGZOK-RKDXNWHRSA-N')"
erythromycin,egcg,ULGZDMOVFRHVEP-RWJQBGPGSA-N,WMBWREPUVVBILR-WIYYLYMNSA-N,"('ULGZDMOVFRHVEP-RWJQBGPGSA-N', 'WMBWREPUVVBILR-WIYYLYMNSA-N')"
polymyxin b,erythromycin,WQVJHHACXVLGBL-BPJDFBQWSA-N,ULGZDMOVFRHVEP-RWJQBGPGSA-N,"('ULGZDMOVFRHVEP-RWJQBGPGSA-N', 'WQVJHHACXVLGBL-BPJDFBQWSA-N')"
erythromycin,aztreonam,ULGZDMOVFRHVEP-RWJQBGPGSA-N,WZPBZJONDBGPKJ-VEHQQRBSSA-N,"('ULGZDMOVFRHVEP-RWJQBGPGSA-N', 'WZPBZJONDBGPKJ-VEHQQRBSSA-N')"
erythromycin,tedizolid,ULGZDMOVFRHVEP-RWJQBGPGSA-N,XFALPSLJIHVRKE-GFCCVEGCSA-N,"('ULGZDMOVFRHVEP-RWJQBGPGSA-N', 'XFALPSLJIHVRKE-GFCCVEGCSA-N')"
erythromycin,metformin,ULGZDMOVFRHVEP-RWJQBGPGSA-N,XZWYZXLIPXDOLR-UHFFFAOYSA-N,"('ULGZDMOVFRHVEP-RWJQBGPGSA-N', 'XZWYZXLIPXDOLR-UHFFFAOYSA-N')"
erythromycin,berberine,ULGZDMOVFRHVEP-RWJQBGPGSA-N,YBHILYKTIRIUTE-UHFFFAOYSA-N,"('ULGZDMOVFRHVEP-RWJQBGPGSA-N', 'YBHILYKTIRIUTE-UHFFFAOYSA-N')"
novobiocin,erythromycin,YJQPYGGHQPGBLI-KGSXXDOSSA-N,ULGZDMOVFRHVEP-RWJQBGPGSA-N,"('ULGZDMOVFRHVEP-RWJQBGPGSA-N', 'YJQPYGGHQPGBLI-KGSXXDOSSA-N')"
erythromycin,colistin,ULGZDMOVFRHVEP-RWJQBGPGSA-N,YKQOSKADJPQZHB-RGYSVOEGSA-N,"('ULGZDMOVFRHVEP-RWJQBGPGSA-N', 'YKQOSKADJPQZHB-RGYSVOEGSA-N')"
fosfomycin,erythromycin,YMDXZJFXQJVXBF-STHAYSLISA-N,ULGZDMOVFRHVEP-RWJQBGPGSA-N,"('ULGZDMOVFRHVEP-RWJQBGPGSA-N', 'YMDXZJFXQJVXBF-STHAYSLISA-N')"
erythromycin,pyocyanin,ULGZDMOVFRHVEP-RWJQBGPGSA-N,YNCMLFHHXWETLD-UHFFFAOYSA-N,"('ULGZDMOVFRHVEP-RWJQBGPGSA-N', 'YNCMLFHHXWETLD-UHFFFAOYSA-N')"
cephalexin,erythromycin,ZAIPMKNFIOOWCQ-UEKVPHQBSA-N,ULGZDMOVFRHVEP-RWJQBGPGSA-N,"('ULGZDMOVFRHVEP-RWJQBGPGSA-N', 'ZAIPMKNFIOOWCQ-UEKVPHQBSA-N')"
erythromycin,imipenem,ULGZDMOVFRHVEP-RWJQBGPGSA-N,ZSKVGTPCRGIANV-ZXFLCMHBSA-N,"('ULGZDMOVFRHVEP-RWJQBGPGSA-N', 'ZSKVGTPCRGIANV-ZXFLCMHBSA-N')"
oxacillin,spectinomycin,UWYHMGVUTGAWSP-JKIFEVAISA-N,UNFWWIHTNXNPBV-WXKVUWSESA-N,"('UNFWWIHTNXNPBV-WXKVUWSESA-N', 'UWYHMGVUTGAWSP-JKIFEVAISA-N')"
metronidazole,spectinomycin,VAOCPAMSLUNLGC-UHFFFAOYSA-N,UNFWWIHTNXNPBV-WXKVUWSESA-N,"('UNFWWIHTNXNPBV-WXKVUWSESA-N', 'VAOCPAMSLUNLGC-UHFFFAOYSA-N')"
oritavancin,spectinomycin,VHFGEBVPHAGQPI-LXKZPTCJSA-N,UNFWWIHTNXNPBV-WXKVUWSESA-N,"('UNFWWIHTNXNPBV-WXKVUWSESA-N', 'VHFGEBVPHAGQPI-LXKZPTCJSA-N')"
spectinomycin,benzalkonium,UNFWWIHTNXNPBV-WXKVUWSESA-N,VVZBFOKBSDGVGZ-UHFFFAOYSA-N,"('UNFWWIHTNXNPBV-WXKVUWSESA-N', 'VVZBFOKBSDGVGZ-UHFFFAOYSA-N')"
chloramphenicol,spectinomycin,WIIZWVCIJKGZOK-RKDXNWHRSA-N,UNFWWIHTNXNPBV-WXKVUWSESA-N,"('UNFWWIHTNXNPBV-WXKVUWSESA-N', 'WIIZWVCIJKGZOK-RKDXNWHRSA-N')"
spectinomycin,egcg,UNFWWIHTNXNPBV-WXKVUWSESA-N,WMBWREPUVVBILR-WIYYLYMNSA-N,"('UNFWWIHTNXNPBV-WXKVUWSESA-N', 'WMBWREPUVVBILR-WIYYLYMNSA-N')"
spectinomycin,aztreonam,UNFWWIHTNXNPBV-WXKVUWSESA-N,WZPBZJONDBGPKJ-VEHQQRBSSA-N,"('UNFWWIHTNXNPBV-WXKVUWSESA-N', 'WZPBZJONDBGPKJ-VEHQQRBSSA-N')"
spectinomycin,metformin,UNFWWIHTNXNPBV-WXKVUWSESA-N,XZWYZXLIPXDOLR-UHFFFAOYSA-N,"('UNFWWIHTNXNPBV-WXKVUWSESA-N', 'XZWYZXLIPXDOLR-UHFFFAOYSA-N')"
spectinomycin,tolfenamic,UNFWWIHTNXNPBV-WXKVUWSESA-N,YEZNLOUZAIOMLT-UHFFFAOYSA-N,"('UNFWWIHTNXNPBV-WXKVUWSESA-N', 'YEZNLOUZAIOMLT-UHFFFAOYSA-N')"
spectinomycin,novobiocin,UNFWWIHTNXNPBV-WXKVUWSESA-N,YJQPYGGHQPGBLI-KGSXXDOSSA-N,"('UNFWWIHTNXNPBV-WXKVUWSESA-N', 'YJQPYGGHQPGBLI-KGSXXDOSSA-N')"
fosfomycin,spectinomycin,YMDXZJFXQJVXBF-STHAYSLISA-N,UNFWWIHTNXNPBV-WXKVUWSESA-N,"('UNFWWIHTNXNPBV-WXKVUWSESA-N', 'YMDXZJFXQJVXBF-STHAYSLISA-N')"
spectinomycin,pyocyanin,UNFWWIHTNXNPBV-WXKVUWSESA-N,YNCMLFHHXWETLD-UHFFFAOYSA-N,"('UNFWWIHTNXNPBV-WXKVUWSESA-N', 'YNCMLFHHXWETLD-UHFFFAOYSA-N')"
cephalexin,spectinomycin,ZAIPMKNFIOOWCQ-UEKVPHQBSA-N,UNFWWIHTNXNPBV-WXKVUWSESA-N,"('UNFWWIHTNXNPBV-WXKVUWSESA-N', 'ZAIPMKNFIOOWCQ-UEKVPHQBSA-N')"
metronidazole,oxacillin,VAOCPAMSLUNLGC-UHFFFAOYSA-N,UWYHMGVUTGAWSP-JKIFEVAISA-N,"('UWYHMGVUTGAWSP-JKIFEVAISA-N', 'VAOCPAMSLUNLGC-UHFFFAOYSA-N')"
oxacillin,benzalkonium,UWYHMGVUTGAWSP-JKIFEVAISA-N,VVZBFOKBSDGVGZ-UHFFFAOYSA-N,"('UWYHMGVUTGAWSP-JKIFEVAISA-N', 'VVZBFOKBSDGVGZ-UHFFFAOYSA-N')"
egcg,oxacillin,WMBWREPUVVBILR-WIYYLYMNSA-N,UWYHMGVUTGAWSP-JKIFEVAISA-N,"('UWYHMGVUTGAWSP-JKIFEVAISA-N', 'WMBWREPUVVBILR-WIYYLYMNSA-N')"
oxacillin,polymyxin b,UWYHMGVUTGAWSP-JKIFEVAISA-N,WQVJHHACXVLGBL-BPJDFBQWSA-N,"('UWYHMGVUTGAWSP-JKIFEVAISA-N', 'WQVJHHACXVLGBL-BPJDFBQWSA-N')"
oxacillin,aztreonam,UWYHMGVUTGAWSP-JKIFEVAISA-N,WZPBZJONDBGPKJ-VEHQQRBSSA-N,"('UWYHMGVUTGAWSP-JKIFEVAISA-N', 'WZPBZJONDBGPKJ-VEHQQRBSSA-N')"
oxacillin,tolfenamic,UWYHMGVUTGAWSP-JKIFEVAISA-N,YEZNLOUZAIOMLT-UHFFFAOYSA-N,"('UWYHMGVUTGAWSP-JKIFEVAISA-N', 'YEZNLOUZAIOMLT-UHFFFAOYSA-N')"
fosfomycin,oxacillin,YMDXZJFXQJVXBF-STHAYSLISA-N,UWYHMGVUTGAWSP-JKIFEVAISA-N,"('UWYHMGVUTGAWSP-JKIFEVAISA-N', 'YMDXZJFXQJVXBF-STHAYSLISA-N')"
oxacillin,pyocyanin,UWYHMGVUTGAWSP-JKIFEVAISA-N,YNCMLFHHXWETLD-UHFFFAOYSA-N,"('UWYHMGVUTGAWSP-JKIFEVAISA-N', 'YNCMLFHHXWETLD-UHFFFAOYSA-N')"
cephalexin,oxacillin,ZAIPMKNFIOOWCQ-UEKVPHQBSA-N,UWYHMGVUTGAWSP-JKIFEVAISA-N,"('UWYHMGVUTGAWSP-JKIFEVAISA-N', 'ZAIPMKNFIOOWCQ-UEKVPHQBSA-N')"
benzalkonium,metronidazole,VVZBFOKBSDGVGZ-UHFFFAOYSA-N,VAOCPAMSLUNLGC-UHFFFAOYSA-N,"('VAOCPAMSLUNLGC-UHFFFAOYSA-N', 'VVZBFOKBSDGVGZ-UHFFFAOYSA-N')"
metronidazole,aztreonam,VAOCPAMSLUNLGC-UHFFFAOYSA-N,WZPBZJONDBGPKJ-VEHQQRBSSA-N,"('VAOCPAMSLUNLGC-UHFFFAOYSA-N', 'WZPBZJONDBGPKJ-VEHQQRBSSA-N')"
metronidazole,tedizolid,VAOCPAMSLUNLGC-UHFFFAOYSA-N,XFALPSLJIHVRKE-GFCCVEGCSA-N,"('VAOCPAMSLUNLGC-UHFFFAOYSA-N', 'XFALPSLJIHVRKE-GFCCVEGCSA-N')"
fosfomycin,metronidazole,YMDXZJFXQJVXBF-STHAYSLISA-N,VAOCPAMSLUNLGC-UHFFFAOYSA-N,"('VAOCPAMSLUNLGC-UHFFFAOYSA-N', 'YMDXZJFXQJVXBF-STHAYSLISA-N')"
benzalkonium,curcumin,VVZBFOKBSDGVGZ-UHFFFAOYSA-N,VFLDPWHFBUODDF-FCXRPNKRSA-N,"('VFLDPWHFBUODDF-FCXRPNKRSA-N', 'VVZBFOKBSDGVGZ-UHFFFAOYSA-N')"
chloramphenicol,curcumin,WIIZWVCIJKGZOK-RKDXNWHRSA-N,VFLDPWHFBUODDF-FCXRPNKRSA-N,"('VFLDPWHFBUODDF-FCXRPNKRSA-N', 'WIIZWVCIJKGZOK-RKDXNWHRSA-N')"
polymyxin b,curcumin,WQVJHHACXVLGBL-BPJDFBQWSA-N,VFLDPWHFBUODDF-FCXRPNKRSA-N,"('VFLDPWHFBUODDF-FCXRPNKRSA-N', 'WQVJHHACXVLGBL-BPJDFBQWSA-N')"
minocycline,curcumin,WTJXVDPDEQKTCV-VQAITOIOSA-N,VFLDPWHFBUODDF-FCXRPNKRSA-N,"('VFLDPWHFBUODDF-FCXRPNKRSA-N', 'WTJXVDPDEQKTCV-VQAITOIOSA-N')"
aztreonam,curcumin,WZPBZJONDBGPKJ-VEHQQRBSSA-N,VFLDPWHFBUODDF-FCXRPNKRSA-N,"('VFLDPWHFBUODDF-FCXRPNKRSA-N', 'WZPBZJONDBGPKJ-VEHQQRBSSA-N')"
novobiocin,curcumin,YJQPYGGHQPGBLI-KGSXXDOSSA-N,VFLDPWHFBUODDF-FCXRPNKRSA-N,"('VFLDPWHFBUODDF-FCXRPNKRSA-N', 'YJQPYGGHQPGBLI-KGSXXDOSSA-N')"
pyocyanin,curcumin,YNCMLFHHXWETLD-UHFFFAOYSA-N,VFLDPWHFBUODDF-FCXRPNKRSA-N,"('VFLDPWHFBUODDF-FCXRPNKRSA-N', 'YNCMLFHHXWETLD-UHFFFAOYSA-N')"
benzalkonium,oritavancin,VVZBFOKBSDGVGZ-UHFFFAOYSA-N,VHFGEBVPHAGQPI-LXKZPTCJSA-N,"('VHFGEBVPHAGQPI-LXKZPTCJSA-N', 'VVZBFOKBSDGVGZ-UHFFFAOYSA-N')"
egcg,oritavancin,WMBWREPUVVBILR-WIYYLYMNSA-N,VHFGEBVPHAGQPI-LXKZPTCJSA-N,"('VHFGEBVPHAGQPI-LXKZPTCJSA-N', 'WMBWREPUVVBILR-WIYYLYMNSA-N')"
oritavancin,triclosan,VHFGEBVPHAGQPI-LXKZPTCJSA-N,XEFQLINVKFYRCS-UHFFFAOYSA-N,"('VHFGEBVPHAGQPI-LXKZPTCJSA-N', 'XEFQLINVKFYRCS-UHFFFAOYSA-N')"
oritavancin,tedizolid,VHFGEBVPHAGQPI-LXKZPTCJSA-N,XFALPSLJIHVRKE-GFCCVEGCSA-N,"('VHFGEBVPHAGQPI-LXKZPTCJSA-N', 'XFALPSLJIHVRKE-GFCCVEGCSA-N')"
novobiocin,oritavancin,YJQPYGGHQPGBLI-KGSXXDOSSA-N,VHFGEBVPHAGQPI-LXKZPTCJSA-N,"('VHFGEBVPHAGQPI-LXKZPTCJSA-N', 'YJQPYGGHQPGBLI-KGSXXDOSSA-N')"
oritavancin,pyocyanin,VHFGEBVPHAGQPI-LXKZPTCJSA-N,YNCMLFHHXWETLD-UHFFFAOYSA-N,"('VHFGEBVPHAGQPI-LXKZPTCJSA-N', 'YNCMLFHHXWETLD-UHFFFAOYSA-N')"
chlorpromazine,oritavancin,ZPEIMTDSQAKGNT-UHFFFAOYSA-N,VHFGEBVPHAGQPI-LXKZPTCJSA-N,"('VHFGEBVPHAGQPI-LXKZPTCJSA-N', 'ZPEIMTDSQAKGNT-UHFFFAOYSA-N')"
benzalkonium,chloramphenicol,VVZBFOKBSDGVGZ-UHFFFAOYSA-N,WIIZWVCIJKGZOK-RKDXNWHRSA-N,"('VVZBFOKBSDGVGZ-UHFFFAOYSA-N', 'WIIZWVCIJKGZOK-RKDXNWHRSA-N')"
benzalkonium,egcg,VVZBFOKBSDGVGZ-UHFFFAOYSA-N,WMBWREPUVVBILR-WIYYLYMNSA-N,"('VVZBFOKBSDGVGZ-UHFFFAOYSA-N', 'WMBWREPUVVBILR-WIYYLYMNSA-N')"
benzalkonium,sulfamonomethoxine,VVZBFOKBSDGVGZ-UHFFFAOYSA-N,WMPXPUYPYQKQCX-UHFFFAOYSA-N,"('VVZBFOKBSDGVGZ-UHFFFAOYSA-N', 'WMPXPUYPYQKQCX-UHFFFAOYSA-N')"
polymyxin b,benzalkonium,WQVJHHACXVLGBL-BPJDFBQWSA-N,VVZBFOKBSDGVGZ-UHFFFAOYSA-N,"('VVZBFOKBSDGVGZ-UHFFFAOYSA-N', 'WQVJHHACXVLGBL-BPJDFBQWSA-N')"
benzalkonium,aztreonam,VVZBFOKBSDGVGZ-UHFFFAOYSA-N,WZPBZJONDBGPKJ-VEHQQRBSSA-N,"('VVZBFOKBSDGVGZ-UHFFFAOYSA-N', 'WZPBZJONDBGPKJ-VEHQQRBSSA-N')"
benzalkonium,triclosan,VVZBFOKBSDGVGZ-UHFFFAOYSA-N,XEFQLINVKFYRCS-UHFFFAOYSA-N,"('VVZBFOKBSDGVGZ-UHFFFAOYSA-N', 'XEFQLINVKFYRCS-UHFFFAOYSA-N')"
benzalkonium,tedizolid,VVZBFOKBSDGVGZ-UHFFFAOYSA-N,XFALPSLJIHVRKE-GFCCVEGCSA-N,"('VVZBFOKBSDGVGZ-UHFFFAOYSA-N', 'XFALPSLJIHVRKE-GFCCVEGCSA-N')"
benzalkonium,novobiocin,VVZBFOKBSDGVGZ-UHFFFAOYSA-N,YJQPYGGHQPGBLI-KGSXXDOSSA-N,"('VVZBFOKBSDGVGZ-UHFFFAOYSA-N', 'YJQPYGGHQPGBLI-KGSXXDOSSA-N')"
benzalkonium,colistin,VVZBFOKBSDGVGZ-UHFFFAOYSA-N,YKQOSKADJPQZHB-RGYSVOEGSA-N,"('VVZBFOKBSDGVGZ-UHFFFAOYSA-N', 'YKQOSKADJPQZHB-RGYSVOEGSA-N')"
fosfomycin,benzalkonium,YMDXZJFXQJVXBF-STHAYSLISA-N,VVZBFOKBSDGVGZ-UHFFFAOYSA-N,"('VVZBFOKBSDGVGZ-UHFFFAOYSA-N', 'YMDXZJFXQJVXBF-STHAYSLISA-N')"
benzalkonium,pyocyanin,VVZBFOKBSDGVGZ-UHFFFAOYSA-N,YNCMLFHHXWETLD-UHFFFAOYSA-N,"('VVZBFOKBSDGVGZ-UHFFFAOYSA-N', 'YNCMLFHHXWETLD-UHFFFAOYSA-N')"
benzalkonium,streptozotocin,VVZBFOKBSDGVGZ-UHFFFAOYSA-N,ZSJLQEPLLKMAKR-GKHCUFPYSA-N,"('VVZBFOKBSDGVGZ-UHFFFAOYSA-N', 'ZSJLQEPLLKMAKR-GKHCUFPYSA-N')"
chloramphenicol,clofazimine,WIIZWVCIJKGZOK-RKDXNWHRSA-N,WDQPAMHFFCXSNU-UHFFFAOYSA-N,"('WDQPAMHFFCXSNU-UHFFFAOYSA-N', 'WIIZWVCIJKGZOK-RKDXNWHRSA-N')"
clofazimine,pyocyanin,WDQPAMHFFCXSNU-UHFFFAOYSA-N,YNCMLFHHXWETLD-UHFFFAOYSA-N,"('WDQPAMHFFCXSNU-UHFFFAOYSA-N', 'YNCMLFHHXWETLD-UHFFFAOYSA-N')"
benzbromarone,egcg,WHQCHUCQKNIQEC-UHFFFAOYSA-N,WMBWREPUVVBILR-WIYYLYMNSA-N,"('WHQCHUCQKNIQEC-UHFFFAOYSA-N', 'WMBWREPUVVBILR-WIYYLYMNSA-N')"
chloramphenicol,tedizolid,WIIZWVCIJKGZOK-RKDXNWHRSA-N,XFALPSLJIHVRKE-GFCCVEGCSA-N,"('WIIZWVCIJKGZOK-RKDXNWHRSA-N', 'XFALPSLJIHVRKE-GFCCVEGCSA-N')"
chloramphenicol,metformin,WIIZWVCIJKGZOK-RKDXNWHRSA-N,XZWYZXLIPXDOLR-UHFFFAOYSA-N,"('WIIZWVCIJKGZOK-RKDXNWHRSA-N', 'XZWYZXLIPXDOLR-UHFFFAOYSA-N')"
chloramphenicol,berberine,WIIZWVCIJKGZOK-RKDXNWHRSA-N,YBHILYKTIRIUTE-UHFFFAOYSA-N,"('WIIZWVCIJKGZOK-RKDXNWHRSA-N', 'YBHILYKTIRIUTE-UHFFFAOYSA-N')"
chloramphenicol,novobiocin,WIIZWVCIJKGZOK-RKDXNWHRSA-N,YJQPYGGHQPGBLI-KGSXXDOSSA-N,"('WIIZWVCIJKGZOK-RKDXNWHRSA-N', 'YJQPYGGHQPGBLI-KGSXXDOSSA-N')"
chloramphenicol,colistin,WIIZWVCIJKGZOK-RKDXNWHRSA-N,YKQOSKADJPQZHB-RGYSVOEGSA-N,"('WIIZWVCIJKGZOK-RKDXNWHRSA-N', 'YKQOSKADJPQZHB-RGYSVOEGSA-N')"
chloramphenicol,fosfomycin,WIIZWVCIJKGZOK-RKDXNWHRSA-N,YMDXZJFXQJVXBF-STHAYSLISA-N,"('WIIZWVCIJKGZOK-RKDXNWHRSA-N', 'YMDXZJFXQJVXBF-STHAYSLISA-N')"
chloramphenicol,pyocyanin,WIIZWVCIJKGZOK-RKDXNWHRSA-N,YNCMLFHHXWETLD-UHFFFAOYSA-N,"('WIIZWVCIJKGZOK-RKDXNWHRSA-N', 'YNCMLFHHXWETLD-UHFFFAOYSA-N')"
chloramphenicol,cephalexin,WIIZWVCIJKGZOK-RKDXNWHRSA-N,ZAIPMKNFIOOWCQ-UEKVPHQBSA-N,"('WIIZWVCIJKGZOK-RKDXNWHRSA-N', 'ZAIPMKNFIOOWCQ-UEKVPHQBSA-N')"
chloramphenicol,chlorpromazine,WIIZWVCIJKGZOK-RKDXNWHRSA-N,ZPEIMTDSQAKGNT-UHFFFAOYSA-N,"('WIIZWVCIJKGZOK-RKDXNWHRSA-N', 'ZPEIMTDSQAKGNT-UHFFFAOYSA-N')"
chloramphenicol,streptozotocin,WIIZWVCIJKGZOK-RKDXNWHRSA-N,ZSJLQEPLLKMAKR-GKHCUFPYSA-N,"('WIIZWVCIJKGZOK-RKDXNWHRSA-N', 'ZSJLQEPLLKMAKR-GKHCUFPYSA-N')"
chloramphenicol,imipenem,WIIZWVCIJKGZOK-RKDXNWHRSA-N,ZSKVGTPCRGIANV-ZXFLCMHBSA-N,"('WIIZWVCIJKGZOK-RKDXNWHRSA-N', 'ZSKVGTPCRGIANV-ZXFLCMHBSA-N')"
minocycline,egcg,WTJXVDPDEQKTCV-VQAITOIOSA-N,WMBWREPUVVBILR-WIYYLYMNSA-N,"('WMBWREPUVVBILR-WIYYLYMNSA-N', 'WTJXVDPDEQKTCV-VQAITOIOSA-N')"
egcg,aztreonam,WMBWREPUVVBILR-WIYYLYMNSA-N,WZPBZJONDBGPKJ-VEHQQRBSSA-N,"('WMBWREPUVVBILR-WIYYLYMNSA-N', 'WZPBZJONDBGPKJ-VEHQQRBSSA-N')"
novobiocin,egcg,YJQPYGGHQPGBLI-KGSXXDOSSA-N,WMBWREPUVVBILR-WIYYLYMNSA-N,"('WMBWREPUVVBILR-WIYYLYMNSA-N', 'YJQPYGGHQPGBLI-KGSXXDOSSA-N')"
egcg,colistin,WMBWREPUVVBILR-WIYYLYMNSA-N,YKQOSKADJPQZHB-RGYSVOEGSA-N,"('WMBWREPUVVBILR-WIYYLYMNSA-N', 'YKQOSKADJPQZHB-RGYSVOEGSA-N')"
egcg,fosfomycin,WMBWREPUVVBILR-WIYYLYMNSA-N,YMDXZJFXQJVXBF-STHAYSLISA-N,"('WMBWREPUVVBILR-WIYYLYMNSA-N', 'YMDXZJFXQJVXBF-STHAYSLISA-N')"
egcg,pyocyanin,WMBWREPUVVBILR-WIYYLYMNSA-N,YNCMLFHHXWETLD-UHFFFAOYSA-N,"('WMBWREPUVVBILR-WIYYLYMNSA-N', 'YNCMLFHHXWETLD-UHFFFAOYSA-N')"
cephalexin,egcg,ZAIPMKNFIOOWCQ-UEKVPHQBSA-N,WMBWREPUVVBILR-WIYYLYMNSA-N,"('WMBWREPUVVBILR-WIYYLYMNSA-N', 'ZAIPMKNFIOOWCQ-UEKVPHQBSA-N')"
sulfamonomethoxine,minocycline,WMPXPUYPYQKQCX-UHFFFAOYSA-N,WTJXVDPDEQKTCV-VQAITOIOSA-N,"('WMPXPUYPYQKQCX-UHFFFAOYSA-N', 'WTJXVDPDEQKTCV-VQAITOIOSA-N')"
polymyxin b,triclosan,WQVJHHACXVLGBL-BPJDFBQWSA-N,XEFQLINVKFYRCS-UHFFFAOYSA-N,"('WQVJHHACXVLGBL-BPJDFBQWSA-N', 'XEFQLINVKFYRCS-UHFFFAOYSA-N')"
novobiocin,polymyxin b,YJQPYGGHQPGBLI-KGSXXDOSSA-N,WQVJHHACXVLGBL-BPJDFBQWSA-N,"('WQVJHHACXVLGBL-BPJDFBQWSA-N', 'YJQPYGGHQPGBLI-KGSXXDOSSA-N')"
minocycline,berberine,WTJXVDPDEQKTCV-VQAITOIOSA-N,YBHILYKTIRIUTE-UHFFFAOYSA-N,"('WTJXVDPDEQKTCV-VQAITOIOSA-N', 'YBHILYKTIRIUTE-UHFFFAOYSA-N')"
novobiocin,minocycline,YJQPYGGHQPGBLI-KGSXXDOSSA-N,WTJXVDPDEQKTCV-VQAITOIOSA-N,"('WTJXVDPDEQKTCV-VQAITOIOSA-N', 'YJQPYGGHQPGBLI-KGSXXDOSSA-N')"
minocycline,colistin,WTJXVDPDEQKTCV-VQAITOIOSA-N,YKQOSKADJPQZHB-RGYSVOEGSA-N,"('WTJXVDPDEQKTCV-VQAITOIOSA-N', 'YKQOSKADJPQZHB-RGYSVOEGSA-N')"
fosfomycin,minocycline,YMDXZJFXQJVXBF-STHAYSLISA-N,WTJXVDPDEQKTCV-VQAITOIOSA-N,"('WTJXVDPDEQKTCV-VQAITOIOSA-N', 'YMDXZJFXQJVXBF-STHAYSLISA-N')"
aztreonam,metformin,WZPBZJONDBGPKJ-VEHQQRBSSA-N,XZWYZXLIPXDOLR-UHFFFAOYSA-N,"('WZPBZJONDBGPKJ-VEHQQRBSSA-N', 'XZWYZXLIPXDOLR-UHFFFAOYSA-N')"
aztreonam,berberine,WZPBZJONDBGPKJ-VEHQQRBSSA-N,YBHILYKTIRIUTE-UHFFFAOYSA-N,"('WZPBZJONDBGPKJ-VEHQQRBSSA-N', 'YBHILYKTIRIUTE-UHFFFAOYSA-N')"
novobiocin,aztreonam,YJQPYGGHQPGBLI-KGSXXDOSSA-N,WZPBZJONDBGPKJ-VEHQQRBSSA-N,"('WZPBZJONDBGPKJ-VEHQQRBSSA-N', 'YJQPYGGHQPGBLI-KGSXXDOSSA-N')"
aztreonam,colistin,WZPBZJONDBGPKJ-VEHQQRBSSA-N,YKQOSKADJPQZHB-RGYSVOEGSA-N,"('WZPBZJONDBGPKJ-VEHQQRBSSA-N', 'YKQOSKADJPQZHB-RGYSVOEGSA-N')"
fosfomycin,aztreonam,YMDXZJFXQJVXBF-STHAYSLISA-N,WZPBZJONDBGPKJ-VEHQQRBSSA-N,"('WZPBZJONDBGPKJ-VEHQQRBSSA-N', 'YMDXZJFXQJVXBF-STHAYSLISA-N')"
aztreonam,pyocyanin,WZPBZJONDBGPKJ-VEHQQRBSSA-N,YNCMLFHHXWETLD-UHFFFAOYSA-N,"('WZPBZJONDBGPKJ-VEHQQRBSSA-N', 'YNCMLFHHXWETLD-UHFFFAOYSA-N')"
aztreonam,streptozotocin,WZPBZJONDBGPKJ-VEHQQRBSSA-N,ZSJLQEPLLKMAKR-GKHCUFPYSA-N,"('WZPBZJONDBGPKJ-VEHQQRBSSA-N', 'ZSJLQEPLLKMAKR-GKHCUFPYSA-N')"
aztreonam,imipenem,WZPBZJONDBGPKJ-VEHQQRBSSA-N,ZSKVGTPCRGIANV-ZXFLCMHBSA-N,"('WZPBZJONDBGPKJ-VEHQQRBSSA-N', 'ZSKVGTPCRGIANV-ZXFLCMHBSA-N')"
tedizolid,triclosan,XFALPSLJIHVRKE-GFCCVEGCSA-N,XEFQLINVKFYRCS-UHFFFAOYSA-N,"('XEFQLINVKFYRCS-UHFFFAOYSA-N', 'XFALPSLJIHVRKE-GFCCVEGCSA-N')"
novobiocin,triclosan,YJQPYGGHQPGBLI-KGSXXDOSSA-N,XEFQLINVKFYRCS-UHFFFAOYSA-N,"('XEFQLINVKFYRCS-UHFFFAOYSA-N', 'YJQPYGGHQPGBLI-KGSXXDOSSA-N')"
cephalexin,triclosan,ZAIPMKNFIOOWCQ-UEKVPHQBSA-N,XEFQLINVKFYRCS-UHFFFAOYSA-N,"('XEFQLINVKFYRCS-UHFFFAOYSA-N', 'ZAIPMKNFIOOWCQ-UEKVPHQBSA-N')"
imipenem,triclosan,ZSKVGTPCRGIANV-ZXFLCMHBSA-N,XEFQLINVKFYRCS-UHFFFAOYSA-N,"('XEFQLINVKFYRCS-UHFFFAOYSA-N', 'ZSKVGTPCRGIANV-ZXFLCMHBSA-N')"
fosfomycin,tedizolid,YMDXZJFXQJVXBF-STHAYSLISA-N,XFALPSLJIHVRKE-GFCCVEGCSA-N,"('XFALPSLJIHVRKE-GFCCVEGCSA-N', 'YMDXZJFXQJVXBF-STHAYSLISA-N')"
cephalexin,tedizolid,ZAIPMKNFIOOWCQ-UEKVPHQBSA-N,XFALPSLJIHVRKE-GFCCVEGCSA-N,"('XFALPSLJIHVRKE-GFCCVEGCSA-N', 'ZAIPMKNFIOOWCQ-UEKVPHQBSA-N')"
imipenem,tedizolid,ZSKVGTPCRGIANV-ZXFLCMHBSA-N,XFALPSLJIHVRKE-GFCCVEGCSA-N,"('XFALPSLJIHVRKE-GFCCVEGCSA-N', 'ZSKVGTPCRGIANV-ZXFLCMHBSA-N')"
novobiocin,metformin,YJQPYGGHQPGBLI-KGSXXDOSSA-N,XZWYZXLIPXDOLR-UHFFFAOYSA-N,"('XZWYZXLIPXDOLR-UHFFFAOYSA-N', 'YJQPYGGHQPGBLI-KGSXXDOSSA-N')"
fosfomycin,metformin,YMDXZJFXQJVXBF-STHAYSLISA-N,XZWYZXLIPXDOLR-UHFFFAOYSA-N,"('XZWYZXLIPXDOLR-UHFFFAOYSA-N', 'YMDXZJFXQJVXBF-STHAYSLISA-N')"
novobiocin,berberine,YJQPYGGHQPGBLI-KGSXXDOSSA-N,YBHILYKTIRIUTE-UHFFFAOYSA-N,"('YBHILYKTIRIUTE-UHFFFAOYSA-N', 'YJQPYGGHQPGBLI-KGSXXDOSSA-N')"
fosfomycin,berberine,YMDXZJFXQJVXBF-STHAYSLISA-N,YBHILYKTIRIUTE-UHFFFAOYSA-N,"('YBHILYKTIRIUTE-UHFFFAOYSA-N', 'YMDXZJFXQJVXBF-STHAYSLISA-N')"
pyocyanin,berberine,YNCMLFHHXWETLD-UHFFFAOYSA-N,YBHILYKTIRIUTE-UHFFFAOYSA-N,"('YBHILYKTIRIUTE-UHFFFAOYSA-N', 'YNCMLFHHXWETLD-UHFFFAOYSA-N')"
novobiocin,colistin,YJQPYGGHQPGBLI-KGSXXDOSSA-N,YKQOSKADJPQZHB-RGYSVOEGSA-N,"('YJQPYGGHQPGBLI-KGSXXDOSSA-N', 'YKQOSKADJPQZHB-RGYSVOEGSA-N')"
fosfomycin,novobiocin,YMDXZJFXQJVXBF-STHAYSLISA-N,YJQPYGGHQPGBLI-KGSXXDOSSA-N,"('YJQPYGGHQPGBLI-KGSXXDOSSA-N', 'YMDXZJFXQJVXBF-STHAYSLISA-N')"
novobiocin,pyocyanin,YJQPYGGHQPGBLI-KGSXXDOSSA-N,YNCMLFHHXWETLD-UHFFFAOYSA-N,"('YJQPYGGHQPGBLI-KGSXXDOSSA-N', 'YNCMLFHHXWETLD-UHFFFAOYSA-N')"
novobiocin,streptozotocin,YJQPYGGHQPGBLI-KGSXXDOSSA-N,ZSJLQEPLLKMAKR-GKHCUFPYSA-N,"('YJQPYGGHQPGBLI-KGSXXDOSSA-N', 'ZSJLQEPLLKMAKR-GKHCUFPYSA-N')"
novobiocin,imipenem,YJQPYGGHQPGBLI-KGSXXDOSSA-N,ZSKVGTPCRGIANV-ZXFLCMHBSA-N,"('YJQPYGGHQPGBLI-KGSXXDOSSA-N', 'ZSKVGTPCRGIANV-ZXFLCMHBSA-N')"
fosfomycin,colistin,YMDXZJFXQJVXBF-STHAYSLISA-N,YKQOSKADJPQZHB-RGYSVOEGSA-N,"('YKQOSKADJPQZHB-RGYSVOEGSA-N', 'YMDXZJFXQJVXBF-STHAYSLISA-N')"
imipenem,colistin,ZSKVGTPCRGIANV-ZXFLCMHBSA-N,YKQOSKADJPQZHB-RGYSVOEGSA-N,"('YKQOSKADJPQZHB-RGYSVOEGSA-N', 'ZSKVGTPCRGIANV-ZXFLCMHBSA-N')"
fosfomycin,pyocyanin,YMDXZJFXQJVXBF-STHAYSLISA-N,YNCMLFHHXWETLD-UHFFFAOYSA-N,"('YMDXZJFXQJVXBF-STHAYSLISA-N', 'YNCMLFHHXWETLD-UHFFFAOYSA-N')"
cephalexin,fosfomycin,ZAIPMKNFIOOWCQ-UEKVPHQBSA-N,YMDXZJFXQJVXBF-STHAYSLISA-N,"('YMDXZJFXQJVXBF-STHAYSLISA-N', 'ZAIPMKNFIOOWCQ-UEKVPHQBSA-N')"
fosfomycin,streptozotocin,YMDXZJFXQJVXBF-STHAYSLISA-N,ZSJLQEPLLKMAKR-GKHCUFPYSA-N,"('YMDXZJFXQJVXBF-STHAYSLISA-N', 'ZSJLQEPLLKMAKR-GKHCUFPYSA-N')"
fosfomycin,imipenem,YMDXZJFXQJVXBF-STHAYSLISA-N,ZSKVGTPCRGIANV-ZXFLCMHBSA-N,"('YMDXZJFXQJVXBF-STHAYSLISA-N', 'ZSKVGTPCRGIANV-ZXFLCMHBSA-N')"
cephalexin,pyocyanin,ZAIPMKNFIOOWCQ-UEKVPHQBSA-N,YNCMLFHHXWETLD-UHFFFAOYSA-N,"('YNCMLFHHXWETLD-UHFFFAOYSA-N', 'ZAIPMKNFIOOWCQ-UEKVPHQBSA-N')"
pyocyanin,streptozotocin,YNCMLFHHXWETLD-UHFFFAOYSA-N,ZSJLQEPLLKMAKR-GKHCUFPYSA-N,"('YNCMLFHHXWETLD-UHFFFAOYSA-N', 'ZSJLQEPLLKMAKR-GKHCUFPYSA-N')"
pyocyanin,imipenem,YNCMLFHHXWETLD-UHFFFAOYSA-N,ZSKVGTPCRGIANV-ZXFLCMHBSA-N,"('YNCMLFHHXWETLD-UHFFFAOYSA-N', 'ZSKVGTPCRGIANV-ZXFLCMHBSA-N')"
cephalexin,imipenem,ZAIPMKNFIOOWCQ-UEKVPHQBSA-N,ZSKVGTPCRGIANV-ZXFLCMHBSA-N,"('ZAIPMKNFIOOWCQ-UEKVPHQBSA-N', 'ZSKVGTPCRGIANV-ZXFLCMHBSA-N')"
imipenem,streptozotocin,ZSKVGTPCRGIANV-ZXFLCMHBSA-N,ZSJLQEPLLKMAKR-GKHCUFPYSA-N,"('ZSJLQEPLLKMAKR-GKHCUFPYSA-N', 'ZSKVGTPCRGIANV-ZXFLCMHBSA-N')"
